captured_at,warehouse,product_id,name,category,packaging,unit_size,size_format,unit_price,reference_price,reference_format
2026-09-26T15:29:09.962639+00:00,svq1,10005,Chocolate líquido a la taza Hacendado,Cacao soluble y chocolate a la taza,Brik,1.0,l,2.45,2.450,L
2026-09-26T15:29:09.962639+00:00,svq1,10043,Batido de chocolate 90% leche Puleva,Leche y bebidas vegetales,Pack-6,1.2,l,2.75,2.292,L
2026-09-26T15:29:09.962639+00:00,svq1,10050,Batido de chocolate Hacendado,Leche y bebidas vegetales,Pack-6,1.2,l,1.55,1.292,L
2026-09-26T15:29:09.962639+00:00,svq1,10051,Batido de vainilla Hacendado,Leche y bebidas vegetales,Pack-6,1.2,l,1.55,1.292,L
2026-09-26T15:29:09.962639+00:00,svq1,10054,Batido sabor fresa Hacendado,Leche y bebidas vegetales,Pack-6,1.2,l,1.55,1.292,L
2026-09-26T15:29:09.962639+00:00,svq1,10055,Batido de chocolate 90% leche Hacendado,Leche y bebidas vegetales,Pack-6,1.2,l,1.75,1.459,L
2026-09-26T15:29:09.962639+00:00,svq1,10066,Batido de chocolate ColaCao Energy,Leche y bebidas vegetales,Pack-4,0.752,l,2.85,3.790,L
2026-09-26T15:29:09.962639+00:00,svq1,10106,Fruta + leche caribe Don Simón sin azúcares añadidos y zero materia grasa,Fruta variada,,1.2,l,1.50,1.250,L
2026-09-26T15:29:09.962639+00:00,svq1,10117,Nata fresca para cocinar Hacendado,Mantequilla y margarina,Tarrina,0.197,kg,1.30,6.599,kg
2026-09-26T15:29:09.962639+00:00,svq1,10126,Fruta + leche tropical Bifrutas,Fruta variada,,1.2,l,2.59,2.159,L
2026-09-26T15:29:09.962639+00:00,svq1,10144,Leche semidesnatada calcio Puleva,Leche y bebidas vegetales,Pack-6,6.0,l,9.54,1.590,L
2026-09-26T15:29:09.962639+00:00,svq1,10145,Leche desnatada calcio Puleva,Leche y bebidas vegetales,Pack-6,6.0,l,9.54,1.590,L
2026-09-26T15:29:09.962639+00:00,svq1,10146,Bebida láctea Omega 3 Puleva con leche desnatada,Leche y bebidas vegetales,,6.0,l,11.34,1.890,L
2026-09-26T15:29:09.962639+00:00,svq1,10161,Nata ligera para cocinar Hacendado,Mantequilla y margarina,Brik,0.5,l,1.55,3.100,L
2026-09-26T15:29:09.962639+00:00,svq1,10199,Nata ligera para cocinar Hacendado,Mantequilla y margarina,Pack-3,0.6,l,1.85,3.084,L
2026-09-26T15:29:09.962639+00:00,svq1,10275,Nata para montar Hacendado,Mantequilla y margarina,Pack-3,0.6,l,2.25,3.750,L
2026-09-26T15:29:09.962639+00:00,svq1,10276,Nata para montar Hacendado,Mantequilla y margarina,Brik,0.5,l,1.95,3.900,L
2026-09-26T15:29:09.962639+00:00,svq1,10281,Bebida láctea Omega 3 Puleva con nueces y leche desnatada,Leche y bebidas vegetales,Pack-6,6.0,l,11.70,1.950,L
2026-09-26T15:29:09.962639+00:00,svq1,10282,Bebida láctea Omega 3 Puleva con nueces y leche desnatada,Leche y bebidas vegetales,Brik,1.0,l,1.95,1.950,L
2026-09-26T15:29:09.962639+00:00,svq1,10286,Dulce de leche Chimbote,Chocolate,Tarro,0.43,kg,2.71,6.303,kg
2026-09-26T15:29:09.962639+00:00,svq1,10320,Nata ligera para cocinar sin lactosa Hacendado,Mantequilla y margarina,Pack-3,0.6,l,2.40,4.000,L
2026-09-26T15:29:09.962639+00:00,svq1,10350,Café en cápsula extra fuerte Hacendado,Café cápsula y monodosis,Caja,0.104,kg,3.80,0.190,ud
2026-09-26T15:29:09.962639+00:00,svq1,10352,Café en cápsula espresso Hacendado,Café cápsula y monodosis,Caja,0.104,kg,3.80,0.190,ud
2026-09-26T15:29:09.962639+00:00,svq1,10355,Café en cápsula descafeinado Hacendado,Café cápsula y monodosis,Caja,0.104,kg,3.85,0.193,ud
2026-09-26T15:29:09.962639+00:00,svq1,10362,Fruta + leche tropical Bifrutas,Fruta variada,Pack-3,0.99,l,2.19,2.213,L
2026-09-26T15:29:09.962639+00:00,svq1,10376,Crema de soja Hacendado,Mantequilla y margarina,Brik,0.2,l,1.10,5.500,L
2026-09-26T15:29:09.962639+00:00,svq1,10379,Leche entera Hacendado,Leche y bebidas vegetales,Pack-6,6.0,l,5.76,0.960,L
2026-09-26T15:29:09.962639+00:00,svq1,10380,Leche entera Hacendado,Leche y bebidas vegetales,Brik,1.0,l,0.96,0.960,L
2026-09-26T15:29:09.962639+00:00,svq1,10381,Leche semidesnatada Hacendado,Leche y bebidas vegetales,,6.0,l,5.04,0.840,L
2026-09-26T15:29:09.962639+00:00,svq1,10382,Leche semidesnatada Hacendado,Leche y bebidas vegetales,Brik,1.0,l,0.84,0.840,L
2026-09-26T15:29:09.962639+00:00,svq1,10383,Leche desnatada Hacendado,Leche y bebidas vegetales,Pack-6,6.0,l,4.92,0.820,L
2026-09-26T15:29:09.962639+00:00,svq1,10384,Leche desnatada Hacendado,Leche y bebidas vegetales,Brik,1.0,l,0.82,0.820,L
2026-09-26T15:29:09.962639+00:00,svq1,10414,Leche en polvo desnatada Hacendado,Leche y bebidas vegetales,Paquete,0.7,kg,5.40,7.715,kg
2026-09-26T15:29:09.962639+00:00,svq1,10449,Crema de leche para café Campina,Café soluble y otras bebidas,Paquete,0.2,kg,1.40,7.000,L
2026-09-26T15:29:09.962639+00:00,svq1,10453,Mini burgers de vacuno y cerdo,Hamburguesas y picadas,Bandeja,0.28,kg,3.10,11.072,kg
2026-09-26T15:29:09.962639+00:00,svq1,10459,Masa filo,Harina y preparado repostería,Paquete,0.25,kg,1.95,7.800,kg
2026-09-26T15:29:09.962639+00:00,svq1,10467,Mini burgers de pollo,Hamburguesas y picadas,Bandeja,0.28,kg,2.90,10.358,kg
2026-09-26T15:29:09.962639+00:00,svq1,10502,Leche semidesnatada Asturiana,Leche y bebidas vegetales,Botella,1.5,l,1.79,1.194,L
2026-09-26T15:29:09.962639+00:00,svq1,10504,Leche entera Asturiana,Leche y bebidas vegetales,Pack-6,9.0,l,11.82,1.314,L
2026-09-26T15:29:09.962639+00:00,svq1,10505,Leche semidesnatada Asturiana,Leche y bebidas vegetales,Pack-6,9.0,l,10.74,1.194,L
2026-09-26T15:29:09.962639+00:00,svq1,10506,Leche entera Asturiana,Leche y bebidas vegetales,Botella,1.5,l,1.97,1.314,L
2026-09-26T15:29:09.962639+00:00,svq1,10533,Leche entera Hacendado,Leche y bebidas vegetales,Pack-6,9.0,l,9.36,1.040,L
2026-09-26T15:29:09.962639+00:00,svq1,10540,Leche entera Hacendado,Leche y bebidas vegetales,Botella,1.5,l,1.56,1.040,L
2026-09-26T15:29:09.962639+00:00,svq1,10541,Leche semidesnatada Hacendado,Leche y bebidas vegetales,Pack-6,9.0,l,8.70,0.967,L
2026-09-26T15:29:09.962639+00:00,svq1,10542,Leche semidesnatada Hacendado,Leche y bebidas vegetales,Botella,1.5,l,1.45,0.967,L
2026-09-26T15:29:09.962639+00:00,svq1,10543,Leche desnatada Hacendado,Leche y bebidas vegetales,Pack-6,9.0,l,8.52,0.947,L
2026-09-26T15:29:09.962639+00:00,svq1,10544,Leche desnatada Hacendado,Leche y bebidas vegetales,Botella,1.5,l,1.42,0.947,L
2026-09-26T15:29:09.962639+00:00,svq1,10545,Leche semidesnatada sin lactosa Hacendado,Leche y bebidas vegetales,Pack-6,9.0,l,9.72,1.080,L
2026-09-26T15:29:09.962639+00:00,svq1,10546,Leche semidesnatada sin lactosa Hacendado,Leche y bebidas vegetales,Botella,1.5,l,1.62,1.080,L
2026-09-26T15:29:09.962639+00:00,svq1,10642,Café con leche light sin lactosa Hacendado,Café soluble y otras bebidas,Vaso,0.25,l,0.75,3.000,L
2026-09-26T15:29:09.962639+00:00,svq1,10644,Café con leche espresso Hacendado,Café soluble y otras bebidas,Vaso,0.25,l,0.75,3.000,L
2026-09-26T15:29:09.962639+00:00,svq1,10666,Café con leche cappuccino Hacendado,Café soluble y otras bebidas,Vaso,0.25,l,0.75,3.000,L
2026-09-26T15:29:09.962639+00:00,svq1,10672,Café con leche descafeinado Hacendado,Café soluble y otras bebidas,Vaso,0.25,l,0.75,3.000,L
2026-09-26T15:29:09.962639+00:00,svq1,10676,Leche desnatada +Proteínas & calcio,Leche y bebidas vegetales,,6.0,l,8.10,1.350,L
2026-09-26T15:29:09.962639+00:00,svq1,10678,Leche desnatada +Proteínas & calcio,Leche y bebidas vegetales,Brik,1.0,l,1.35,1.350,L
2026-09-26T15:29:09.962639+00:00,svq1,10683,Leche semidesnatada calcio Hacendado,Leche y bebidas vegetales,Pack-6,6.0,l,6.30,1.050,L
2026-09-26T15:29:09.962639+00:00,svq1,10685,Leche semidesnatada calcio Hacendado,Leche y bebidas vegetales,Brik,1.0,l,1.05,1.050,L
2026-09-26T15:29:09.962639+00:00,svq1,10686,Leche desnatada calcio Hacendado,Leche y bebidas vegetales,Pack-6,6.0,l,6.12,1.020,L
2026-09-26T15:29:09.962639+00:00,svq1,10687,Leche desnatada calcio Hacendado,Leche y bebidas vegetales,Brik,1.0,l,1.02,1.020,L
2026-09-26T15:29:09.962639+00:00,svq1,10688,Bebida de avena con café Hacendado,Leche y bebidas vegetales,Vaso,0.25,l,0.90,3.600,L
2026-09-26T15:29:09.962639+00:00,svq1,10698,Leche entera sin lactosa Hacendado,Leche y bebidas vegetales,Pack-6,6.0,l,6.18,1.030,L
2026-09-26T15:29:09.962639+00:00,svq1,10699,Leche entera sin lactosa Hacendado,Leche y bebidas vegetales,Brik,1.0,l,1.03,1.030,L
2026-09-26T15:29:09.962639+00:00,svq1,10713,Leche semidesnatada calcio Puleva,Leche y bebidas vegetales,Brik,1.0,l,1.59,1.590,L
2026-09-26T15:29:09.962639+00:00,svq1,10721,Leche semidesnatada sin lactosa Hacendado,Leche y bebidas vegetales,,6.0,l,5.64,0.940,L
2026-09-26T15:29:09.962639+00:00,svq1,10722,Leche semidesnatada sin lactosa Hacendado,Leche y bebidas vegetales,Brik,1.0,l,0.94,0.940,L
2026-09-26T15:29:09.962639+00:00,svq1,10723,Bebida láctea crecimiento y desarrollo Puleva Max,Leche y bebidas vegetales,Brik,1.0,l,1.79,1.790,L
2026-09-26T15:29:09.962639+00:00,svq1,10726,Bebida láctea crecimiento y desarrollo Puleva Max,Leche y bebidas vegetales,Pack-6,6.0,l,10.74,1.790,L
2026-09-26T15:29:09.962639+00:00,svq1,10730,Leche desnatada sin lactosa Hacendado,Leche y bebidas vegetales,Pack-6,6.0,l,5.46,0.910,L
2026-09-26T15:29:09.962639+00:00,svq1,10731,Leche desnatada sin lactosa Hacendado,Leche y bebidas vegetales,Brik,1.0,l,0.91,0.910,L
2026-09-26T15:29:09.962639+00:00,svq1,10732,Leche semidesnatada sin lactosa Hacendado,Leche y bebidas vegetales,Pack-6,1.2,l,1.90,1.584,L
2026-09-26T15:29:09.962639+00:00,svq1,10781,Bebida láctea con cereales crecimiento y desarrollo Puleva Max,Leche y bebidas vegetales,Brik,1.0,l,1.89,1.890,L
2026-09-26T15:29:09.962639+00:00,svq1,10783,Leche entera Hacendado,Leche y bebidas vegetales,,1.2,l,1.71,1.425,L
2026-09-26T15:29:09.962639+00:00,svq1,10794,Leche semidesnatada Hacendado,Leche y bebidas vegetales,Pack-6,1.2,l,1.64,1.367,L
2026-09-26T15:29:09.962639+00:00,svq1,10806,Leche semidesnatada de cabra Hacendado,Leche y bebidas vegetales,,6.0,l,11.82,1.970,L
2026-09-26T15:29:09.962639+00:00,svq1,10812,Leche semidesnatada de cabra Hacendado,Leche y bebidas vegetales,Brik,1.0,l,1.97,1.970,L
2026-09-26T15:29:09.962639+00:00,svq1,10813,Leche desnatada calcio Puleva,Leche y bebidas vegetales,Brik,1.0,l,1.59,1.590,L
2026-09-26T15:29:09.962639+00:00,svq1,10814,Bebida láctea semidesnatada con fibra Hacendado,Leche y bebidas vegetales,Pack-6,6.0,l,7.80,1.300,L
2026-09-26T15:29:09.962639+00:00,svq1,10820,Bebida láctea con cereales crecimiento y desarrollo Puleva Max,Leche y bebidas vegetales,Pack-6,6.0,l,11.34,1.890,L
2026-09-26T15:29:09.962639+00:00,svq1,10826,Bebida láctea semidesnatada con fibra Hacendado,Leche y bebidas vegetales,Brik,1.0,l,1.30,1.300,L
2026-09-26T15:29:09.962639+00:00,svq1,10845,Bebida láctea desnatada omega 3 Hacendado,Leche y bebidas vegetales,Pack-6,6.0,l,7.02,1.170,L
2026-09-26T15:29:09.962639+00:00,svq1,10846,Bebida láctea desnatada omega 3 Hacendado,Leche y bebidas vegetales,Brik,1.0,l,1.17,1.170,L
2026-09-26T15:29:09.962639+00:00,svq1,10884,Bebida láctea Omega 3 Puleva con leche desnatada,Leche y bebidas vegetales,Brik,1.0,l,1.89,1.890,L
2026-09-26T15:29:09.962639+00:00,svq1,10922,Leche semidesnatada Hacendado,Leche y bebidas vegetales,Botella,1.0,l,1.09,1.090,L
2026-09-26T15:29:09.962639+00:00,svq1,10933,Leche entera Hacendado,Leche y bebidas vegetales,Botella,1.0,l,1.15,1.150,L
2026-09-26T15:29:09.962639+00:00,svq1,11076,Café en grano fuerte Hacendado,Café molido y en grano,Paquete,1.0,kg,10.00,10.000,kg
2026-09-26T15:29:09.962639+00:00,svq1,11097,Refresco té sabor mango y piña Hacendado,Refresco de té y sin gas,Botella,1.5,l,1.00,0.667,L
2026-09-26T15:29:09.962639+00:00,svq1,11101,Café soluble descafeinado Nescafé classic,Café soluble y otras bebidas,Tarro,0.2,kg,7.95,39.750,kg
2026-09-26T15:29:09.962639+00:00,svq1,11104,Café soluble descafeinado Nescafé classic,Café soluble y otras bebidas,Tarro,0.1,kg,5.40,54.000,kg
2026-09-26T15:29:09.962639+00:00,svq1,11111,Café soluble natural Nescafé classic,Café soluble y otras bebidas,Tarro,0.1,kg,5.40,54.000,kg
2026-09-26T15:29:09.962639+00:00,svq1,11123,Café soluble Espresso Creme Hacendado,Café soluble y otras bebidas,Bote,0.08,kg,2.90,36.250,kg
2026-09-26T15:29:09.962639+00:00,svq1,11136,Café soluble natural Nescafé classic,Café soluble y otras bebidas,Tarro,0.2,kg,7.95,39.750,kg
2026-09-26T15:29:09.962639+00:00,svq1,11168,Infusión Manzanilla Hacendado,Té e infusiones,Caja,0.027,kg,0.65,2.408,100 g
2026-09-26T15:29:09.962639+00:00,svq1,11171,Café molido fuerte Hacendado,Café molido y en grano,Paquete,0.25,kg,2.50,10.000,kg
2026-09-26T15:29:09.962639+00:00,svq1,11172,Café molido natural Hacendado,Café molido y en grano,Paquete,0.25,kg,2.50,10.000,kg
2026-09-26T15:29:09.962639+00:00,svq1,11175,Té verde con hierbabuena Hacendado,Té e infusiones,Caja,0.04,kg,1.35,3.375,100 g
2026-09-26T15:29:09.962639+00:00,svq1,11178,Café molido natural Hacendado,Café molido y en grano,Paquete,0.5,kg,4.50,9.000,kg
2026-09-26T15:29:09.962639+00:00,svq1,11187,Cereales solubles con achicoria Hacendado,Café soluble y otras bebidas,Bote,0.15,kg,2.15,14.334,kg
2026-09-26T15:29:09.962639+00:00,svq1,11307,Refresco té soluble limón Hacendado,Refresco de té y sin gas,Caja,0.036,kg,1.50,4.167,100 g
2026-09-26T15:29:09.962639+00:00,svq1,11319,Refresco té soluble melocotón Hacendado,Refresco de té y sin gas,Caja,0.036,kg,1.50,4.167,100 g
2026-09-26T15:29:09.962639+00:00,svq1,11400,Infusión Jengibre Hacendado,Té e infusiones,Caja,0.04,kg,1.35,3.375,100 g
2026-09-26T15:29:09.962639+00:00,svq1,11408,Infusión Relax Hacendado,Té e infusiones,Caja,0.03,kg,1.05,3.500,100 g
2026-09-26T15:29:09.962639+00:00,svq1,11415,Infusión Respir Hacendado,Té e infusiones,Caja,0.03,kg,1.40,4.667,100 g
2026-09-26T15:29:09.962639+00:00,svq1,11427,Infusión Dormir Hacendado,Té e infusiones,Caja,0.03,kg,1.05,3.500,100 g
2026-09-26T15:29:09.962639+00:00,svq1,11430,Infusión Manzanilla con anís Hacendado,Té e infusiones,Caja,0.026,kg,0.85,3.270,100 g
2026-09-26T15:29:09.962639+00:00,svq1,11431,Infusión Tila Hacendado,Té e infusiones,Caja,0.024,kg,0.85,3.542,100 g
2026-09-26T15:29:09.962639+00:00,svq1,11433,Té Chai Hacendado,Té e infusiones,Caja,0.04,kg,1.15,2.875,100 g
2026-09-26T15:29:09.962639+00:00,svq1,11438,Infusión Cúrcuma Hacendado con manzana y canela,Té e infusiones,Caja,0.034,kg,1.35,3.971,100 g
2026-09-26T15:29:09.962639+00:00,svq1,11447,Infusión Cola de caballo Hacendado,Té e infusiones,Caja,0.03,kg,1.05,3.500,100 g
2026-09-26T15:29:09.962639+00:00,svq1,11453,Infusión Tomillo Hacendado,Té e infusiones,Caja,0.024,kg,1.05,4.375,100 g
2026-09-26T15:29:09.962639+00:00,svq1,11454,Infusión Manzanilla sabor a miel Hacendado,Té e infusiones,Caja,0.026,kg,1.15,4.424,100 g
2026-09-26T15:29:09.962639+00:00,svq1,11468,Infusión Hinojo Hacendado,Té e infusiones,Caja,0.04,kg,1.05,2.625,100 g
2026-09-26T15:29:09.962639+00:00,svq1,11470,Infusión Laxsen sabor menta Hacendado,Té e infusiones,Caja,0.03,kg,1.05,3.500,100 g
2026-09-26T15:29:09.962639+00:00,svq1,11489,Recambio ambientador eléctrico Matcha Bosque Verde,Insecticida y ambientador,Caja,0.025,l,1.60,6.400,100 ml
2026-09-26T15:29:09.962639+00:00,svq1,11507,Lomo asado La Carloteña lonchas,Aves y jamón cocido,Paquete,0.125,kg,2.50,20.000,kg
2026-09-26T15:29:09.962639+00:00,svq1,11509,Bebida isotónica Zero sabor cítrico Iso drink,Isotónico y energético,Botella,1.5,l,1.00,0.667,L
2026-09-26T15:29:09.962639+00:00,svq1,11511,Carne de cerdo Pulled Pork Hacendado sabor barbacoa,Platos preparados calientes,Bandeja,0.2,kg,2.50,12.500,kg
2026-09-26T15:29:09.962639+00:00,svq1,11513,Cocktail frutos secos Rodeo Hacendado,Frutos secos y fruta desecada,Paquete,0.3,kg,1.70,5.667,kg
2026-09-26T15:29:09.962639+00:00,svq1,11516,Salchichas cocidas de cerdo Hacendado estilo parrillero,Bacón y salchichas,Paquete,0.3,kg,2.60,8.667,kg
2026-09-26T15:29:09.962639+00:00,svq1,11522,Snack Balls sabor queso Hacendado,Patatas fritas y snacks,Paquete,0.1,kg,1.00,10.000,kg
2026-09-26T15:29:09.962639+00:00,svq1,11523,Velas de cumpleaños Hacendado,Velas y decoración,Paquete,1.0,ud,1.40,0.140,ud
2026-09-26T15:29:09.962639+00:00,svq1,11529,Vela de cumpleaños 0 Hacendado,Velas y decoración,Paquete,1.0,ud,1.25,1.250,ud
2026-09-26T15:29:09.962639+00:00,svq1,11530,Vela de cumpleaños 1 Hacendado,Velas y decoración,Paquete,1.0,ud,1.25,1.250,ud
2026-09-26T15:29:09.962639+00:00,svq1,11531,Vela de cumpleaños 2 Hacendado,Velas y decoración,Paquete,1.0,ud,1.25,1.250,ud
2026-09-26T15:29:09.962639+00:00,svq1,11532,Vela de cumpleaños 3 Hacendado,Velas y decoración,Paquete,1.0,ud,1.25,1.250,ud
2026-09-26T15:29:09.962639+00:00,svq1,11533,Vela de cumpleaños 4 Hacendado,Velas y decoración,Paquete,1.0,ud,1.25,1.250,ud
2026-09-26T15:29:09.962639+00:00,svq1,11534,Vela de cumpleaños 5 Hacendado,Velas y decoración,Paquete,1.0,ud,1.25,1.250,ud
2026-09-26T15:29:09.962639+00:00,svq1,11535,Vela de cumpleaños 6 Hacendado,Velas y decoración,Paquete,1.0,ud,1.25,1.250,ud
2026-09-26T15:29:09.962639+00:00,svq1,11536,Vela de cumpleaños 7 Hacendado,Velas y decoración,Paquete,1.0,ud,1.25,1.250,ud
2026-09-26T15:29:09.962639+00:00,svq1,11537,Vela de cumpleaños 8 Hacendado,Velas y decoración,Paquete,1.0,ud,1.25,1.250,ud
2026-09-26T15:29:09.962639+00:00,svq1,11538,Vela de cumpleaños 9 Hacendado,Velas y decoración,Paquete,1.0,ud,1.25,1.250,ud
2026-09-26T15:29:09.962639+00:00,svq1,11550,Mayonesa Hacendado,"Mayonesa, ketchup y mostaza",Bote,0.49,l,1.40,2.858,L
2026-09-26T15:29:09.962639+00:00,svq1,11551,Salsa Light Hacendado,"Mayonesa, ketchup y mostaza",Bote,0.49,l,1.35,2.756,L
2026-09-26T15:29:09.962639+00:00,svq1,11552,Salsa Cocktail Hacendado,Otras salsas,Bote,0.49,l,1.50,3.062,L
2026-09-26T15:29:09.962639+00:00,svq1,11553,Pañales bebé talla 1 Dodot Sensitive de 2-5 kg,Toallitas y pañales,Paquete,58.0,ud,16.95,0.293,ud
2026-09-26T15:29:09.962639+00:00,svq1,11556,Pañales bebé talla 6 Dodot de 13-18 kg,Toallitas y pañales,Paquete,48.0,ud,18.95,0.395,ud
2026-09-26T15:29:09.962639+00:00,svq1,11565,Pepinillos en vinagre Hacendado,Aceitunas y encurtidos,Tarro,0.42,kg,1.45,6.305,kg
2026-09-26T15:29:09.962639+00:00,svq1,11567,"Leche corporal nutritiva Nivea con ácido hialurónico, aceite de almendras y sérum de nutrición profunda",Cuidado corporal,Bote,0.4,l,4.95,1.238,100 ml
2026-09-26T15:29:09.962639+00:00,svq1,11583,Vino tinto Fariña DO Gran Dama de Toro,Vino tinto,Botella,0.75,l,6.85,9.134,L
2026-09-26T15:29:09.962639+00:00,svq1,11585,Champú Anticaída Fortificante Deliplus,Champú,Bote,0.4,l,1.90,0.475,100 ml
2026-09-26T15:29:09.962639+00:00,svq1,11586,Sérum Anticaída Fortificante Deliplus,Acondicionador y mascarilla,Bote,0.1,l,6.00,6.000,100 ml
2026-09-26T15:29:09.962639+00:00,svq1,11600,Topping de chocolate avellana Hacendado,Velas y decoración,Bote,0.3,kg,2.55,8.500,kg
2026-09-26T15:29:09.962639+00:00,svq1,11606,Preservativos natural On,Parafarmacia,Caja,1.0,ud,3.00,0.250,ud
2026-09-26T15:29:09.962639+00:00,svq1,11607,Preservativos sensitive On,Parafarmacia,Caja,1.0,ud,3.20,0.267,ud
2026-09-26T15:29:09.962639+00:00,svq1,11609,Cacao en polvo a la taza Hacendado,Cacao soluble y chocolate a la taza,Paquete,0.4,kg,1.85,4.625,kg
2026-09-26T15:29:09.962639+00:00,svq1,11617,Wok de verduras Hacendado ultracongelado,Fruta y verdura,Paquete,0.45,kg,1.90,4.223,kg
2026-09-26T15:29:09.962639+00:00,svq1,11620,"Cerveza sin gluten 0,0% sin alcohol tostada Mahou",Cerveza sin alcohol,,2.64,l,6.48,2.455,L
2026-09-26T15:29:09.962639+00:00,svq1,11621,"Cerveza sin gluten 0,0% sin alcohol tostada Mahou",Cerveza sin alcohol,Lata,0.33,l,0.86,2.607,L
2026-09-26T15:29:09.962639+00:00,svq1,11628,Crema de lentejas Hacendado,Gazpacho y cremas,Bol,0.35,kg,1.70,4.858,kg
2026-09-26T15:29:09.962639+00:00,svq1,11629,Sérum facial aceite Licopeno Anti Ox ilumina y unifica,Cuidado e higiene facial,Frasco,0.03,l,4.00,13.334,100 ml
2026-09-26T15:29:09.962639+00:00,svq1,11630,Crema de avellanas y cacao Hacendado,Chocolate,Bote,0.4,kg,2.35,5.875,kg
2026-09-26T15:29:09.962639+00:00,svq1,11636,Sombra de ojos Long Lasting Deliplus Multi-Stick 01 iluminador,Ojos,,1.0,ud,4.00,4.000,ud
2026-09-26T15:29:09.962639+00:00,svq1,11638,Sombra de ojos Long Lasting Deliplus Multi-Stick 03 rose oscuro,Ojos,,1.0,ud,4.00,4.000,ud
2026-09-26T15:29:09.962639+00:00,svq1,11641,Sombra de ojos Long Lasting Deliplus Multi-Stick 06 bronce,Ojos,,1.0,ud,4.00,4.000,ud
2026-09-26T15:29:09.962639+00:00,svq1,11643,Sombra de ojos Long Lasting Deliplus Multi-Stick 08 chocolate,Ojos,,1.0,ud,4.00,4.000,ud
2026-09-26T15:29:09.962639+00:00,svq1,11646,Sopa de pollo Hacendado con fideos finos,Sopa y caldo,Sobre,0.072,kg,0.55,7.639,kg
2026-09-26T15:29:09.962639+00:00,svq1,11653,Toallitas íntimas monodosis Deliplus,Higiene íntima,Caja,1.0,ud,1.00,0.100,ud
2026-09-26T15:29:09.962639+00:00,svq1,11657,3 Bocadillos,Pan de horno,Bolsa,0.39,kg,1.10,2.821,kg
2026-09-26T15:29:09.962639+00:00,svq1,11661,Suavizante ropa Violets Bosque Verde concentrado,Detergente y suavizante ropa,Botella,1.6,l,1.80,0.023,lv
2026-09-26T15:29:09.962639+00:00,svq1,11664,Detergente ropa Frescura Bosque Verde líquido,Detergente y suavizante ropa,Botella,3.0,l,3.50,0.070,lv
2026-09-26T15:29:09.962639+00:00,svq1,11669,Patatas bravas con mayonesa y salsa picante Hacendado,Platos preparados calientes,Bandeja,0.47,kg,2.60,5.532,kg
2026-09-26T15:29:09.962639+00:00,svq1,11671,Queso viejo ahumado de oveja Hacendado cortado en cuñitas,"Queso curado, semicurado y tierno",Pieza,0.33,kg,6.83,20.700,kg
2026-09-26T15:29:09.962639+00:00,svq1,11672,Queso semicurado de oveja Hacendado cortado en cuñitas,"Queso curado, semicurado y tierno",Pieza,0.28,kg,4.14,14.800,kg
2026-09-26T15:29:09.962639+00:00,svq1,11680,Queso añejo fuerte de oveja Hacendado cortado en cuñitas,"Queso curado, semicurado y tierno",Pieza,0.33,kg,6.96,21.100,kg
2026-09-26T15:29:09.962639+00:00,svq1,11681,Molde de papel Bosque Verde para freidora de aire 20 cm,Menaje y conservación de alimentos,Paquete,50.0,ud,2.50,0.050,ud
2026-09-26T15:29:09.962639+00:00,svq1,11682,Queso curado mezcla afrutado Hacendado cortado en cuñitas,"Queso curado, semicurado y tierno",Pieza,0.33,kg,4.62,14.000,kg
2026-09-26T15:29:09.962639+00:00,svq1,11684,Crema para untar de jamón york Iberitos,Paté y sobrasada,Lata,0.25,kg,2.40,9.600,kg
2026-09-26T15:29:09.962639+00:00,svq1,11687,Empanados de pollo picantes sin gluten,Aves y pollo,Bandeja,0.36,kg,3.10,8.612,kg
2026-09-26T15:29:09.962639+00:00,svq1,11688,Refresco té sabor limón Fuze Tea,Refresco de té y sin gas,Botella,1.5,l,1.49,0.994,L
2026-09-26T15:29:09.962639+00:00,svq1,11690,Refresco té sabor limón Fuze Tea,Refresco de té y sin gas,,2.64,l,6.80,2.576,L
2026-09-26T15:29:09.962639+00:00,svq1,11691,Refresco té sabor limón Fuze Tea,Refresco de té y sin gas,Lata,0.33,l,0.99,3.000,L
2026-09-26T15:29:09.962639+00:00,svq1,11714,Café molido natural Hacendado Espresso,Café molido y en grano,Paquete,0.25,kg,3.45,13.800,kg
2026-09-26T15:29:09.962639+00:00,svq1,11715,Café molido Colombia Hacendado,Café molido y en grano,Paquete,0.25,kg,3.70,14.800,kg
2026-09-26T15:29:09.962639+00:00,svq1,11770,Café monodosis natural Hacendado,Café cápsula y monodosis,Paquete,0.224,kg,3.00,0.094,ud
2026-09-26T15:29:09.962639+00:00,svq1,11777,Café monodosis descafeinado natural Hacendado,Café cápsula y monodosis,Paquete,0.224,kg,3.30,0.104,ud
2026-09-26T15:29:09.962639+00:00,svq1,11785,Café en cápsula cortado Dolce Gusto,Café cápsula y monodosis,Caja,0.1008,kg,4.95,0.310,ud
2026-09-26T15:29:09.962639+00:00,svq1,11801,Café con leche en cápsula Dolce Gusto,Café cápsula y monodosis,Caja,0.16,kg,4.95,0.310,ud
2026-09-26T15:29:09.962639+00:00,svq1,11853,Café molido natural Saimaza,Café molido y en grano,Paquete,0.25,kg,3.95,15.800,kg
2026-09-26T15:29:09.962639+00:00,svq1,11854,Café molido mezcla Saimaza,Café molido y en grano,Paquete,0.25,kg,3.95,15.800,kg
2026-09-26T15:29:09.962639+00:00,svq1,11855,Café molido descafeinado natural Saimaza,Café molido y en grano,Paquete,0.25,kg,4.40,17.600,kg
2026-09-26T15:29:09.962639+00:00,svq1,11869,Café en cápsula descafeinado espresso intenso Dolce Gusto,Café cápsula y monodosis,Caja,0.0992,kg,4.95,0.310,ud
2026-09-26T15:29:09.962639+00:00,svq1,11871,Café con leche en cápsula Tassimo,Café cápsula y monodosis,Paquete,0.184,kg,5.89,0.369,ud
2026-09-26T15:29:09.962639+00:00,svq1,11873,Café en cápsula espresso Tassimo,Café cápsula y monodosis,Paquete,0.118,kg,5.89,0.369,ud
2026-09-26T15:29:09.962639+00:00,svq1,11918,Café en cápsula ristretto napoli Dolce Gusto,Café cápsula y monodosis,Caja,0.128,kg,4.95,0.310,ud
2026-09-26T15:29:09.962639+00:00,svq1,11925,Fruta + leche piña y coco Hacendado sin azúcares añadidos,Fruta variada,,1.2,l,1.25,1.042,L
2026-09-26T15:29:09.962639+00:00,svq1,11931,Café en cápsula espresso intenso Dolce Gusto,Café cápsula y monodosis,Caja,0.112,kg,4.95,0.310,ud
2026-09-26T15:29:09.962639+00:00,svq1,11933,Polvos voluminizador para el cabello Volum Fix Deliplus mate fijación 4,Fijación cabello,Bote,0.01,kg,3.95,39.500,100 g
2026-09-26T15:29:09.962639+00:00,svq1,11934,Pasta tiburón Mac & Cheese Hacendado con salsa de queso,Platos preparados calientes,Paquete,0.19,kg,1.30,6.843,kg
2026-09-26T15:29:09.962639+00:00,svq1,11941,Crema facial Antiarrugas y Reafirmante Men care Deliplus ácido hialurónico y matrixyl,Cuidado e higiene facial,Bote,0.05,l,5.00,10.000,100 ml
2026-09-26T15:29:09.962639+00:00,svq1,11958,Corazones de alcachofa Hacendado,Conservas de verdura y frutas,Tarro,0.43,kg,2.15,8.776,kg
2026-09-26T15:29:09.962639+00:00,svq1,11959,Desodorante roll-on Avena Deliplus antitranspirante,Desodorante,,0.05,l,0.90,1.800,100 ml
2026-09-26T15:29:09.962639+00:00,svq1,11960,Almendra tostada y salada Hacendado con piel,Frutos secos y fruta desecada,Paquete,0.2,kg,2.40,12.000,kg
2026-09-26T15:29:09.962639+00:00,svq1,11963,Snack nuggets 80% pollo perro adulto Compy,Perro,Paquete,0.08,kg,1.35,16.875,kg
2026-09-26T15:29:09.962639+00:00,svq1,11966,Mojama de atún extra Hacendado lonchas,Salazones y ahumados,Paquete,0.05,kg,3.50,70.000,kg
2026-09-26T15:29:09.962639+00:00,svq1,11967,Bolsas de basura 50L Bosque Verde perfumadas,Pilas y bolsas de basura,Paquete,1.0,ud,2.25,0.113,ud
2026-09-26T15:29:09.962639+00:00,svq1,11968,Vino blanco Chardonnay Mar de Uvas,Vino blanco,Botella,0.75,l,2.25,3.000,L
2026-09-26T15:29:09.962639+00:00,svq1,11969,Mortadela de pavo Hacendado finas lonchas,Chopped y mortadela,Paquete,0.2,kg,1.50,7.500,kg
2026-09-26T15:29:09.962639+00:00,svq1,11971,Sazonador ajo y limón Hacendado para carne y pescado,Especias,Sobre,0.03,kg,1.05,3.500,100 g
2026-09-26T15:29:09.962639+00:00,svq1,11972,Sazonador hierbas provenzales Hacendado para pollo y costillas,Especias,Sobre,0.024,kg,1.05,4.375,100 g
2026-09-26T15:29:09.962639+00:00,svq1,11973,Mortadela de pavo con aceitunas Hacendado finas lonchas,Chopped y mortadela,Paquete,0.2,kg,1.50,7.500,kg
2026-09-26T15:29:09.962639+00:00,svq1,11984,Desodorante roll-on Fashion Seda Deliplus antitranspirante,Desodorante,,0.05,l,0.90,1.800,100 ml
2026-09-26T15:29:09.962639+00:00,svq1,11985,Desodorante roll-on Invisible men Deliplus antitranspirante,Desodorante,,0.05,l,0.90,1.800,100 ml
2026-09-26T15:29:09.962639+00:00,svq1,11986,Desodorante roll-on Invisible Deliplus antitranspirante,Desodorante,,0.05,l,0.90,1.800,100 ml
2026-09-26T15:29:09.962639+00:00,svq1,11994,Lasaña de pollo Hacendado,Platos preparados calientes,Bandeja,0.35,kg,2.75,7.858,kg
2026-09-26T15:29:09.962639+00:00,svq1,12016,Chocolate con leche Milka galleta,Chocolate,Tableta,0.3,kg,3.95,13.167,kg
2026-09-26T15:29:09.962639+00:00,svq1,12018,Chocolate con leche Milka galleta Oreo,Chocolate,Tableta,0.3,kg,2.95,9.834,kg
2026-09-26T15:29:09.962639+00:00,svq1,12020,Cacahuetes Chocoiris Hacendado bañados de chocolate con leche coloreados,Chocolate,Paquete,0.18,kg,1.90,10.556,kg
2026-09-26T15:29:09.962639+00:00,svq1,12033,Cerveza especial Steinburg,Cerveza,,3.96,l,4.20,1.061,L
2026-09-26T15:29:09.962639+00:00,svq1,12036,Cerveza especial Steinburg,Cerveza,Lata,0.33,l,0.35,1.061,L
2026-09-26T15:29:09.962639+00:00,svq1,12037,Chocolate extrafino con leche Hacendado almendras enteras,Chocolate,Tableta,0.2,kg,2.00,10.000,kg
2026-09-26T15:29:09.962639+00:00,svq1,12049.1,Pan integral trigo 100%,Pan de horno,,0.35,kg,1.50,4.286,kg
2026-09-26T15:29:09.962639+00:00,svq1,12049.2,Pan integral de trigo 100% rebanado,Pan de horno,,0.35,kg,1.50,4.286,kg
2026-09-26T15:29:09.962639+00:00,svq1,12051,Algodón hidrófilo 100% zig-zag hipoalergénico Deliplus,Parafarmacia,Paquete,0.1,kg,1.20,1.200,100 g
2026-09-26T15:29:09.962639+00:00,svq1,12055,Vino blanco Croft Twist,Vino blanco,Botella,0.75,l,8.00,10.667,L
2026-09-26T15:29:09.962639+00:00,svq1,12056,Carbón vegetal Bosque Verde,Menaje y conservación de alimentos,Paquete,2.5,kg,4.25,1.700,kg
2026-09-26T15:29:09.962639+00:00,svq1,12073,Chorizo Pamplona extra Hacendado lonchas,Embutido curado,,0.24,kg,1.75,7.292,kg
2026-09-26T15:29:09.962639+00:00,svq1,12076,Lavavajillas Todo en 1 Fairy en pastillas,Limpieza vajilla,Paquete,0.473,kg,5.85,0.168,lv
2026-09-26T15:29:09.962639+00:00,svq1,12083,Pizza carnívora Hacendado,Pizzas,,0.6,kg,3.40,5.667,kg
2026-09-26T15:29:09.962639+00:00,svq1,12084,Chorizo picante extra Hacendado lonchas,Embutido curado,,0.24,kg,2.40,10.000,kg
2026-09-26T15:29:09.962639+00:00,svq1,12086,Salchichón extra Hacendado lonchas,Embutido curado,,0.2,kg,2.45,12.250,kg
2026-09-26T15:29:09.962639+00:00,svq1,12087,Paleta sombras de ojos Deliplus 07 marrones,Ojos,,0.004,kg,4.00,4.000,ud
2026-09-26T15:29:09.962639+00:00,svq1,12089,Paleta sombras de ojos Deliplus 09 borgoñas,Ojos,,0.004,kg,4.00,4.000,ud
2026-09-26T15:29:09.962639+00:00,svq1,12091,Paleta sombras de ojos Deliplus 11 verdes,Ojos,,0.004,kg,4.00,4.000,ud
2026-09-26T15:29:09.962639+00:00,svq1,12094,Disquitos Pintarolas de chocolate con leche coloreados,Chocolate,Paquete,0.2,kg,2.00,10.000,kg
2026-09-26T15:29:09.962639+00:00,svq1,12107,Chocolate con leche Valor almendras enteras,Chocolate,Tableta,0.25,kg,3.95,15.800,kg
2026-09-26T15:29:09.962639+00:00,svq1,12126,Chocolate puro Valor,Chocolate,Tableta,0.3,kg,4.95,16.500,kg
2026-09-26T15:29:09.962639+00:00,svq1,12130,Chocolate puro Valor con almendras enteras,Chocolate,Tableta,0.25,kg,3.95,15.800,kg
2026-09-26T15:29:09.962639+00:00,svq1,12151,Chocolate con leche Milka,Chocolate,Tableta,0.15,kg,1.65,11.000,kg
2026-09-26T15:29:09.962639+00:00,svq1,12282,Lomo de pavo Hacendado lonchas,Embutido curado,,0.125,kg,3.20,25.600,kg
2026-09-26T15:29:09.962639+00:00,svq1,12347,Cacahuetes Hacendado chocolate con leche,Chocolate,Paquete,0.25,kg,2.05,8.200,kg
2026-09-26T15:29:09.962639+00:00,svq1,12348,Cacahuetes Hacendado chocolate negro,Chocolate,Paquete,0.25,kg,2.05,8.200,kg
2026-09-26T15:29:09.962639+00:00,svq1,12362,Huevos sorpresa de chocolate Hacendado dibujo,Chocolate,Caja,0.06,kg,1.90,31.667,kg
2026-09-26T15:29:09.962639+00:00,svq1,12421,Huevo sorpresa de chocolate Hacendado,Chocolate,,0.05,kg,1.65,33.000,kg
2026-09-26T15:29:09.962639+00:00,svq1,12471,Bombones delicias de avellana Delizze Hacendado,Chocolate,Caja,0.216,kg,4.20,19.445,kg
2026-09-26T15:29:09.962639+00:00,svq1,12476,Chocolate blanco Hacendado,Chocolate,Tableta,0.1,kg,1.10,11.000,kg
2026-09-26T15:29:09.962639+00:00,svq1,12493,Porciones de Chocolate negro 85% cacao extrafino Hacendado,Chocolate,Paquete,0.2,kg,3.50,17.500,kg
2026-09-26T15:29:09.962639+00:00,svq1,12495,Porciones de chocolate negro 72% cacao extrafino Hacendado,Chocolate,Paquete,0.2,kg,3.25,16.250,kg
2026-09-26T15:29:09.962639+00:00,svq1,12509,Barritas de barquillo Tokke original,Chocolate,Paquete,0.141,kg,1.50,10.639,kg
2026-09-26T15:29:09.962639+00:00,svq1,12524,Chocolate negro 85% cacao extrafino y edulcorante Hacendado 0% azúcares añadidos,Chocolate,Tableta,0.1,kg,2.30,23.000,kg
2026-09-26T15:29:09.962639+00:00,svq1,12526,Barritas de barquillo Huesitos bañadas de chocolate con leche,Chocolate,Paquete,0.2,kg,1.95,9.750,kg
2026-09-26T15:29:09.962639+00:00,svq1,12530,Chocolate negro 70% cacao fundir Hacendado 0% azúcares añadidos,Chocolate,Tableta,0.2,kg,3.25,16.250,kg
2026-09-26T15:29:09.962639+00:00,svq1,12531,Chocolate negro fundir Hacendado,Chocolate,Tableta,0.2,kg,2.25,11.250,kg
2026-09-26T15:29:09.962639+00:00,svq1,12533,Chocolate con leche fundir Hacendado,Chocolate,Tableta,0.2,kg,2.25,11.250,kg
2026-09-26T15:29:09.962639+00:00,svq1,12543,Chocolate blanco fundir Hacendado,Chocolate,Tableta,0.2,kg,2.25,11.250,kg
2026-09-26T15:29:09.962639+00:00,svq1,12544,Gotas de chocolate negro para fundir Hacendado,Chocolate,Paquete,0.25,kg,2.75,11.000,kg
2026-09-26T15:29:09.962639+00:00,svq1,12562,Chocolate con leche extrafino Nestlé,Chocolate,Tableta,0.125,kg,1.50,12.000,kg
2026-09-26T15:29:09.962639+00:00,svq1,12586,99% cacao negro Hacendado,Chocolate,Tableta,0.1,kg,2.50,25.000,kg
2026-09-26T15:29:09.962639+00:00,svq1,12753,"Bebida láctea sabor fresa y plátano +Proteínas 17,4 g 0% MG 0% azúcares añadidos",Yogures líquidos,Botella,1.0,kg,2.50,2.500,L
2026-09-26T15:29:09.962639+00:00,svq1,12754,Cuchillas para perfilar cejas y vello facial Deliplus,Depilación,Paquete,3.0,ud,2.80,2.800,ud
2026-09-26T15:29:09.962639+00:00,svq1,12756,Arroz con verduras para microondas Hacendado ultracongelado,Arroz y pasta,Paquete,0.8,kg,2.00,2.500,kg
2026-09-26T15:29:09.962639+00:00,svq1,12764,Aceitunas verdes rellenas de anchoa Hacendado,Aceitunas y encurtidos,Bote,0.83,kg,3.35,9.572,kg
2026-09-26T15:29:09.962639+00:00,svq1,12766,Caramelos sabor lima Hacendado 0% azúcares,Chicles y caramelos,Paquete,0.093,kg,1.60,17.205,kg
2026-09-26T15:29:09.962639+00:00,svq1,12771,Caramelos sabor eucalipto y mentol Hacendado 0% azúcares,Chicles y caramelos,Paquete,0.093,kg,1.60,17.205,kg
2026-09-26T15:29:09.962639+00:00,svq1,12779,Tiras adhesivas protectoras de poliuretano Aqua Deliplus surtidas resistentes al agua,Parafarmacia,Caja,1.0,ud,1.30,0.109,ud
2026-09-26T15:29:09.962639+00:00,svq1,12782,Arroz marinera Hacendado ultracongelado,Arroz y pasta,Paquete,0.35,kg,2.20,6.286,kg
2026-09-26T15:29:09.962639+00:00,svq1,12784,Focaccia con tomates cherry Hacendado,Pizzas,Paquete,0.16,kg,1.95,12.188,kg
2026-09-26T15:29:09.962639+00:00,svq1,1279,Chorizo fresco Ibérico,Embutido,Bandeja,0.28,kg,3.11,11.100,kg
2026-09-26T15:29:09.962639+00:00,svq1,12792,Chuletas lomo de cerdo finas,Cerdo,Bandeja,0.45,kg,3.11,6.900,kg
2026-09-26T15:29:09.962639+00:00,svq1,12793,Filetes secreto de cerdo,Cerdo,Bandeja,0.47,kg,3.24,6.900,kg
2026-09-26T15:29:09.962639+00:00,svq1,12794,Filetes de caballa del sur contenido reducido en sal Hacendado en aceite de oliva,Atún y otras conservas de pescado,,0.24,kg,3.20,18.824,kg
2026-09-26T15:29:09.962639+00:00,svq1,12809,Bizcocho de cacao,Bollería de horno,Paquete,0.41,kg,3.20,7.805,kg
2026-09-26T15:29:09.962639+00:00,svq1,12818,Kit de viaje higiene dental Deliplus,Higiene bucal,,1.0,ud,2.45,2.450,ud
2026-09-26T15:29:09.962639+00:00,svq1,12819,Colorete fluido Blush mate Deliplus 01 rosa amarronado,Colorete y polvos,,0.012,l,4.75,4.750,ud
2026-09-26T15:29:09.962639+00:00,svq1,12821,Helado duo brownie Hacendado sabor vainilla con trozos de bizcocho,Helados,Bote,0.5,l,3.35,6.700,L
2026-09-26T15:29:09.962639+00:00,svq1,12825,Colorete fluido Blush mate Deliplus 02 coral,Colorete y polvos,,0.012,l,4.75,4.750,ud
2026-09-26T15:29:09.962639+00:00,svq1,12826,Crema facial Retinal primeras arrugas Prevent Age Skin Deliplus,Cuidado e higiene facial,Tarro,0.05,l,5.50,11.000,100 ml
2026-09-26T15:29:09.962639+00:00,svq1,12830,Crema facial gel revitalizante & iluminador Anti Ox con FPS 50 y Vitamina C,Cuidado e higiene facial,Tarro,0.05,l,5.50,11.000,100 ml
2026-09-26T15:29:09.962639+00:00,svq1,12832,Colorete fluido Blush mate Deliplus 03 rosa,Colorete y polvos,,0.012,l,4.75,4.750,ud
2026-09-26T15:29:09.962639+00:00,svq1,12833,Colorete fluido Blush mate Deliplus 04 rojo,Colorete y polvos,,0.012,l,4.75,4.750,ud
2026-09-26T15:29:09.962639+00:00,svq1,12836,Trampa con cebo contra hormigas Bosque Verde,Insecticida y ambientador,Caja,1.0,ud,3.30,1.100,ud
2026-09-26T15:29:09.962639+00:00,svq1,12838,Cepillo dental Eléctrico Oral-B Vitality Pro Precision Clean,Higiene bucal,Caja,1.0,ud,24.00,24.000,ud
2026-09-26T15:29:09.962639+00:00,svq1,12846,Queso lonchas sin lactosa de vaca Hacendado,"Queso lonchas, rallado y en porciones",Paquete,0.2,kg,2.60,13.000,kg
2026-09-26T15:29:09.962639+00:00,svq1,12847,Salsa Chimichurri Hacendado,Otras salsas,Bote,0.31,l,1.45,4.678,L
2026-09-26T15:29:09.962639+00:00,svq1,12848,Crema facial nutritiva redensificadora Prevent Age Skin Deliplus Green Caviar y colágeno,Cuidado e higiene facial,Tarro,0.05,l,5.00,10.000,100 ml
2026-09-26T15:29:09.962639+00:00,svq1,12856,Tequila reposado Olmeca,Licores,Botella,0.7,l,12.50,17.858,L
2026-09-26T15:29:09.962639+00:00,svq1,12866,Gel de baño tiernos recuerdos Deliplus piel normal,Gel y jabón de manos,Botella,0.75,l,1.60,0.214,100 ml
2026-09-26T15:29:09.962639+00:00,svq1,12874,Tacos de pavo,Aves y pollo,Bandeja,0.57,kg,4.33,7.600,kg
2026-09-26T15:29:09.962639+00:00,svq1,12877,Vino fino Olivar DO Jerez,Vino blanco,Botella,0.75,l,4.00,5.334,L
2026-09-26T15:29:09.962639+00:00,svq1,12878,Vino Oloroso Olivar DO Jerez,Vino blanco,Botella,0.75,l,4.80,6.400,L
2026-09-26T15:29:09.962639+00:00,svq1,12879,Tratamiento Matizador Antiamarillos Deliplus 0% amoníaco y ácido hialurónico,Coloración cabello,Caja,1.0,ud,3.90,3.900,ud
2026-09-26T15:29:09.962639+00:00,svq1,12880,Vino cream Olivar DO Jerez,Vino blanco,Botella,0.75,l,5.00,6.667,L
2026-09-26T15:29:09.962639+00:00,svq1,12883,Vino Pedro Ximénez Olivar DO Jerez,Vino blanco,Botella,0.75,l,6.85,9.134,L
2026-09-26T15:29:09.962639+00:00,svq1,12888,Preparado en polvo gelatina fresa Hacendado,Harina y preparado repostería,Paquete,0.178,kg,1.75,9.832,kg
2026-09-26T15:29:09.962639+00:00,svq1,12890,Preparado en polvo gelatina cereza Hacendado,Harina y preparado repostería,Paquete,0.178,kg,1.75,9.832,kg
2026-09-26T15:29:09.962639+00:00,svq1,12893,Preparado en polvo gelatina frutos rojos Hacendado 0% azúcares,Harina y preparado repostería,Paquete,0.029,kg,2.00,6.897,100 g
2026-09-26T15:29:09.962639+00:00,svq1,12894,Recambio ambientador eléctrico Coconut Cream Bosque Verde,Insecticida y ambientador,Caja,0.025,l,1.60,6.400,100 ml
2026-09-26T15:29:09.962639+00:00,svq1,12895,Bolsas de basura compost 10L Bosque Verde,Pilas y bolsas de basura,Paquete,1.0,ud,2.30,0.115,ud
2026-09-26T15:29:09.962639+00:00,svq1,12896,Bolsas de basura cubo alto 30L Bosque Verde,Pilas y bolsas de basura,Paquete,1.0,ud,2.95,0.099,ud
2026-09-26T15:29:09.962639+00:00,svq1,12897,Bolsas de basura 100L Bosque Verde,Pilas y bolsas de basura,Paquete,1.0,ud,2.20,0.147,ud
2026-09-26T15:29:09.962639+00:00,svq1,12899,Paté con ternera gato adulto Delikuit,Gato,Bote,0.395,kg,1.10,2.785,kg
2026-09-26T15:29:09.962639+00:00,svq1,12901,Dentífrico Encías Protect Deliplus,Higiene bucal,Tubo,0.1,l,1.70,1.700,100 ml
2026-09-26T15:29:09.962639+00:00,svq1,12902,Desodorante Fire Deliplus antimanchas,Desodorante,Spray,0.2,l,1.75,0.875,100 ml
2026-09-26T15:29:09.962639+00:00,svq1,12906,Colorete compacto Blush Satin Deliplus 04 multicolor coral,Colorete y polvos,,1.0,ud,5.00,5.000,ud
2026-09-26T15:29:09.962639+00:00,svq1,12911,Atún listado al natural Hacendado,Atún y otras conservas de pescado,Lata,0.385,kg,3.00,11.112,kg
2026-09-26T15:29:09.962639+00:00,svq1,12912,Papel higiénico Suave Bosque Verde,Papel higiénico y celulosa,Paquete,1.0,ud,3.70,0.463,ud
2026-09-26T15:29:09.962639+00:00,svq1,12914,Bolsas de basura extra 30L Bosque Verde perfumadas,Pilas y bolsas de basura,Paquete,1.0,ud,2.30,0.077,ud
2026-09-26T15:29:09.962639+00:00,svq1,12918,Lote infantil Minecraft,Perfume y colonia,Caja,1.0,ud,10.00,10.000,ud
2026-09-26T15:29:09.962639+00:00,svq1,12946,Chocolate extrafino con leche Hacendado 0% azúcares añadidos,Chocolate,Tableta,0.1,kg,1.35,13.500,kg
2026-09-26T15:29:09.962639+00:00,svq1,12960,Snack de maíz Crunchy sabor agridulce picante Hacendado,Patatas fritas y snacks,Paquete,0.1,kg,0.90,9.000,kg
2026-09-26T15:29:09.962639+00:00,svq1,12968,Desodorante Dark Temptation Axe Essentiel,Desodorante,Spray,0.2,l,3.30,1.650,100 ml
2026-09-26T15:29:09.962639+00:00,svq1,12984,Vela perfumada Peonía Bosque Verde,Insecticida y ambientador,Caja,1.0,ud,5.50,5.500,ud
2026-09-26T15:29:09.962639+00:00,svq1,12988,Pintalabios mate 12h Lasting Lips Deliplus 02 beige nude,Labios,,1.0,ud,5.00,5.000,ud
2026-09-26T15:29:09.962639+00:00,svq1,12989,Pintalabios mate 12h Lasting Lips Deliplus 03 medio marrón,Labios,,1.0,ud,5.00,5.000,ud
2026-09-26T15:29:09.962639+00:00,svq1,12990,Pintalabios mate 12h Lasting Lips Deliplus 04 rosa medio,Labios,,1.0,ud,5.00,5.000,ud
2026-09-26T15:29:09.962639+00:00,svq1,12992,Pintalabios mate 12h Lasting Lips Deliplus 05 rosa pétalo,Labios,,1.0,ud,5.00,5.000,ud
2026-09-26T15:29:09.962639+00:00,svq1,12993,Pintalabios mate 12h Lasting Lips Deliplus 06 malva,Labios,,1.0,ud,5.00,5.000,ud
2026-09-26T15:29:09.962639+00:00,svq1,12994,Pintalabios mate 12h Lasting Lips Deliplus 07 fucsia,Labios,,1.0,ud,5.00,5.000,ud
2026-09-26T15:29:09.962639+00:00,svq1,12995,Pintalabios mate 12h Lasting Lips Deliplus 08 rojo,Labios,,1.0,ud,5.00,5.000,ud
2026-09-26T15:29:09.962639+00:00,svq1,12996,Snack frito Binkies sabor queso Hacendado,Patatas fritas y snacks,Paquete,0.08,kg,1.00,12.500,kg
2026-09-26T15:29:09.962639+00:00,svq1,13019,Cacao soluble ColaCao original,Cacao soluble y chocolate a la taza,Bote,0.383,kg,5.00,13.055,kg
2026-09-26T15:29:09.962639+00:00,svq1,13021,Cacao soluble ColaCao original,Cacao soluble y chocolate a la taza,Bote,0.76,kg,7.00,9.211,kg
2026-09-26T15:29:09.962639+00:00,svq1,13023,Eau de parfum mujer Como Tú Santal,Perfume y colonia,Frasco,0.1,l,8.00,8.000,100 ml
2026-09-26T15:29:09.962639+00:00,svq1,13025,Macarrón grueso Hacendado,Pasta y fideos,Paquete,0.5,kg,0.90,1.800,kg
2026-09-26T15:29:09.962639+00:00,svq1,13026,Polvo compacto perfeccionador efecto seda Deliplus 100 beige claro,Colorete y polvos,,0.01,kg,6.00,6.000,ud
2026-09-26T15:29:09.962639+00:00,svq1,13029,Polvo compacto perfeccionador efecto seda Deliplus 200 beige rosado,Colorete y polvos,,0.01,kg,6.00,6.000,ud
2026-09-26T15:29:09.962639+00:00,svq1,13034,Tostadas con semillas de chía Marinheiras Hacendado,Pan tostado y rallado,Paquete,0.18,kg,1.50,8.334,kg
2026-09-26T15:29:09.962639+00:00,svq1,13037,Cacao soluble Hacendado,Cacao soluble y chocolate a la taza,Bote,1.0,kg,4.90,4.900,kg
2026-09-26T15:29:09.962639+00:00,svq1,13038,Cacao soluble Hacendado,Cacao soluble y chocolate a la taza,Bote,0.5,kg,2.80,5.600,kg
2026-09-26T15:29:09.962639+00:00,svq1,13040,Ambientador spray Red Elixir Bosque Verde,Insecticida y ambientador,Spray,0.3,l,1.20,4.000,L
2026-09-26T15:29:09.962639+00:00,svq1,13041,Difusor ambientador automático Bosque Verde,Insecticida y ambientador,Caja,1.0,ud,4.00,4.000,ud
2026-09-26T15:29:09.962639+00:00,svq1,13042,Golosinas Tropical Jelly Hacendado,Golosinas,Paquete,0.3,kg,1.60,5.334,kg
2026-09-26T15:29:09.962639+00:00,svq1,13045,Sémola de trigo Hacendado,Harina y preparado repostería,Paquete,1.0,kg,1.30,1.300,kg
2026-09-26T15:29:09.962639+00:00,svq1,13046,Secreto de cerdo,Cerdo,Paquete,0.75,kg,4.65,6.200,kg
2026-09-26T15:29:09.962639+00:00,svq1,13053,Cheesecake con arándanos Hacendado,Gelatina y otros postres,,0.18,kg,1.70,10.625,kg
2026-09-26T15:29:09.962639+00:00,svq1,13055,Ambientador varitas Magnolia Bosque Verde,Insecticida y ambientador,Caja,0.04,l,2.10,5.250,100 ml
2026-09-26T15:29:09.962639+00:00,svq1,13056,Ambientador varitas Pistacho Bosque Verde,Insecticida y ambientador,Caja,0.04,l,2.10,5.250,100 ml
2026-09-26T15:29:09.962639+00:00,svq1,13057,Desodorante en crema piel delicada Deliplus antitranspirante,Desodorante,,0.075,l,1.70,2.267,100 ml
2026-09-26T15:29:09.962639+00:00,svq1,13064,Gel corporal infantil Deliplus,Higiene y cuidado,Bote,0.4,l,1.80,0.450,100 ml
2026-09-26T15:29:09.962639+00:00,svq1,13065,Champú infantil Deliplus,Higiene y cuidado,Bote,0.4,l,1.95,0.488,100 ml
2026-09-26T15:29:09.962639+00:00,svq1,13066,Loción corporal infantil hidratante Deliplus,Higiene y cuidado,Bote,0.4,l,2.65,0.663,100 ml
2026-09-26T15:29:09.962639+00:00,svq1,13069,Patatas fritas onduladas sabor queso de cabra y cebolla caramelizada Hacendado,Patatas fritas y snacks,Paquete,0.15,kg,1.20,8.000,kg
2026-09-26T15:29:09.962639+00:00,svq1,13216,Cacao soluble instantáneo Nesquik,Cacao soluble y chocolate a la taza,Bote,0.39,kg,4.05,10.385,kg
2026-09-26T15:29:09.962639+00:00,svq1,13234,Surtido sushi Bento mix,Listo para Comer,Bandeja,0.35,kg,8.75,8.750,ud
2026-09-26T15:29:09.962639+00:00,svq1,13235,Noodles Yakisoba con carne y verduras,Listo para Comer,Bol,0.3,kg,4.50,4.500,ud
2026-09-26T15:29:09.962639+00:00,svq1,13236,Pollo teriyaki,Listo para Comer,Bol,0.3,kg,5.00,5.000,ud
2026-09-26T15:29:09.962639+00:00,svq1,13237,Poke salmón,Listo para Comer,Bol,0.4,kg,5.50,5.500,ud
2026-09-26T15:29:09.962639+00:00,svq1,13240,"Ensalada de pollo, queso y frutos secos Listo para Comer",Lechuga y ensalada preparada,Bol,0.25,kg,4.00,4.000,ud
2026-09-26T15:29:09.962639+00:00,svq1,13241,Ensalada de pasta Listo para Comer,Lechuga y ensalada preparada,Bol,0.366,kg,4.00,4.000,ud
2026-09-26T15:29:09.962639+00:00,svq1,13242,Ensalada de marisco Listo para Comer,Listo para Comer,Bol,0.3,kg,5.50,5.500,ud
2026-09-26T15:29:09.962639+00:00,svq1,13243,Salmón con verduras Listo para Comer,Listo para Comer,Bol,0.4,kg,5.75,5.750,ud
2026-09-26T15:29:09.962639+00:00,svq1,13250,Ensaladilla de marisco Listo para Comer,Listo para Comer,Bol,0.25,kg,4.00,4.000,ud
2026-09-26T15:29:09.962639+00:00,svq1,13251,Brioche Listo para Comer,Listo para Comer,,0.16,kg,3.00,3.000,ud
2026-09-26T15:29:09.962639+00:00,svq1,13294,Gel de baño granada y frutos silvestres Deliplus piel normal,Gel y jabón de manos,Botella,0.75,l,1.60,0.214,100 ml
2026-09-26T15:29:09.962639+00:00,svq1,13295,Ambientador Talco armarios y cajones Bosque Verde,Insecticida y ambientador,Paquete,1.0,ud,1.75,1.750,ud
2026-09-26T15:29:09.962639+00:00,svq1,13296,Pañales bebé talla 2 Deliplus de 3-6 kg,Toallitas y pañales,Paquete,42.0,ud,6.90,0.165,ud
2026-09-26T15:29:09.962639+00:00,svq1,13297,Pañales bebé talla 3 Deliplus de 5-10 kg,Toallitas y pañales,Paquete,45.0,ud,6.95,0.155,ud
2026-09-26T15:29:09.962639+00:00,svq1,13299,Pañales bebé talla 4 Deliplus de 10-15 kg,Toallitas y pañales,,102.0,ud,16.95,0.167,ud
2026-09-26T15:29:09.962639+00:00,svq1,13321,Pañales bebé talla 5 Deliplus de 14-18 kg,Toallitas y pañales,,90.0,ud,17.50,0.195,ud
2026-09-26T15:29:09.962639+00:00,svq1,13326,Ensalada china Hacendado con mazorquitas,Conservas de verdura y frutas,Tarro,0.42,kg,1.60,6.809,kg
2026-09-26T15:29:09.962639+00:00,svq1,13327,Remolacha en tiras Hacendado,Conservas de verdura y frutas,Tarro,0.42,kg,1.35,5.745,kg
2026-09-26T15:29:09.962639+00:00,svq1,13328,Zanahoria en tiras Hacendado,Conservas de verdura y frutas,Tarro,0.42,kg,1.30,5.532,kg
2026-09-26T15:29:09.962639+00:00,svq1,13330,Pluma de cerdo,Cerdo,Bandeja,0.3,kg,4.05,13.500,kg
2026-09-26T15:29:09.962639+00:00,svq1,13372,Palitos con frutos secos Hacendado,"Picos, rosquilletas y picatostes",Paquete,0.13,kg,1.05,8.077,kg
2026-09-26T15:29:09.962639+00:00,svq1,13404,Salteado de pollo Hacendado ultracongelado,Fruta y verdura,Paquete,0.45,kg,2.10,4.667,kg
2026-09-26T15:29:09.962639+00:00,svq1,13406,Mayonesa Hacendado,"Mayonesa, ketchup y mostaza",Tarro,0.5,l,1.20,2.400,L
2026-09-26T15:29:09.962639+00:00,svq1,13413,Tequeños de queso Hacendado ultracongelados,Rebozados,Caja,0.48,kg,4.70,9.792,kg
2026-09-26T15:29:09.962639+00:00,svq1,13422,Aceitunas verdes estilo casero Hacendado partidas aliñadas,Aceitunas y encurtidos,Tarro,0.96,kg,2.85,5.182,kg
2026-09-26T15:29:09.962639+00:00,svq1,13435,Eau de toilette hombre Gesto,Perfume y colonia,Frasco,0.1,l,5.50,5.500,100 ml
2026-09-26T15:29:09.962639+00:00,svq1,13441,Mermelada de fresa monodosis Hacendado,Mermelada y miel,Pack-10,0.25,kg,1.50,6.000,kg
2026-09-26T15:29:09.962639+00:00,svq1,13444,Mermelada de melocotón monodosis Hacendado,Mermelada y miel,Pack-10,0.25,kg,1.50,6.000,kg
2026-09-26T15:29:09.962639+00:00,svq1,13445,Panecillo tostado 100% integral de trigo Hacendado,Pan tostado y rallado,Paquete,0.3,kg,1.15,3.834,kg
2026-09-26T15:29:09.962639+00:00,svq1,13450,Picos sin gluten Hacendado,"Picos, rosquilletas y picatostes",Paquete,0.1,kg,1.40,14.000,kg
2026-09-26T15:29:09.962639+00:00,svq1,13451,Cacahuete tostado Hacendado 0% sal añadida pelado,Frutos secos y fruta desecada,Paquete,0.2,kg,1.05,5.250,kg
2026-09-26T15:29:09.962639+00:00,svq1,13493,Bebida espirituosa a base de vodka Knebep caramelo,Licores,Botella,0.7,l,5.70,8.143,L
2026-09-26T15:29:09.962639+00:00,svq1,13494,Huesos de cuero con pollo y zanahoria perro adulto Compy,Perro,Paquete,0.12,kg,1.75,14.584,kg
2026-09-26T15:29:09.962639+00:00,svq1,13496,Croquetas de cocido Hacendado ultracongeladas,Empanados y elaborados,Paquete,0.35,kg,1.95,5.572,kg
2026-09-26T15:29:09.962639+00:00,svq1,13502,Galletas María dorada Hacendado 0% azúcares añadidos,Galletas,Caja,0.4,kg,1.50,3.750,kg
2026-09-26T15:29:09.962639+00:00,svq1,13525,Estropajo jabonoso Bosque Verde,"Estropajo, bayeta y guantes",Paquete,1.0,ud,1.10,0.110,ud
2026-09-26T15:29:09.962639+00:00,svq1,13559,Alicate uñas Deliplus,Manicura y pedicura,Paquete,1.0,ud,4.90,4.900,ud
2026-09-26T15:29:09.962639+00:00,svq1,13568,Cebolla troceada Hacendado ultracongelada,Fruta y verdura,Paquete,0.45,kg,0.95,2.112,kg
2026-09-26T15:29:09.962639+00:00,svq1,13574,Maquinillas depilación Deliplus Body 3 hojas,Depilación,Paquete,1.0,ud,2.05,0.513,ud
2026-09-26T15:29:09.962639+00:00,svq1,13575,Maquinilla depilación recargable Deliplus Body System 6 hojas,Depilación,Caja,1.0,ud,4.80,4.800,ud
2026-09-26T15:29:09.962639+00:00,svq1,13576,Recambios maquinilla depilación Deliplus Body System 6 hojas,Depilación,Caja,3.0,ud,4.50,1.500,ud
2026-09-26T15:29:09.962639+00:00,svq1,13577,Fideo cabello de ángel Hacendado,Pasta y fideos,Paquete,0.5,kg,0.80,1.600,kg
2026-09-26T15:29:09.962639+00:00,svq1,13592,Café molido descafeinado Hacendado,Café molido y en grano,Paquete,0.25,kg,2.50,10.000,kg
2026-09-26T15:29:09.962639+00:00,svq1,13593,Café molido descafeinado Hacendado,Café molido y en grano,Paquete,0.5,kg,4.60,9.200,kg
2026-09-26T15:29:09.962639+00:00,svq1,13594,Café en grano natural Hacendado,Café molido y en grano,Paquete,1.0,kg,10.00,10.000,kg
2026-09-26T15:29:09.962639+00:00,svq1,13597,Maíz frito gigante Hacendado,Frutos secos y fruta desecada,Paquete,0.15,kg,1.40,9.334,kg
2026-09-26T15:29:09.962639+00:00,svq1,13598,Nata montada azucarada Hacendado,Mantequilla y margarina,Spray,0.25,kg,1.45,5.800,kg
2026-09-26T15:29:09.962639+00:00,svq1,13607,Jabón Natural con glicerina Bosque Verde,Detergente y suavizante ropa,Paquete,0.4,kg,1.85,4.625,kg
2026-09-26T15:29:09.962639+00:00,svq1,13609,Vinagre de Jerez reserva Hacendado,"Aceite, vinagre y sal",Botella,0.25,l,2.15,8.600,L
2026-09-26T15:29:09.962639+00:00,svq1,13610,Licor mora sin alcohol Pi.omka,Licores,Botella,0.7,l,3.00,4.286,L
2026-09-26T15:29:09.962639+00:00,svq1,13628,Filetes de caballa del sur en aceite de oliva Hacendado,Atún y otras conservas de pescado,Pack-2,0.24,kg,2.70,15.883,kg
2026-09-26T15:29:09.962639+00:00,svq1,13631,Picos saladitos Hacendado,"Picos, rosquilletas y picatostes",Paquete,0.25,kg,1.15,4.600,kg
2026-09-26T15:29:09.962639+00:00,svq1,13632,Filetes de caballa del sur en tomate Hacendado,Atún y otras conservas de pescado,,0.24,kg,2.60,15.854,kg
2026-09-26T15:29:09.962639+00:00,svq1,13633,Crema limpiadora Vitrocerámicas Vitroclen 5 en 1,Limpieza cocina,Botella,0.42,l,4.90,11.667,L
2026-09-26T15:29:09.962639+00:00,svq1,13634,Café en cápsula classic Hacendado,Café cápsula y monodosis,Caja,0.112,kg,3.35,0.210,ud
2026-09-26T15:29:09.962639+00:00,svq1,13635,Café en cápsula forte Hacendado,Café cápsula y monodosis,Caja,0.112,kg,3.25,0.204,ud
2026-09-26T15:29:09.962639+00:00,svq1,13643,Detergente ropa Pieles Sensibles Bosque Verde líquido,Detergente y suavizante ropa,Botella,1.98,l,4.80,0.073,lv
2026-09-26T15:29:09.962639+00:00,svq1,13644,Lavavajillas Aloe Bosque Verde concentrado,Limpieza vajilla,Botella,1.0,l,1.80,1.800,L
2026-09-26T15:29:09.962639+00:00,svq1,13646,Alimento completo para ninfa y agaporni Granzoo,Otros,Paquete,0.8,kg,1.85,2.313,kg
2026-09-26T15:29:09.962639+00:00,svq1,13648,Limpiacristales con mango Bosque Verde,Utensilios de limpieza y calzado,,1.0,ud,2.60,2.600,ud
2026-09-26T15:29:09.962639+00:00,svq1,13651,Té verde Hacendado,Té e infusiones,Caja,0.03,kg,0.75,2.500,100 g
2026-09-26T15:29:09.962639+00:00,svq1,13652,Infusión Rooibos cítricos Hacendado,Té e infusiones,Caja,0.04,kg,1.15,2.875,100 g
2026-09-26T15:29:09.962639+00:00,svq1,13654,Esponja de baño flor Deliplus exfoliación suave,Gel y jabón de manos,Paquete,1.0,ud,0.80,0.800,ud
2026-09-26T15:29:09.962639+00:00,svq1,13655,Guante de Crin exfoliante Deliplus,Gel y jabón de manos,Paquete,1.0,ud,2.15,2.150,ud
2026-09-26T15:29:09.962639+00:00,svq1,13656,Rosquillas de chocolate con leche y coco Hacendado,Galletas,Caja,0.3,kg,1.75,5.834,kg
2026-09-26T15:29:09.962639+00:00,svq1,13658,Arena para gato aglomerante Nuske perfumada,Gato,Caja,5.0,kg,3.70,0.740,kg
2026-09-26T15:29:09.962639+00:00,svq1,13678,Limpia lavadoras Bosque Verde líquido,Detergente y suavizante ropa,Botella,0.25,l,1.95,7.800,L
2026-09-26T15:29:09.962639+00:00,svq1,13700,Café molido fuerte Hacendado,Café molido y en grano,Paquete,0.5,kg,4.50,9.000,kg
2026-09-26T15:29:09.962639+00:00,svq1,13705,Alitas de pollo asadas Hacendado,Platos preparados calientes,Bote,0.5,kg,4.40,8.800,kg
2026-09-26T15:29:09.962639+00:00,svq1,13706,Pollo asado Hacendado,Platos preparados calientes,Paquete,1.2,kg,6.78,5.650,kg
2026-09-26T15:29:09.962639+00:00,svq1,13707,Pollo asado troceado Hacendado,Platos preparados calientes,Paquete,1.21,kg,7.80,6.450,kg
2026-09-26T15:29:09.962639+00:00,svq1,13709,Costillas de cerdo a la barbacoa cortadas Hacendado,Platos preparados calientes,Bote,0.5,kg,6.25,12.500,kg
2026-09-26T15:29:09.962639+00:00,svq1,13710,Codillo de cerdo asado Hacendado,Platos preparados calientes,Paquete,0.72,kg,4.61,6.400,kg
2026-09-26T15:29:09.962639+00:00,svq1,13713,Roti de pollo relleno de jamón y queso Hacendado,Platos preparados calientes,Paquete,0.375,kg,3.00,8.000,kg
2026-09-26T15:29:09.962639+00:00,svq1,13714,"Comida con pollo, frutas y verduras gato adulto Supreme Compy",Gato,Paquete,1.5,kg,5.80,3.867,kg
2026-09-26T15:29:09.962639+00:00,svq1,13715,"Comida con salmón, frutas y verduras gato adulto Supreme Compy",Gato,Paquete,1.5,kg,5.80,3.867,kg
2026-09-26T15:29:09.962639+00:00,svq1,13716,Tenedores de plástico Bosque Verde reutilizables,Menaje y conservación de alimentos,Paquete,15.0,ud,1.55,0.104,ud
2026-09-26T15:29:09.962639+00:00,svq1,13717,Cucharas de plástico Bosque Verde reutilizables,Menaje y conservación de alimentos,Paquete,15.0,ud,1.55,0.104,ud
2026-09-26T15:29:09.962639+00:00,svq1,13718,Cuchillos de plástico Bosque Verde reutilizables,Menaje y conservación de alimentos,Paquete,15.0,ud,1.55,0.104,ud
2026-09-26T15:29:09.962639+00:00,svq1,13719,Cucharas postre de plástico Bosque Verde reutilizables,Menaje y conservación de alimentos,Paquete,15.0,ud,1.45,0.097,ud
2026-09-26T15:29:09.962639+00:00,svq1,13738,Cacahuete en polvo desgrasado +Proteínas 14 g 70% reducido en grasa,Frutos secos y fruta desecada,Paquete,0.2,kg,2.75,13.750,kg
2026-09-26T15:29:09.962639+00:00,svq1,13778,Relleno para kebab con carne de pollo asado Hacendado ultracongelado,Rebozados,Paquete,0.3,kg,3.15,10.500,kg
2026-09-26T15:29:09.962639+00:00,svq1,13780,Ambientador varitas Fruta Tropical Bosque Verde,Insecticida y ambientador,Caja,0.04,l,2.10,5.250,100 ml
2026-09-26T15:29:09.962639+00:00,svq1,13787,Bacalao ahumado Hacendado en aceite de girasol,Salazones y ahumados,Bandeja,0.11,kg,4.30,53.750,kg
2026-09-26T15:29:09.962639+00:00,svq1,13788,Ambientador varitas Bambú Bosque Verde,Insecticida y ambientador,Caja,0.04,l,2.10,5.250,100 ml
2026-09-26T15:29:09.962639+00:00,svq1,13789,Ambientador varitas Frambuesa Bosque Verde,Insecticida y ambientador,Caja,0.04,l,2.10,5.250,100 ml
2026-09-26T15:29:09.962639+00:00,svq1,13796,Cápsulas Alcachofa Deliplus,Fitoterapia,Caja,0.01635,kg,3.95,0.132,ud
2026-09-26T15:29:09.962639+00:00,svq1,13797,Cápsulas LaxForte Deliplus,Fitoterapia,Caja,0.01635,kg,3.95,0.132,ud
2026-09-26T15:29:09.962639+00:00,svq1,13803,Maxi pan de burger Hacendado,Pan de molde y otras especialidades,Paquete,0.3,kg,0.85,2.834,kg
2026-09-26T15:29:09.962639+00:00,svq1,13804,Maquinilla de afeitar recargable Deliplus Precision System 6 hojas,Afeitado y cuidado para hombre,Caja,1.0,ud,5.00,5.000,ud
2026-09-26T15:29:09.962639+00:00,svq1,13805,Recambios maquinilla de afeitar Deliplus Precision System 6 hojas,Afeitado y cuidado para hombre,Caja,1.0,ud,5.50,1.375,ud
2026-09-26T15:29:09.962639+00:00,svq1,13810,Pan de molde blanco Hacendado,Pan de molde y otras especialidades,Paquete,0.46,kg,0.80,1.740,kg
2026-09-26T15:29:09.962639+00:00,svq1,13811,Galletas Roditas bañadas con chocolate blanco Hacendado,Galletas,Caja,0.3,kg,2.10,7.000,kg
2026-09-26T15:29:09.962639+00:00,svq1,13814,Bebida energética Mango Loco Juiced Monster Energy,Isotónico y energético,Lata,0.5,l,1.45,2.900,L
2026-09-26T15:29:09.962639+00:00,svq1,13815,Bebida energética Mango Loco Juiced Monster Energy,Isotónico y energético,,2.0,l,5.28,2.640,L
2026-09-26T15:29:09.962639+00:00,svq1,13816,Refresco Coca-Cola zero azúcar,Refresco de cola,Botella,1.25,l,1.55,1.240,L
2026-09-26T15:29:09.962639+00:00,svq1,13817,Refresco Fanta limón,Refresco de naranja y de limón,Pack-9,2.97,l,6.93,2.334,L
2026-09-26T15:29:09.962639+00:00,svq1,13846,Bebida de coco y arroz sin azúcares añadidos Hacendado,Leche y bebidas vegetales,Brik,1.0,l,1.60,1.600,L
2026-09-26T15:29:09.962639+00:00,svq1,13847,Bebida de coco y arroz sin azúcares añadidos Hacendado,Leche y bebidas vegetales,Pack-6,6.0,l,9.60,1.600,L
2026-09-26T15:29:09.962639+00:00,svq1,13848,Bebida de avellana y arroz sin azúcares añadidos Hacendado,Leche y bebidas vegetales,Brik,1.0,l,1.25,1.250,L
2026-09-26T15:29:09.962639+00:00,svq1,13849,Bebida de avellana y arroz sin azúcares añadidos Hacendado,Leche y bebidas vegetales,Pack-6,6.0,l,7.50,1.250,L
2026-09-26T15:29:09.962639+00:00,svq1,13865,Alcachofa troceada Hacendado ultracongelada,Fruta y verdura,Paquete,0.4,kg,2.55,6.375,kg
2026-09-26T15:29:09.962639+00:00,svq1,13868,Dentífrico Blanqueante Sensodyne,Higiene bucal,Tubo,0.075,l,3.95,5.267,100 ml
2026-09-26T15:29:09.962639+00:00,svq1,13869,Dentífrico Repair & Protect Sensodyne,Higiene bucal,Tubo,0.075,l,3.95,5.267,100 ml
2026-09-26T15:29:09.962639+00:00,svq1,13875,Vino tinto tempranillo reserva Pata Negra DO Valdepeñas,Vino tinto,Botella,0.75,l,2.50,3.334,L
2026-09-26T15:29:09.962639+00:00,svq1,13877,Orejones albaricoque Hacendado,Frutos secos y fruta desecada,Paquete,0.2,kg,3.20,16.000,kg
2026-09-26T15:29:09.962639+00:00,svq1,13889,Garfitos de maíz sabor queso Hacendado,Patatas fritas y snacks,Paquete,0.08,kg,0.75,9.375,kg
2026-09-26T15:29:09.962639+00:00,svq1,13895,Cerveza El Águila sin filtrar,Cerveza,,1.98,l,5.10,2.576,L
2026-09-26T15:29:09.962639+00:00,svq1,13913,Dentífrico Pro-Expert Oral-B sabor menta especiada,Higiene bucal,Tubo,0.075,l,2.85,3.800,100 ml
2026-09-26T15:29:09.962639+00:00,svq1,13914,Aceitunas verdes rellenas de pimiento asado Hacendado,Aceitunas y encurtidos,Bote,0.35,kg,1.75,8.750,kg
2026-09-26T15:29:09.962639+00:00,svq1,13917,Postre de soja sabor lima limón Alpro,Postres de soja,Bote,0.4,kg,2.30,5.750,kg
2026-09-26T15:29:09.962639+00:00,svq1,13924,Gel fijador cabello con aceite de oliva Eco style,Fijación cabello,Bote,0.237,l,2.85,1.208,100 ml
2026-09-26T15:29:09.962639+00:00,svq1,13926,Soja texturizada Luengo,Legumbres,Paquete,0.2,kg,2.70,13.500,kg
2026-09-26T15:29:09.962639+00:00,svq1,13931,"Cerveza 0,0% sin alcohol Cruzcampo",Cerveza sin alcohol,Botellín,0.25,l,0.47,1.880,L
2026-09-26T15:29:09.962639+00:00,svq1,13936,Sazonador Topping Hacendado,Especias,Bote,0.045,kg,1.85,4.112,100 g
2026-09-26T15:29:09.962639+00:00,svq1,13943,"Pizza Truffata con queso, champiñones y trufa Hacendado ultracongelada",Pizzas,,0.4,kg,2.90,7.250,kg
2026-09-26T15:29:09.962639+00:00,svq1,13944,Refresco sin gas de naranja Hacendado,Refresco de té y sin gas,Botella,1.5,l,1.15,0.767,L
2026-09-26T15:29:09.962639+00:00,svq1,13946,Refresco sin gas cero piña-coco Hacendado,Refresco de té y sin gas,Botella,1.5,l,1.15,0.767,L
2026-09-26T15:29:09.962639+00:00,svq1,13947,Refresco sin gas cero fusión de frutas Hacendado,Refresco de té y sin gas,Botella,1.5,l,1.15,0.767,L
2026-09-26T15:29:09.962639+00:00,svq1,13951,Yogur sabores Hacendado 0% MG 0% azúcares añadidos,Yogures desnatados,,1.0,kg,1.60,1.600,kg
2026-09-26T15:29:09.962639+00:00,svq1,13955,Bebida cider con gas Spieler sabor a manzana,Cerveza,,1.5,l,4.74,3.160,L
2026-09-26T15:29:09.962639+00:00,svq1,13956,Bebida cider con gas Spieler sabor a manzana,Cerveza,Botellín,0.25,l,0.79,3.160,L
2026-09-26T15:29:09.962639+00:00,svq1,13969,Sorbete corporal Posidonia Deliplus,Cuidado corporal,Tarro,0.3,l,2.90,0.967,100 g
2026-09-26T15:29:09.962639+00:00,svq1,13970,Crema corporal Olive Deliplus,Cuidado corporal,Tarro,0.3,l,1.80,0.600,100 ml
2026-09-26T15:29:09.962639+00:00,svq1,13971,Manteca corporal Murumuru Deliplus,Cuidado corporal,Tarro,0.3,l,4.00,1.334,100 g
2026-09-26T15:29:09.962639+00:00,svq1,13972,Crema corporal Esferas Vit. E&A Deliplus,Cuidado corporal,Tarro,0.3,l,3.10,1.034,100 g
2026-09-26T15:29:09.962639+00:00,svq1,13984,Mini pizzas jamón y queso Fiesta ultracongeladas,Pizzas,Paquete,0.27,kg,2.90,10.741,kg
2026-09-26T15:29:09.962639+00:00,svq1,13985,Masa fresca pizza Hacendado,Pizzas,,0.56,kg,2.20,3.929,kg
2026-09-26T15:29:09.962639+00:00,svq1,13986,Espinacas en porciones Hacendado ultracongeladas,Fruta y verdura,Paquete,0.5,kg,1.25,2.500,kg
2026-09-26T15:29:09.962639+00:00,svq1,13988,Jamón cocido sándwich Hacendado lonchas,Aves y jamón cocido,Paquete,0.25,kg,1.95,7.800,kg
2026-09-26T15:29:09.962639+00:00,svq1,13994,Abrillantador suelos Bosque Verde,Limpiahogar y friegasuelos,Botella,1.0,l,2.50,2.500,L
2026-09-26T15:29:09.962639+00:00,svq1,13995,Cera Multisuperficies Bosque Verde,Limpiahogar y friegasuelos,Botella,1.0,l,4.50,4.500,L
2026-09-26T15:29:09.962639+00:00,svq1,13999,Hueso de vacuno congelado,Arreglos,Paquete,0.55,kg,2.50,4.546,kg
2026-09-26T15:29:09.962639+00:00,svq1,14006,Galletas María Integral Hacendado,Galletas,Paquete,0.8,kg,1.35,1.688,kg
2026-09-26T15:29:09.962639+00:00,svq1,14013,Tortitas de arroz Hacendado,Tortitas,Paquete,0.124,kg,1.10,8.871,kg
2026-09-26T15:29:09.962639+00:00,svq1,14015,Tortitas de maíz con chocolate Hacendado,Tortitas,Paquete,0.13,kg,1.90,14.616,kg
2026-09-26T15:29:09.962639+00:00,svq1,14031,Filetes pechuga de pavo marinados extra tiernos,Aves y pollo,Bandeja,0.6,kg,5.40,9.000,kg
2026-09-26T15:29:09.962639+00:00,svq1,14038,Galletas con chocolate y crema de leche Hacendado,Galletas,Caja,0.268,kg,2.65,9.889,kg
2026-09-26T15:29:09.962639+00:00,svq1,14054,Galletas Digestive choco y avena Hacendado,Galletas,Caja,0.32,kg,1.75,5.469,kg
2026-09-26T15:29:09.962639+00:00,svq1,14085,Mini galletas caritas Hacendado con crema de cacao,Galletas,Caja,0.329,kg,1.40,4.256,kg
2026-09-26T15:29:09.962639+00:00,svq1,14087,Galletas tostadas Tosta Rica,Galletas,Caja,0.57,kg,2.50,4.386,kg
2026-09-26T15:29:09.962639+00:00,svq1,14102,Galletas María Hacendado,Galletas,Paquete,0.8,kg,1.35,1.688,kg
2026-09-26T15:29:09.962639+00:00,svq1,14122,Suavizante ropa Azul Bosque Verde concentrado,Detergente y suavizante ropa,Botella,1.6,l,1.80,0.023,lv
2026-09-26T15:29:09.962639+00:00,svq1,14131,Galletas Digestive chocolate con leche Hacendado,Galletas,Paquete,0.3,kg,1.35,4.500,kg
2026-09-26T15:29:09.962639+00:00,svq1,14132,Galletas María dorada Hacendado,Galletas,Paquete,0.8,kg,1.35,1.688,kg
2026-09-26T15:29:09.962639+00:00,svq1,14133,Barritas de galleta bañadas en chocolate con leche Chips Ahoy,Galletas,Caja,0.14,kg,1.50,10.715,kg
2026-09-26T15:29:09.962639+00:00,svq1,14136,Barquillos rellenos de nata Hacendado 0% azúcares añadidos,Galletas,Paquete,0.21,kg,1.10,5.239,kg
2026-09-26T15:29:09.962639+00:00,svq1,14140,Galletas caramelizadas Lotus Biscoff,Galletas,Paquete,0.186,kg,1.60,8.603,kg
2026-09-26T15:29:09.962639+00:00,svq1,14141,Tortitas de arroz con chocolate blanco sabor yogur Hacendado,Tortitas,Paquete,0.12,kg,1.90,15.834,kg
2026-09-26T15:29:09.962639+00:00,svq1,14142,Tortitas de arroz con chocolate con leche Hacendado,Tortitas,Paquete,0.13,kg,1.90,14.616,kg
2026-09-26T15:29:09.962639+00:00,svq1,14148,Suavizante ropa Floral Bosque Verde concentrado,Detergente y suavizante ropa,Botella,1.6,l,1.80,0.023,lv
2026-09-26T15:29:09.962639+00:00,svq1,14151,Galletas con chocolate blanco Hacendado,Galletas,Caja,0.236,kg,1.30,5.509,kg
2026-09-26T15:29:09.962639+00:00,svq1,14153,Galletas de cacao Caocream bañadas de chocolate blanco Hacendado rellenas de crema,Galletas,Caja,0.252,kg,1.95,7.739,kg
2026-09-26T15:29:09.962639+00:00,svq1,14157,Galletas rebuenas Hacendado rellenas de chocolate,Galletas,Paquete,0.5,kg,1.30,2.600,kg
2026-09-26T15:29:09.962639+00:00,svq1,14158,Tortitas de maíz Hacendado,Tortitas,Paquete,0.12,kg,1.10,9.167,kg
2026-09-26T15:29:09.962639+00:00,svq1,14159,Galletas Chocominis sabor chocolate Hacendado,Galletas,Caja,0.5,kg,1.85,3.700,kg
2026-09-26T15:29:09.962639+00:00,svq1,14161,Mini galletas Cookies Hacendado,Galletas,Caja,0.16,kg,1.40,8.750,kg
2026-09-26T15:29:09.962639+00:00,svq1,14163,Suavizante ropa Talco Bosque Verde concentrado,Detergente y suavizante ropa,Botella,1.6,l,1.80,0.023,lv
2026-09-26T15:29:09.962639+00:00,svq1,14170,Suavizante ropa Hipoalergénico Colonia Bosque Verde concentrado,Detergente y suavizante ropa,Botella,1.6,l,1.80,0.023,lv
2026-09-26T15:29:09.962639+00:00,svq1,14173,Tartaletas con relleno de fresa Hacendado,Galletas,Paquete,0.15,kg,1.05,7.000,kg
2026-09-26T15:29:09.962639+00:00,svq1,14174,Fragancia Mist Vainilla Sunset Deliplus,Perfume y colonia,Frasco,0.25,l,3.90,1.560,100 ml
2026-09-26T15:29:09.962639+00:00,svq1,14180,Fragancia Mist Amatista Glow Deliplus,Perfume y colonia,Frasco,0.25,l,3.90,1.560,100 ml
2026-09-26T15:29:09.962639+00:00,svq1,14181,Fragancia Mist Pistacho Cream Deliplus,Perfume y colonia,Frasco,0.25,l,3.90,1.560,100 ml
2026-09-26T15:29:09.962639+00:00,svq1,14197,Galletas Relieve Hacendado,Galletas,Paquete,0.645,kg,1.35,2.094,kg
2026-09-26T15:29:09.962639+00:00,svq1,14200,Galletas Digestive 0% azúcares añadidos Hacendado,Galletas,Paquete,0.4,kg,1.40,3.500,kg
2026-09-26T15:29:09.962639+00:00,svq1,14210,Galletas avena Hacendado,Galletas,Caja,0.384,kg,1.65,4.297,kg
2026-09-26T15:29:09.962639+00:00,svq1,14212,Galletas Cookies Hacendado,Galletas,Paquete,0.225,kg,1.35,6.000,kg
2026-09-26T15:29:09.962639+00:00,svq1,14213,Galletas avena Hacendado,Galletas,Paquete,0.425,kg,1.00,2.353,kg
2026-09-26T15:29:09.962639+00:00,svq1,14214,Galletas Digestive Hacendado,Galletas,Paquete,0.8,kg,1.55,1.938,kg
2026-09-26T15:29:09.962639+00:00,svq1,14215,Galletas Digestive manzana & avena Hacendado,Galletas,Caja,0.384,kg,1.65,4.297,kg
2026-09-26T15:29:09.962639+00:00,svq1,14216,Galletitas saladas Hacendado,Patatas fritas y snacks,Bote,0.35,kg,1.20,3.429,kg
2026-09-26T15:29:09.962639+00:00,svq1,14221,Surtido bombones Senzza de chocolate negro 70%,Chocolate,Paquete,0.18,kg,2.90,16.112,kg
2026-09-26T15:29:09.962639+00:00,svq1,14235,Galletas María sin gluten y sin lactosa Hacendado,Galletas,Paquete,0.205,kg,1.60,7.805,kg
2026-09-26T15:29:09.962639+00:00,svq1,14239,Barquillos rellenos con crema de cacao Hacendado,Galletas,Paquete,0.175,kg,1.00,5.715,kg
2026-09-26T15:29:09.962639+00:00,svq1,14241,Barquillos con crema de avellanas Hacendado,Galletas,Paquete,0.25,kg,1.60,6.400,kg
2026-09-26T15:29:09.962639+00:00,svq1,14242,Galletas de espelta Hacendado 0% azúcares añadidos,Galletas,Paquete,0.2,kg,1.25,6.250,kg
2026-09-26T15:29:09.962639+00:00,svq1,14246,Pizza Frankfurt Hacendado,Pizzas,,0.42,kg,2.90,6.905,kg
2026-09-26T15:29:09.962639+00:00,svq1,14256,Ambientador spray Essence Bosque Verde,Insecticida y ambientador,Spray,0.3,l,1.20,4.000,L
2026-09-26T15:29:09.962639+00:00,svq1,14260,Exfoliante corporal marino Deliplus Sal Mar Muerto,Cuidado corporal,Tarro,0.4,kg,4.55,1.138,100 g
2026-09-26T15:29:09.962639+00:00,svq1,14265,Ginebra London Dry Gin Glivery,Licores,Botella,0.7,l,6.25,8.929,L
2026-09-26T15:29:09.962639+00:00,svq1,14266,Lomo de cerdo marinado empanado sin gluten,Empanados y elaborados,Bandeja,0.32,kg,3.20,10.000,kg
2026-09-26T15:29:09.962639+00:00,svq1,14269,Muslito de pollo 97% La Carloteña asado al horno lonchas,Aves y jamón cocido,Paquete,0.15,kg,2.25,15.000,kg
2026-09-26T15:29:09.962639+00:00,svq1,14270,Detergente ropa blanca y de color Bosque Verde en polvo,Detergente y suavizante ropa,Caja,2.75,kg,6.90,0.138,lv
2026-09-26T15:29:09.962639+00:00,svq1,14271,Detergente ropa jabón de Marsella Bosque Verde en polvo,Detergente y suavizante ropa,Caja,2.75,kg,5.90,0.118,lv
2026-09-26T15:29:09.962639+00:00,svq1,14283,Aguacate en dados Hacendado congelado,Fruta y verdura,Paquete,0.5,kg,3.50,7.000,kg
2026-09-26T15:29:09.962639+00:00,svq1,14297,Gominolas Regulación del sueño Melatonina Gummies Vitaldin,Fitoterapia,Bote,0.09,kg,4.95,0.165,ud
2026-09-26T15:29:09.962639+00:00,svq1,14298,San Jacobos de cerdo sin gluten,Cerdo,Bandeja,0.4,kg,2.64,6.600,kg
2026-09-26T15:29:09.962639+00:00,svq1,14301,Dúo frutas fresa y plátano Hacendado congeladas,Fruta y verdura,Paquete,0.45,kg,2.75,6.112,kg
2026-09-26T15:29:09.962639+00:00,svq1,14313,Refresco sin gas de naranja Hacendado,Refresco de té y sin gas,Botella,0.33,l,0.40,1.213,L
2026-09-26T15:29:09.962639+00:00,svq1,14316,Compresa normal Deliplus con alas,Higiene íntima,Paquete,1.0,ud,2.35,0.074,ud
2026-09-26T15:29:09.962639+00:00,svq1,14317,Compresa super Deliplus con alas,Higiene íntima,Paquete,1.0,ud,2.35,0.084,ud
2026-09-26T15:29:09.962639+00:00,svq1,14318,Compresa normal Deliplus sin alas,Higiene íntima,Paquete,1.0,ud,2.35,0.074,ud
2026-09-26T15:29:09.962639+00:00,svq1,14320,Compresa super Deliplus sin alas,Higiene íntima,Paquete,1.0,ud,2.35,0.084,ud
2026-09-26T15:29:09.962639+00:00,svq1,14321,Compresa noche Deliplus con alas,Higiene íntima,Paquete,1.0,ud,1.30,0.130,ud
2026-09-26T15:29:09.962639+00:00,svq1,14322,Compresa normal Deliplus con alas,Higiene íntima,Paquete,1.0,ud,1.20,0.120,ud
2026-09-26T15:29:09.962639+00:00,svq1,14325,Galletas tostadas Hacendado,Galletas,Paquete,0.8,kg,1.35,1.688,kg
2026-09-26T15:29:09.962639+00:00,svq1,14330,Gel corporal aloe vera Deliplus,Cuidado corporal,Bote,0.4,l,4.10,1.025,100 ml
2026-09-26T15:29:09.962639+00:00,svq1,14344,Tarta de la abuela Hacendado congelada,Tartas y churros,Bandeja,1.2,kg,11.80,9.834,kg
2026-09-26T15:29:09.962639+00:00,svq1,14347,Maíz palomitas Hacendado,Frutos secos y fruta desecada,Paquete,0.3,kg,1.05,3.500,kg
2026-09-26T15:29:09.962639+00:00,svq1,14349,Café soluble classic en sobres Hacendado,Café soluble y otras bebidas,Caja,0.05,kg,2.40,48.000,kg
2026-09-26T15:29:09.962639+00:00,svq1,14350,Café soluble descafeinado en sobres Hacendado,Café soluble y otras bebidas,Caja,0.05,kg,2.40,48.000,kg
2026-09-26T15:29:09.962639+00:00,svq1,14354,Mortadela italiana Hacendado finas lonchas,Chopped y mortadela,Paquete,0.2,kg,1.85,9.250,kg
2026-09-26T15:29:09.962639+00:00,svq1,14355,Mini bombones de chocolate con leche Peanut Cups Hacendado relleno de crema y pedazos de cacahuete,Chocolate,Paquete,0.126,kg,1.90,15.080,kg
2026-09-26T15:29:09.962639+00:00,svq1,14366,Vino fino Alvear Monumental DO Montilla-Moriles,Vino blanco,Caja,3.0,l,7.50,2.500,L
2026-09-26T15:29:09.962639+00:00,svq1,14378,Pan de pita Mission,Pan de molde y otras especialidades,Paquete,0.3,kg,2.00,6.667,kg
2026-09-26T15:29:09.962639+00:00,svq1,14379,Moras,Fruta,Bandeja,0.17,kg,2.88,16.950,kg
2026-09-26T15:29:09.962639+00:00,svq1,14381,Garbanza cocida Hacendado,Legumbres,Tarro,0.57,kg,1.35,3.375,kg
2026-09-26T15:29:09.962639+00:00,svq1,14383,Café en cápsula sabor Caramel Hacendado,Café cápsula y monodosis,Caja,0.05,kg,2.40,0.240,ud
2026-09-26T15:29:09.962639+00:00,svq1,14385,"Comida con pollo, frutas y verduras gato adulto esterilizado light Compy",Gato,Paquete,2.0,kg,4.25,2.125,kg
2026-09-26T15:29:09.962639+00:00,svq1,14388,"Recipiente de plástico rectangular 1,1L Bosque Verde",Menaje y conservación de alimentos,Paquete,5.0,ud,2.85,0.570,ud
2026-09-26T15:29:09.962639+00:00,svq1,14390,Agua de colonia Deliplus Floral Infusion,Perfume y colonia,Botella,0.75,l,2.50,0.334,100 ml
2026-09-26T15:29:09.962639+00:00,svq1,14391,Agua de colonia Deliplus Citrus Classic,Perfume y colonia,Botella,0.75,l,2.50,0.334,100 ml
2026-09-26T15:29:09.962639+00:00,svq1,14393,Jamón cocido extra 50% raza ibérica Noel lonchas,Aves y jamón cocido,Paquete,0.12,kg,2.85,23.750,kg
2026-09-26T15:29:09.962639+00:00,svq1,14409,Tortas Banitas Aguilera,Bollería envasada,Paquete,0.4,kg,1.40,3.500,kg
2026-09-26T15:29:09.962639+00:00,svq1,14423,Galletas tradicionales Hacendado,Galletas,Caja,0.6,kg,2.15,3.584,kg
2026-09-26T15:29:09.962639+00:00,svq1,14430,Galletas canela Hacendado,Galletas,Caja,0.5,kg,1.50,3.000,kg
2026-09-26T15:29:09.962639+00:00,svq1,14431,6 Panes de leche 3%,Pan de horno,Bolsa,0.48,kg,1.51,3.146,kg
2026-09-26T15:29:09.962639+00:00,svq1,14433,Cera cabello Mate Deliplus fijación 4,Fijación cabello,Bote,0.1,l,3.05,3.050,100 ml
2026-09-26T15:29:09.962639+00:00,svq1,14438,Postre lácteo Lemon Cake Hacendado,Gelatina y otros postres,,1.6,kg,1.70,10.625,kg
2026-09-26T15:29:09.962639+00:00,svq1,14440,Perfilador de labios Long Lasting Deliplus 15 canela claro,Labios,,1.0,ud,2.50,2.500,ud
2026-09-26T15:29:09.962639+00:00,svq1,14441,Perfilador de ojos Waterproof Deliplus 105 verde,Ojos,,1.0,ud,3.25,3.250,ud
2026-09-26T15:29:09.962639+00:00,svq1,14443,Bizcocho azúcar sin gluten,Bollería de horno,Paquete,0.3,kg,2.85,9.500,kg
2026-09-26T15:29:09.962639+00:00,svq1,14448,Perfilador de ojos Waterproof Deliplus 106 marrón,Ojos,,1.0,ud,3.25,3.250,ud
2026-09-26T15:29:09.962639+00:00,svq1,14456,Bolsas congelación grandes Bosque Verde reutilizables,Menaje y conservación de alimentos,Caja,1.0,ud,1.30,0.038,ud
2026-09-26T15:29:09.962639+00:00,svq1,14461,Chuletas de pavo contramuslo,Aves y pollo,Bandeja,0.46,kg,3.59,7.800,kg
2026-09-26T15:29:09.962639+00:00,svq1,14466,Bolsas de basura envases 30L Bosque Verde,Pilas y bolsas de basura,Paquete,1.0,ud,2.30,0.058,ud
2026-09-26T15:29:09.962639+00:00,svq1,14469,Bolitas de coco Hacendado,Chocolate,Paquete,0.24,kg,1.90,7.917,kg
2026-09-26T15:29:09.962639+00:00,svq1,14470,Peras Conferencia,Fruta,,1.06,kg,2.65,2.500,kg
2026-09-26T15:29:09.962639+00:00,svq1,14474,Pepinillos agridulces Hacendado,Aceitunas y encurtidos,Tarro,0.4,kg,1.65,8.049,kg
2026-09-26T15:29:09.962639+00:00,svq1,14484,Surtido bombones Senzza de chocolate,Chocolate,Paquete,0.33,kg,4.20,12.728,kg
2026-09-26T15:29:09.962639+00:00,svq1,14499,Perfilador de ojos Waterproof Deliplus 107 azul,Ojos,,1.0,ud,3.25,3.250,ud
2026-09-26T15:29:09.962639+00:00,svq1,14513,Perfilador de ojos Waterproof Deliplus 108 beige,Ojos,,1.0,ud,3.25,3.250,ud
2026-09-26T15:29:09.962639+00:00,svq1,14576,Barquillos rellenos sabor nata Hacendado,Galletas,Paquete,0.21,kg,1.00,4.762,kg
2026-09-26T15:29:09.962639+00:00,svq1,14581,Galletas de mantequilla Hacendado Belgas,Galletas,Caja,0.18,kg,1.65,9.167,kg
2026-09-26T15:29:09.962639+00:00,svq1,14587,Surtido de pastas artesanas Hacendado,Galletas,Caja,0.5,kg,2.35,4.700,kg
2026-09-26T15:29:09.962639+00:00,svq1,14637,Galletas cookies sin gluten y sin lactosa Hacendado,Galletas,Paquete,0.2,kg,2.05,10.250,kg
2026-09-26T15:29:09.962639+00:00,svq1,14639,Galletas Choco negro con chocolatina Hacendado,Galletas,Caja,0.15,kg,1.35,9.000,kg
2026-09-26T15:29:09.962639+00:00,svq1,14641,Galletas Choco leche con chocolatina Hacendado,Galletas,Caja,0.15,kg,1.35,9.000,kg
2026-09-26T15:29:09.962639+00:00,svq1,14645,Obleas redondas Hacendado,Galletas,Paquete,0.255,kg,2.45,9.608,kg
2026-09-26T15:29:09.962639+00:00,svq1,14706,Bebida de soja con calcio y vitaminas sin azúcares añadidos Hacendado,Leche y bebidas vegetales,,6.0,l,3.90,0.650,L
2026-09-26T15:29:09.962639+00:00,svq1,14707,Bebida de soja con calcio y vitaminas sin azúcares añadidos Hacendado,Leche y bebidas vegetales,Brik,1.0,l,0.65,0.650,L
2026-09-26T15:29:09.962639+00:00,svq1,14711,Surtido de galletas y barquillos Hacendado,Galletas,Paquete,0.5,kg,2.20,4.400,kg
2026-09-26T15:29:09.962639+00:00,svq1,14713,Barritas de avena y chocolate negro Crunchy Nature Valley,Cereales,Caja,0.21,kg,1.95,9.286,kg
2026-09-26T15:29:09.962639+00:00,svq1,14714,Vela perfumada Santal Vanilla Bosque Verde,Insecticida y ambientador,Caja,1.0,ud,1.90,1.900,ud
2026-09-26T15:29:09.962639+00:00,svq1,14716,Vela perfumada Berries Bosque Verde,Insecticida y ambientador,Caja,1.0,ud,1.90,1.900,ud
2026-09-26T15:29:09.962639+00:00,svq1,14717,Vela perfumada Chai Bosque Verde,Insecticida y ambientador,Caja,1.0,ud,1.90,1.900,ud
2026-09-26T15:29:09.962639+00:00,svq1,14719,Vela perfumada Matcha Bosque Verde,Insecticida y ambientador,Caja,1.0,ud,1.90,1.900,ud
2026-09-26T15:29:09.962639+00:00,svq1,14726,Exfoliante Arcilla Blanca Facial Clean Deliplus,Cuidado e higiene facial,Bote,0.1,l,3.50,3.500,100 ml
2026-09-26T15:29:09.962639+00:00,svq1,14727,Aceite de oliva virgen extra Hacendado,"Aceite, vinagre y sal",Garrafa,5.0,l,19.00,3.800,L
2026-09-26T15:29:09.962639+00:00,svq1,14739,Paté de cerdo sabor suave Hacendado,Paté y sobrasada,,0.3,kg,1.55,5.167,kg
2026-09-26T15:29:09.962639+00:00,svq1,14786,Tortitas de maíz campestre Hacendado,Tortitas,Paquete,0.14,kg,1.75,12.500,kg
2026-09-26T15:29:09.962639+00:00,svq1,14797,Costilleja de cerdo ibérica,Cerdo,Pieza,0.56,kg,5.04,9.000,kg
2026-09-26T15:29:09.962639+00:00,svq1,14798,Café en grano Colombia Hacendado,Café molido y en grano,Paquete,0.5,kg,7.00,14.000,kg
2026-09-26T15:29:09.962639+00:00,svq1,14915,Bocaditos de carne en salsa gato adulto esterilizado Delikuit,Gato,Paquete,1.2,kg,3.80,3.167,kg
2026-09-26T15:29:09.962639+00:00,svq1,14934,Surtido de caramelos Diver Xuxes Hacendado,Golosinas,Paquete,0.375,kg,2.95,7.867,kg
2026-09-26T15:29:09.962639+00:00,svq1,14943,Taquitos de cerdo,Cerdo,Bandeja,0.4,kg,2.12,5.300,kg
2026-09-26T15:29:09.962639+00:00,svq1,14948,Mini eau de parfum mujer Flor de Mayo Diamond,Perfume y colonia,Frasco,0.024,l,1.85,7.709,100 ml
2026-09-26T15:29:09.962639+00:00,svq1,14955,Maquinillas depilación desechables Deliplus Body 2 hojas,Depilación,Paquete,1.0,ud,1.40,0.140,ud
2026-09-26T15:29:09.962639+00:00,svq1,14960,Pasta fresca girasoles rellena de carrillera y puré de patata Hacendado,Pasta y fideos,Bandeja,0.25,kg,2.50,10.000,kg
2026-09-26T15:29:09.962639+00:00,svq1,14961,Pan de molde espelta 100% integral Hacendado natural,Pan de molde y otras especialidades,Paquete,0.55,kg,1.65,3.000,kg
2026-09-26T15:29:09.962639+00:00,svq1,14966,Esponja de baño vegetal 100% fibras naturales Deliplus,Gel y jabón de manos,Paquete,1.0,ud,1.50,1.500,ud
2026-09-26T15:29:09.962639+00:00,svq1,14968,Manteca de cerdo Hacendado,Cerdo,Tarrina,0.22,kg,2.20,10.000,kg
2026-09-26T15:29:09.962639+00:00,svq1,14969,Guantes de látex Bosque Verde talla pequeña-mediana,"Estropajo, bayeta y guantes",Paquete,1.0,ud,0.70,0.350,ud
2026-09-26T15:29:09.962639+00:00,svq1,14970,Guantes de látex Bosque Verde talla mediana-grande,"Estropajo, bayeta y guantes",Paquete,1.0,ud,0.70,0.350,ud
2026-09-26T15:29:09.962639+00:00,svq1,14974,Solomillos de pollo adobados,Aves y pollo,Bandeja,0.38,kg,3.34,8.800,kg
2026-09-26T15:29:09.962639+00:00,svq1,14976,Brochetas de cerdo adobadas con varilla,Cerdo,Bandeja,0.33,kg,3.07,9.300,kg
2026-09-26T15:29:09.962639+00:00,svq1,14981,Romero Hacendado,Especias,Bote,0.035,kg,1.35,3.858,100 g
2026-09-26T15:29:09.962639+00:00,svq1,14983,Maquillaje fluido Long Lasting Deliplus mate 100 porcelana,Bases de maquillaje y corrector,,0.03,l,6.50,6.500,ud
2026-09-26T15:29:09.962639+00:00,svq1,14986,Maquillaje serum camomila Deliplus 100 beige muy claro,Bases de maquillaje y corrector,,0.028,l,7.00,7.000,ud
2026-09-26T15:29:09.962639+00:00,svq1,15031,Cabello de Ángel Hida,Conservas de verdura y frutas,Bote,0.52,kg,2.60,5.000,kg
2026-09-26T15:29:09.962639+00:00,svq1,15068,Mermelada de albaricoque Hacendado,Mermelada y miel,Tarro,0.44,kg,1.65,3.750,kg
2026-09-26T15:29:09.962639+00:00,svq1,15076,Mermelada de naranja amarga Hacendado,Mermelada y miel,Tarro,0.44,kg,1.35,3.069,kg
2026-09-26T15:29:09.962639+00:00,svq1,15077,Mermelada de tomate Hacendado,Mermelada y miel,Tarro,0.44,kg,1.95,4.432,kg
2026-09-26T15:29:09.962639+00:00,svq1,15086,Postre de manzana Jamar,Conservas de verdura y frutas,Tarro,0.71,kg,1.90,2.677,kg
2026-09-26T15:29:09.962639+00:00,svq1,15093,Confitura de fresa Hacendado 0% azúcares añadidos,Mermelada y miel,Tarro,0.38,kg,1.60,4.211,kg
2026-09-26T15:29:09.962639+00:00,svq1,15094,Confitura de melocotón Hacendado 0% azúcares añadidos,Mermelada y miel,Tarro,0.38,kg,1.60,4.211,kg
2026-09-26T15:29:09.962639+00:00,svq1,15099,Té Matcha en polvo Hacendado,Té e infusiones,Caja,0.015,kg,2.90,19.334,100 g
2026-09-26T15:29:09.962639+00:00,svq1,15101,Chocolate con leche classic Hacendado extrafino,Chocolate,Tableta,0.125,kg,1.10,8.800,kg
2026-09-26T15:29:09.962639+00:00,svq1,15103,Lomo de cebo ibérico 50% raza ibérica cortado a máquina,Embutido curado,Paquete,0.11,kg,6.33,57.500,kg
2026-09-26T15:29:09.962639+00:00,svq1,15104,Chorizo de cebo ibérico cortado a máquina,Embutido curado,Paquete,0.11,kg,3.19,29.000,kg
2026-09-26T15:29:09.962639+00:00,svq1,15109,Salchichón de cebo ibérico cortado a máquina,Embutido curado,Paquete,0.11,kg,3.19,29.000,kg
2026-09-26T15:29:09.962639+00:00,svq1,15110,Lomo de bellota ibérico 50% raza ibérica cortado a máquina,Embutido curado,Paquete,0.11,kg,7.43,67.500,kg
2026-09-26T15:29:09.962639+00:00,svq1,15112,Chorizo de bellota ibérico cortado a máquina,Embutido curado,Paquete,0.11,kg,4.07,37.000,kg
2026-09-26T15:29:09.962639+00:00,svq1,15116,Salchichón de bellota ibérico cortado a máquina,Embutido curado,Paquete,0.11,kg,4.07,37.000,kg
2026-09-26T15:29:09.962639+00:00,svq1,15137,Porras Hacendado congeladas,Tartas y churros,Paquete,0.24,kg,2.00,8.334,kg
2026-09-26T15:29:09.962639+00:00,svq1,15157,Hojaldre relleno de crema de cacao Hacendado,Bollería envasada,,0.051,kg,0.29,5.750,kg
2026-09-26T15:29:09.962639+00:00,svq1,15159,Maquillaje serum camomila Deliplus 200 beige claro,Bases de maquillaje y corrector,,0.028,l,7.00,7.000,ud
2026-09-26T15:29:09.962639+00:00,svq1,15160,Maquillaje serum camomila Deliplus 210 beige medio,Bases de maquillaje y corrector,,0.028,l,7.00,7.000,ud
2026-09-26T15:29:09.962639+00:00,svq1,15161,Maquillaje serum camomila Deliplus 300 beige oscuro,Bases de maquillaje y corrector,,0.028,l,7.00,7.000,ud
2026-09-26T15:29:09.962639+00:00,svq1,15162,Maquillaje fluido Hydra Deliplus 100 vainilla claro,Bases de maquillaje y corrector,,0.03,l,6.50,6.500,ud
2026-09-26T15:29:09.962639+00:00,svq1,15163,Maquillaje fluido Hydra Deliplus 110 beige rosado,Bases de maquillaje y corrector,,0.03,l,6.50,6.500,ud
2026-09-26T15:29:09.962639+00:00,svq1,15164,Maquillaje fluido Hydra Deliplus 200 beige medio,Bases de maquillaje y corrector,,0.03,l,6.50,6.500,ud
2026-09-26T15:29:09.962639+00:00,svq1,15165,Bizcocho Hacendado,Bollería envasada,Paquete,0.29,kg,1.75,6.035,kg
2026-09-26T15:29:09.962639+00:00,svq1,15166,Maquillaje fluido Hydra Deliplus 210 cappuccino,Bases de maquillaje y corrector,,0.03,l,6.50,6.500,ud
2026-09-26T15:29:09.962639+00:00,svq1,15167,Maquillaje fluido Hydra Deliplus 300 arena,Bases de maquillaje y corrector,,0.03,l,6.50,6.500,ud
2026-09-26T15:29:09.962639+00:00,svq1,15168,Maquillaje fluido Hydra Deliplus 310 caramelo,Bases de maquillaje y corrector,,0.03,l,6.50,6.500,ud
2026-09-26T15:29:09.962639+00:00,svq1,15169,Corrector serum luminoso Deliplus 100 beige claro,Bases de maquillaje y corrector,,0.004,l,5.00,5.000,ud
2026-09-26T15:29:09.962639+00:00,svq1,15170,Corrector serum luminoso Deliplus 200 beige oscuro,Bases de maquillaje y corrector,,0.004,l,5.00,5.000,ud
2026-09-26T15:29:09.962639+00:00,svq1,15171,Corrector Mate Stick Deliplus 100 beige rosado,Bases de maquillaje y corrector,,1.0,ud,4.25,4.250,ud
2026-09-26T15:29:09.962639+00:00,svq1,15177,Corrector Mate Stick Deliplus 200 vainilla,Bases de maquillaje y corrector,,1.0,ud,4.25,4.250,ud
2026-09-26T15:29:09.962639+00:00,svq1,15181,Maquillaje fluido Long Lasting Deliplus mate 110 beige claro,Bases de maquillaje y corrector,,0.03,l,6.50,6.500,ud
2026-09-26T15:29:09.962639+00:00,svq1,15182,Maquillaje fluido Long Lasting Deliplus mate 120 beige rosado,Bases de maquillaje y corrector,,0.03,l,6.50,6.500,ud
2026-09-26T15:29:09.962639+00:00,svq1,15183,Maquillaje fluido Long Lasting Deliplus mate 200 beige medio,Bases de maquillaje y corrector,,0.03,l,6.50,6.500,ud
2026-09-26T15:29:09.962639+00:00,svq1,15184,Maquillaje fluido Long Lasting Deliplus mate 210 beige neutro,Bases de maquillaje y corrector,,0.03,l,6.50,6.500,ud
2026-09-26T15:29:09.962639+00:00,svq1,15185,Maquillaje fluido Long Lasting Deliplus mate 220 beige dorado,Bases de maquillaje y corrector,,0.03,l,6.50,6.500,ud
2026-09-26T15:29:09.962639+00:00,svq1,15186,Maquillaje fluido Long Lasting Deliplus mate 300 almendra,Bases de maquillaje y corrector,,0.03,l,6.50,6.500,ud
2026-09-26T15:29:09.962639+00:00,svq1,15187,Maquillaje fluido Long Lasting Deliplus mate 310 caramelo,Bases de maquillaje y corrector,,0.03,l,6.50,6.500,ud
2026-09-26T15:29:09.962639+00:00,svq1,15193,Coquito,Bollería envasada,,0.033,kg,0.19,5.750,kg
2026-09-26T15:29:09.962639+00:00,svq1,15195,Aritos perro adulto y sénior Compy,Perro,Paquete,2.5,kg,5.50,2.200,kg
2026-09-26T15:29:09.962639+00:00,svq1,15203,Piña en su jugo Hacendado rodajas,Conservas de verdura y frutas,Pack-3,0.681,kg,2.10,5.000,kg
2026-09-26T15:29:09.962639+00:00,svq1,15206,Melocotón en almíbar Hacendado,Conservas de verdura y frutas,Pack-3,0.6,kg,2.35,6.812,kg
2026-09-26T15:29:09.962639+00:00,svq1,15220,Piña en su jugo Hacendado rodajas,Conservas de verdura y frutas,Bote,0.822,kg,2.10,4.286,kg
2026-09-26T15:29:09.962639+00:00,svq1,15260,Melocotón light Hacendado sin azúcares añadidos,Conservas de verdura y frutas,Bote,0.4,kg,1.45,6.042,kg
2026-09-26T15:29:09.962639+00:00,svq1,15264,Morcilla,Embutido,Bandeja,0.35,kg,2.54,7.250,kg
2026-09-26T15:29:09.962639+00:00,svq1,15269,Burgers vegetales Hacendado con calabaza,Platos preparados calientes,Paquete,0.16,kg,1.80,11.250,kg
2026-09-26T15:29:09.962639+00:00,svq1,15272,Corrector fluido Hydra Deliplus 100 porcelana,Bases de maquillaje y corrector,,0.01,l,5.00,5.000,ud
2026-09-26T15:29:09.962639+00:00,svq1,15273,Corrector fluido Hydra Deliplus 200 vainilla,Bases de maquillaje y corrector,,0.01,l,5.00,5.000,ud
2026-09-26T15:29:09.962639+00:00,svq1,15274,Corrector fluido Hydra Deliplus 300 arena,Bases de maquillaje y corrector,,0.01,l,5.00,5.000,ud
2026-09-26T15:29:09.962639+00:00,svq1,15275,Preparado en polvo gelatina maracuyá Hacendado,Harina y preparado repostería,Paquete,0.178,kg,1.75,9.832,kg
2026-09-26T15:29:09.962639+00:00,svq1,15276,Corrector fluido multiusos Long Lasting Deliplus mate 100 beige rosado,Bases de maquillaje y corrector,,0.01,l,4.75,4.750,ud
2026-09-26T15:29:09.962639+00:00,svq1,15277,Corrector fluido multiusos Long Lasting Deliplus mate 200 vainilla,Bases de maquillaje y corrector,,0.01,l,4.75,4.750,ud
2026-09-26T15:29:09.962639+00:00,svq1,15278,Corrector fluido multiusos Long Lasting Deliplus mate 210 arena,Bases de maquillaje y corrector,,0.01,l,4.75,4.750,ud
2026-09-26T15:29:09.962639+00:00,svq1,15279,Corrector fluido multiusos Long Lasting Deliplus mate 300 cappuccino,Bases de maquillaje y corrector,,0.01,l,4.75,4.750,ud
2026-09-26T15:29:09.962639+00:00,svq1,15280,Maquillaje Mate Stick multiusos Deliplus 100 beige claro,Bases de maquillaje y corrector,,0.01,kg,7.00,7.000,ud
2026-09-26T15:29:09.962639+00:00,svq1,15281,Maquillaje Mate Stick multiusos Deliplus 200 beige medio,Bases de maquillaje y corrector,,0.01,kg,7.00,7.000,ud
2026-09-26T15:29:09.962639+00:00,svq1,15282,Maquillaje Mate Stick multiusos Deliplus 210 caramelo,Bases de maquillaje y corrector,,0.01,kg,7.00,7.000,ud
2026-09-26T15:29:09.962639+00:00,svq1,15283,Maquillaje Mate Stick multiusos Deliplus 220 almendra,Bases de maquillaje y corrector,,0.01,kg,7.00,7.000,ud
2026-09-26T15:29:09.962639+00:00,svq1,15284,Maquillaje Mate Stick multiusos Deliplus 300 mocca,Bases de maquillaje y corrector,,0.01,kg,7.00,7.000,ud
2026-09-26T15:29:09.962639+00:00,svq1,15285,Maquillaje Mate Stick multiusos bronzer Deliplus 400 chocolate,Bases de maquillaje y corrector,,0.01,kg,7.00,7.000,ud
2026-09-26T15:29:09.962639+00:00,svq1,15286,Patatas prefritas Waffle con piel Hacendado ultracongeladas,Fruta y verdura,Paquete,0.6,kg,2.10,3.500,kg
2026-09-26T15:29:09.962639+00:00,svq1,15287,Bastones de batata Hacendado ultracongelada,Fruta y verdura,Paquete,0.75,kg,2.65,3.534,kg
2026-09-26T15:29:09.962639+00:00,svq1,15290,Lote mujer Como tú Amor,Perfume y colonia,Caja,1.0,ud,10.00,10.000,ud
2026-09-26T15:29:09.962639+00:00,svq1,15292,Lote hombre 9.60 Acción,Perfume y colonia,Caja,1.0,ud,4.50,4.500,ud
2026-09-26T15:29:09.962639+00:00,svq1,15301,Dátiles desecados sin hueso Hacendado,Frutos secos y fruta desecada,Paquete,0.25,kg,1.65,6.600,kg
2026-09-26T15:29:09.962639+00:00,svq1,15345,Recambio ambientador automático Cotton Bosque Verde,Insecticida y ambientador,Spray,0.25,l,1.80,7.200,L
2026-09-26T15:29:09.962639+00:00,svq1,15348,Dentífrico Total Expert Deliplus con paraprobiótico,Higiene bucal,Tubo,0.1,l,1.70,1.700,100 ml
2026-09-26T15:29:09.962639+00:00,svq1,15349,Dentífrico gel Blanqueador Xtrem Deliplus,Higiene bucal,Bote,0.1,l,1.80,1.800,100 ml
2026-09-26T15:29:09.962639+00:00,svq1,15428,Miel de caña de azúcar Nuestra Señora del Carmen,Mermelada y miel,Tarro,0.3,kg,2.40,8.000,kg
2026-09-26T15:29:09.962639+00:00,svq1,15430,Miel de flores Hacendado,Mermelada y miel,Bote,0.5,kg,3.20,6.400,kg
2026-09-26T15:29:09.962639+00:00,svq1,15436,Miel de flores Hacendado,Mermelada y miel,Tarro,1.0,kg,5.00,5.000,kg
2026-09-26T15:29:09.962639+00:00,svq1,15448,Miel de naranjo Hacendado,Mermelada y miel,Bote,0.5,kg,4.40,8.800,kg
2026-09-26T15:29:09.962639+00:00,svq1,15522,Elixir a base de ron La Recompensa,Licores,Botella,0.7,l,7.50,10.715,L
2026-09-26T15:29:09.962639+00:00,svq1,15530,Sticks de salami extra Hacendado,Embutido curado,Paquete,0.05,kg,1.10,22.000,kg
2026-09-26T15:29:09.962639+00:00,svq1,15534,Patatas cocidas Hacendado,Conservas de verdura y frutas,Tarro,0.66,kg,1.90,4.750,kg
2026-09-26T15:29:09.962639+00:00,svq1,15545,Churros Hacendado ultracongelados,Tartas y churros,Paquete,0.5,kg,1.50,3.000,kg
2026-09-26T15:29:09.962639+00:00,svq1,15560,"Comida con pollo fresco, frutas y verduras gato adulto esterilizado Supreme Compy",Gato,Paquete,1.5,kg,5.80,3.867,kg
2026-09-26T15:29:09.962639+00:00,svq1,15565,Maquinilla depilación recargable Gillette Venus 3 hojas Comfortglide,Depilación,Caja,1.0,ud,7.95,7.950,ud
2026-09-26T15:29:09.962639+00:00,svq1,15589,Patatas fritas onduladas Hacendado,Patatas fritas y snacks,Paquete,0.15,kg,1.10,7.334,kg
2026-09-26T15:29:09.962639+00:00,svq1,15592,Caldo de verduras Hacendado en pastillas,Sopa y caldo,Caja,0.12,kg,0.85,7.084,kg
2026-09-26T15:29:09.962639+00:00,svq1,15597,Galletas de cacao Caocream Hacendado rellenas de crema,Galletas,Caja,0.44,kg,1.55,3.523,kg
2026-09-26T15:29:09.962639+00:00,svq1,15599,Leche evaporada Hacendado,Leche y bebidas vegetales,,0.6,l,1.66,2.767,kg
2026-09-26T15:29:09.962639+00:00,svq1,15604,Gazpacho tradicional Hacendado,Gazpacho y cremas,Botella,1.0,l,1.50,1.500,L
2026-09-26T15:29:09.962639+00:00,svq1,15611,Cereales avena Crunchy Hacendado,Cereales,Caja,0.4,kg,1.80,4.500,kg
2026-09-26T15:29:09.962639+00:00,svq1,15628,Jamón serrano gran reserva Hacendado sin aditivos lonchas,Jamón serrano,Paquete,0.09,kg,2.30,25.556,kg
2026-09-26T15:29:09.962639+00:00,svq1,15631,Agua mineral grande Font Natura,Agua,Garrafa,6.0,l,0.82,0.137,L
2026-09-26T15:29:09.962639+00:00,svq1,15633,Chocolate con leche Hacendado avellanas troceadas,Chocolate,Tableta,0.15,kg,1.65,11.000,kg
2026-09-26T15:29:09.962639+00:00,svq1,15636,Bolsa isotérmica,Menaje y conservación de alimentos,,1.0,ud,1.90,1.900,ud
2026-09-26T15:29:09.962639+00:00,svq1,15637,Cepillo de uñas Deliplus,Manicura y pedicura,,1.0,ud,1.90,1.900,ud
2026-09-26T15:29:09.962639+00:00,svq1,1564,Costilla de cerdo ibérico adobada,Cerdo,Bandeja,0.5,kg,3.78,7.550,kg
2026-09-26T15:29:09.962639+00:00,svq1,15640,"Comida con pollo, frutas y verduras gato júnior Compy",Gato,Paquete,1.5,kg,3.30,2.200,kg
2026-09-26T15:29:09.962639+00:00,svq1,15647,Bebida de almendras con calcio Hacendado,Leche y bebidas vegetales,,6.0,l,6.60,1.100,L
2026-09-26T15:29:09.962639+00:00,svq1,15648,Bebida de almendras con calcio Hacendado,Leche y bebidas vegetales,Brik,1.0,l,1.10,1.100,L
2026-09-26T15:29:09.962639+00:00,svq1,15660,Yogur líquido piña y coco Hacendado 0% MG 0% azúcares añadidos,Yogures líquidos,Botella,1.0,kg,1.50,1.500,kg
2026-09-26T15:29:09.962639+00:00,svq1,15661,Yogur líquido frutos silvestres Hacendado 0% MG 0% azúcares añadidos,Yogures líquidos,Botella,1.0,kg,1.50,1.500,kg
2026-09-26T15:29:09.962639+00:00,svq1,15662,Bebida Kéfir natural Hacendado 0% MG,Yogures líquidos,Botella,0.25,kg,0.90,3.600,kg
2026-09-26T15:29:09.962639+00:00,svq1,15664,Bebida Kéfir de coco Hacendado,Yogures líquidos,Botella,0.25,kg,1.10,4.400,kg
2026-09-26T15:29:09.962639+00:00,svq1,15679,Percarbonato blanqueante con bicarbonato Bosque Verde,Detergente y suavizante ropa,Paquete,0.75,kg,1.65,2.200,kg
2026-09-26T15:29:09.962639+00:00,svq1,15691.1,Hogaza de centeno 50%,Pan de horno,,0.5,kg,1.70,3.400,kg
2026-09-26T15:29:09.962639+00:00,svq1,15691.2,Hogaza de centeno 50% rebanado,Pan de horno,,0.5,kg,1.70,3.400,kg
2026-09-26T15:29:09.962639+00:00,svq1,15700,Jamón serrano cortado a máquina,Jamón serrano,Paquete,0.19,kg,4.75,25.000,kg
2026-09-26T15:29:09.962639+00:00,svq1,15705,Eau de toilette mujer Vuela,Perfume y colonia,Frasco,0.1,l,3.80,3.800,100 ml
2026-09-26T15:29:09.962639+00:00,svq1,15726,Infusión Digest Hacendado,Té e infusiones,Caja,0.04,kg,1.05,2.625,100 g
2026-09-26T15:29:09.962639+00:00,svq1,15757,Aros de maíz Hacendado,Patatas fritas y snacks,Paquete,0.12,kg,0.85,7.084,kg
2026-09-26T15:29:09.962639+00:00,svq1,15758,Agua mineral grande Fuente Dehesa,Agua,,9.0,l,2.34,0.260,L
2026-09-26T15:29:09.962639+00:00,svq1,15759,Agua mineral grande Fuente Dehesa,Agua,Botella,1.5,l,0.39,0.260,L
2026-09-26T15:29:09.962639+00:00,svq1,15760,Agua mineral mediana Fuente Dehesa,Agua,,6.0,l,3.00,0.500,L
2026-09-26T15:29:09.962639+00:00,svq1,15761,Agua mineral mediana Fuente Dehesa,Agua,Botella,1.0,l,0.50,0.500,L
2026-09-26T15:29:09.962639+00:00,svq1,15762,Agua mineral pequeña Fuente Dehesa,Agua,,3.0,l,1.74,0.580,L
2026-09-26T15:29:09.962639+00:00,svq1,15763,Agua mineral pequeña Fuente Dehesa,Agua,Botella,0.5,l,0.29,0.580,L
2026-09-26T15:29:09.962639+00:00,svq1,15768,Huevos de gallinas camperas,Huevos,Paquete,12.0,ud,3.35,3.350,dc
2026-09-26T15:29:09.962639+00:00,svq1,15793,Salsa Light Hacendado,"Mayonesa, ketchup y mostaza",Tarro,0.5,l,1.20,2.400,L
2026-09-26T15:29:09.962639+00:00,svq1,15810,Patatas light Hacendado,Patatas fritas y snacks,Paquete,0.15,kg,1.35,9.000,kg
2026-09-26T15:29:09.962639+00:00,svq1,15842,Rosquito frito con azúcar Hacendado,Bollería envasada,,0.04,kg,0.23,5.750,kg
2026-09-26T15:29:09.962639+00:00,svq1,15844,Galletas rellenas de chocolate Hacendado 0% azúcares añadidos,Galletas,Paquete,0.25,kg,1.40,5.600,kg
2026-09-26T15:29:09.962639+00:00,svq1,15846,Vermouth blanco Maronti,Licores,Botella,1.0,l,3.00,3.000,L
2026-09-26T15:29:09.962639+00:00,svq1,15895,Perlas faciales Q10 Khanya concentrado reafirmante antiarrugas,Cuidado e higiene facial,Paquete,1.0,ud,1.50,0.215,ud
2026-09-26T15:29:09.962639+00:00,svq1,15896,Habas fritas con sal Hacendado,Frutos secos y fruta desecada,Paquete,0.1,kg,1.30,13.000,kg
2026-09-26T15:29:09.962639+00:00,svq1,15909,Margarina Flora Proactiv,Mantequilla y margarina,Tarrina,0.225,kg,3.19,14.178,kg
2026-09-26T15:29:09.962639+00:00,svq1,15912,Postre crema de turrón Hacendado,Gelatina y otros postres,Pack-4,0.5,kg,2.10,4.200,kg
2026-09-26T15:29:09.962639+00:00,svq1,15922,Café molido mezcla Hacendado,Café molido y en grano,Paquete,0.5,kg,4.50,9.000,kg
2026-09-26T15:29:09.962639+00:00,svq1,15923,Café molido mezcla Hacendado,Café molido y en grano,Paquete,0.25,kg,2.50,10.000,kg
2026-09-26T15:29:09.962639+00:00,svq1,15936,Cerveza especial Estrella Galicia,Cerveza,Botellín,0.25,l,0.69,2.760,L
2026-09-26T15:29:09.962639+00:00,svq1,15953,Obleas para helado Hacendado,Galletas,Paquete,0.052,kg,0.70,13.462,kg
2026-09-26T15:29:09.962639+00:00,svq1,15966,Guindillas picantes Hacendado,Aceitunas y encurtidos,Tarro,0.29,kg,1.55,11.924,kg
2026-09-26T15:29:09.962639+00:00,svq1,15968,Vasos grandes de plástico Bosque Verde reutilizables,Menaje y conservación de alimentos,Paquete,10.0,ud,1.75,0.175,ud
2026-09-26T15:29:09.962639+00:00,svq1,15970,"Comida con pollo, ternera, frutas y verduras perro adulto Compy",Perro,Paquete,3.0,kg,5.50,1.834,kg
2026-09-26T15:29:09.962639+00:00,svq1,15972,"Comida con pollo, ternera, frutas y verduras perro adulto Compy",Perro,Paquete,4.0,kg,6.00,1.500,kg
2026-09-26T15:29:09.962639+00:00,svq1,15973,"Comida con salmón, atún, frutas y verduras perro adulto Compy",Perro,Paquete,4.0,kg,6.75,1.688,kg
2026-09-26T15:29:09.962639+00:00,svq1,15976,"Comida con pollo fresco, frutas y verduras perro adulto Supreme Compy",Perro,Paquete,1.5,kg,5.25,3.500,kg
2026-09-26T15:29:09.962639+00:00,svq1,15977,"Comida con salmón fresco, frutas y verduras perro adulto Supreme Compy",Perro,Paquete,1.5,kg,6.00,4.000,kg
2026-09-26T15:29:09.962639+00:00,svq1,15979,"Comida con pollo fresco, frutas y verduras perro adulto Supreme Compy",Perro,Saco,10.0,kg,24.50,2.450,kg
2026-09-26T15:29:09.962639+00:00,svq1,15982,"Comida con salmón, atún, frutas y verduras gato adulto Compy",Gato,Paquete,2.0,kg,3.10,1.550,kg
2026-09-26T15:29:09.962639+00:00,svq1,15983,"Comida con salmón, atún, frutas y verduras gato adulto Compy",Gato,Paquete,10.0,kg,13.50,1.350,kg
2026-09-26T15:29:09.962639+00:00,svq1,15984,Mousse de carne gato adulto Delikuit,Gato,Tarrina,0.34,kg,2.00,5.883,kg
2026-09-26T15:29:09.962639+00:00,svq1,15985,Mousse de pescado gato adulto Delikuit,Gato,Tarrina,0.34,kg,2.00,5.883,kg
2026-09-26T15:29:09.962639+00:00,svq1,15986,"Comida con pollo, ternera, frutas y verduras gato adulto Compy",Gato,Paquete,2.0,kg,2.95,1.475,kg
2026-09-26T15:29:09.962639+00:00,svq1,15987,"Comida con pollo, ternera, frutas y verduras gato adulto Compy",Gato,Paquete,10.0,kg,12.50,1.250,kg
2026-09-26T15:29:09.962639+00:00,svq1,16005,Pimientos del piquillo enteros Hacendado extra,Conservas de verdura y frutas,Tarro,0.34,kg,1.45,5.273,kg
2026-09-26T15:29:09.962639+00:00,svq1,16012,Tomate tamizado sin piel Hacendado,Tomate,Brik,0.39,kg,0.90,2.308,kg
2026-09-26T15:29:09.962639+00:00,svq1,16022,Tomate troceado pelado Hacendado,Tomate,Bote,0.41,kg,0.70,1.708,kg
2026-09-26T15:29:09.962639+00:00,svq1,16040,Corazones de alcachofa Hacendado,Conservas de verdura y frutas,Tarro,0.29,kg,1.80,10.286,kg
2026-09-26T15:29:09.962639+00:00,svq1,16041,Tomate entero pelado Hacendado,Tomate,Bote,0.8,kg,1.35,2.813,kg
2026-09-26T15:29:09.962639+00:00,svq1,16043,Tomate triturado Hacendado,Tomate,Bote,0.8,kg,1.00,1.250,kg
2026-09-26T15:29:09.962639+00:00,svq1,16044,Tomate triturado Hacendado,Tomate,Bote,0.4,kg,0.55,1.375,kg
2026-09-26T15:29:09.962639+00:00,svq1,16046,Tomate seco Hacendado en aceite de oliva,Tomate,Tarro,0.19,kg,2.20,23.158,kg
2026-09-26T15:29:09.962639+00:00,svq1,16074,Tomate doble concentrado Hacendado extra,Tomate,Bote,0.17,kg,1.05,6.177,kg
2026-09-26T15:29:09.962639+00:00,svq1,16103,Pimientos asados en tiras Hacendado,Conservas de verdura y frutas,Bandeja,0.29,kg,2.40,8.276,kg
2026-09-26T15:29:09.962639+00:00,svq1,16106,Ensalada de pimientos del piquillo Cidacos,Conservas de verdura y frutas,Pack-2,0.4,kg,2.00,5.556,kg
2026-09-26T15:29:09.962639+00:00,svq1,16117,Pimientos en tiras condimentados Hacendado,Conservas de verdura y frutas,Tarro,0.29,kg,1.05,4.773,kg
2026-09-26T15:29:09.962639+00:00,svq1,16124,Pimientos rojos asados Hacendado en tiras extra,Conservas de verdura y frutas,Pack-3,0.24,kg,1.35,7.500,kg
2026-09-26T15:29:09.962639+00:00,svq1,16252,Bacón Hacendado cintas,Bacón y salchichas,,0.26,kg,1.95,7.500,kg
2026-09-26T15:29:09.962639+00:00,svq1,16253,Snack de lentejas horneado Lentils Hacendado,Patatas fritas y snacks,Paquete,0.1,kg,1.25,12.500,kg
2026-09-26T15:29:09.962639+00:00,svq1,16254,Aceitunas verdes rellenas con pepinillo Hacendado,Aceitunas y encurtidos,Tarro,0.42,kg,2.25,10.228,kg
2026-09-26T15:29:09.962639+00:00,svq1,16257,Lote Flection Sports Edition 6 hojas Deliplus,Afeitado y cuidado para hombre,Caja,1.0,ud,14.00,14.000,ud
2026-09-26T15:29:09.962639+00:00,svq1,16260,Chopped cocido en lata Hacendado finas lonchas,Chopped y mortadela,Paquete,0.2,kg,1.85,9.250,kg
2026-09-26T15:29:09.962639+00:00,svq1,16261,Protegeslip suave normal Deliplus,Higiene íntima,Caja,1.0,ud,1.90,0.028,ud
2026-09-26T15:29:09.962639+00:00,svq1,16262,Pañales bebé talla 6 Deliplus de +17 kg,Toallitas y pañales,Paquete,34.0,ud,9.75,0.287,ud
2026-09-26T15:29:09.962639+00:00,svq1,16263,Perlas Sol Deliplus,Fitoterapia,Caja,0.0183,kg,3.90,0.130,ud
2026-09-26T15:29:09.962639+00:00,svq1,16264,Crema al cacao con avellanas Nocilla original,Chocolate,Bote,0.36,kg,2.95,8.195,kg
2026-09-26T15:29:09.962639+00:00,svq1,16265,Crema al cacao y leche con avellanas Nocilla,Chocolate,Bote,0.36,kg,2.95,8.195,kg
2026-09-26T15:29:09.962639+00:00,svq1,16272,Paté de cerdo La Piara tapa negra,Paté y sobrasada,,0.279,kg,3.95,14.158,kg
2026-09-26T15:29:09.962639+00:00,svq1,16275,Gelatina neutra en láminas Foodsy,Harina y preparado repostería,Paquete,0.02,kg,1.20,6.000,100 g
2026-09-26T15:29:09.962639+00:00,svq1,16280,Longaniza de pavo Imperial extra Hacendado,Aves y jamón cocido,Pieza,0.21,kg,3.95,18.810,kg
2026-09-26T15:29:09.962639+00:00,svq1,16285,Barritas de barquillo Kit-Kat bañadas de chocolate con leche,Chocolate,Paquete,0.1245,kg,1.95,15.663,kg
2026-09-26T15:29:09.962639+00:00,svq1,16288,Bizcocho de manzana,Bollería de horno,Paquete,0.6,kg,4.20,7.000,kg
2026-09-26T15:29:09.962639+00:00,svq1,16293,Compresa normal Evax Cottonlike sin alas,Higiene íntima,Paquete,1.0,ud,4.20,0.175,ud
2026-09-26T15:29:09.962639+00:00,svq1,16313,Judías verdes planas Hacendado,Conservas de verdura y frutas,Tarro,0.66,kg,1.10,3.056,kg
2026-09-26T15:29:09.962639+00:00,svq1,16315,Judías verdes redondas Hacendado,Conservas de verdura y frutas,Tarro,0.66,kg,1.10,3.056,kg
2026-09-26T15:29:09.962639+00:00,svq1,16317,Mantecadas Hacendado,Bollería envasada,Paquete,0.52,kg,2.30,4.424,kg
2026-09-26T15:29:09.962639+00:00,svq1,16329,Barritas de galleta y caramelo Hacendado bañadas de chocolate con leche,Chocolate,Paquete,0.21,kg,1.75,8.334,kg
2026-09-26T15:29:09.962639+00:00,svq1,16331,Crema facial fluida noche Deliplus aclarante anti-manchas,Cuidado e higiene facial,Bote,0.05,l,6.00,12.000,100 ml
2026-09-26T15:29:09.962639+00:00,svq1,16332,Crema facial fotocorrector unificador anti-manchas Deliplus FPS 50,Cuidado e higiene facial,Bote,0.05,l,6.00,12.000,100 ml
2026-09-26T15:29:09.962639+00:00,svq1,16334,Salteado de verduras asadas Hacendado ultracongeladas,Fruta y verdura,Paquete,0.45,kg,1.80,4.000,kg
2026-09-26T15:29:09.962639+00:00,svq1,16339,Protector labial Deliplus FPS 30,Protector solar y aftersun,Caja,0.004,kg,1.65,1.650,ud
2026-09-26T15:29:09.962639+00:00,svq1,16344,Refresco té soluble manzana Hacendado,Refresco de té y sin gas,Caja,0.036,kg,1.50,4.167,100 g
2026-09-26T15:29:09.962639+00:00,svq1,16352,Jamón cocido jugoso Hacendado lonchas,Aves y jamón cocido,Paquete,0.25,kg,1.95,7.800,kg
2026-09-26T15:29:09.962639+00:00,svq1,16362,Golosinas llaves super ácidas Hacendado,Golosinas,Paquete,0.08,kg,1.00,12.500,kg
2026-09-26T15:29:09.962639+00:00,svq1,16363,Café en cápsula extra forte Hacendado,Café cápsula y monodosis,Caja,0.128,kg,3.25,0.204,ud
2026-09-26T15:29:09.962639+00:00,svq1,16368,Máscara de pestañas Blue Xtrem efecto longitud infinita Deliplus azul,Ojos,,0.0085,l,4.50,4.500,ud
2026-09-26T15:29:09.962639+00:00,svq1,16374,Lote corporal mujer Pistacho Cream Deliplus,Cuidado corporal,,1.0,ud,6.00,6.000,ud
2026-09-26T15:29:09.962639+00:00,svq1,16377,Crema corporal anticelulítico reafirmante Deliplus,Cuidado corporal,Bote,0.4,l,5.50,1.375,100 ml
2026-09-26T15:29:09.962639+00:00,svq1,16382,Mousse facial limpiadora purificante Oil Free piel grasa y acneica,Cuidado e higiene facial,Bote,0.2,l,4.00,2.000,100 ml
2026-09-26T15:29:09.962639+00:00,svq1,16383,Gel facial seborregulador antimarcas Oil Free,Cuidado e higiene facial,Bote,0.05,l,5.00,10.000,100 ml
2026-09-26T15:29:09.962639+00:00,svq1,16384,Eau de parfum hombre Como tú Audaz,Perfume y colonia,Frasco,0.1,l,8.00,8.000,100 ml
2026-09-26T15:29:09.962639+00:00,svq1,16386,Stick antirozaduras Deliplus,Cuidado corporal,Bote,0.012,kg,4.00,33.334,100 g
2026-09-26T15:29:09.962639+00:00,svq1,16387,Nachos Padrísimos Hacendado sabor guacamole,Patatas fritas y snacks,Paquete,0.15,kg,0.95,6.334,kg
2026-09-26T15:29:09.962639+00:00,svq1,16391,Eau de parfum mujer Alma Como Tú,Perfume y colonia,Frasco,0.1,l,8.00,8.000,100 ml
2026-09-26T15:29:09.962639+00:00,svq1,16395,Jamón cocido Hacendado finas lonchas,Aves y jamón cocido,,0.45,kg,3.35,7.445,kg
2026-09-26T15:29:09.962639+00:00,svq1,16397,Lote mujer Como tú Extratime,Cuidado corporal,,1.0,ud,10.00,10.000,ud
2026-09-26T15:29:09.962639+00:00,svq1,16415,Guisantes extra Hacendado,Conservas de verdura y frutas,Pack-3,0.555,kg,1.75,4.862,kg
2026-09-26T15:29:09.962639+00:00,svq1,16416,Guisantes extra Hacendado,Conservas de verdura y frutas,Bote,0.39,kg,0.95,3.800,kg
2026-09-26T15:29:09.962639+00:00,svq1,16431,Crema corporal Africa oil Deliplus,Cuidado corporal,Tarro,0.3,l,3.30,1.100,100 ml
2026-09-26T15:29:09.962639+00:00,svq1,16434,Vino tinto Mimbral Tierra de cádiz,Vino tinto,Botella,0.75,l,6.25,8.334,L
2026-09-26T15:29:09.962639+00:00,svq1,16438,Bebida isotónica melocotón rojo Aquarius,Isotónico y energético,Botella,1.5,l,1.69,1.127,L
2026-09-26T15:29:09.962639+00:00,svq1,16440,Bebida energética Strawberry Dreams Monster Energy Ultra zero azúcar,Isotónico y energético,Lata,0.5,l,1.45,2.900,L
2026-09-26T15:29:09.962639+00:00,svq1,16441,Caramelos masticables con palo Lolipop Fiesta sabor fresa,Chicles y caramelos,Paquete,0.048,kg,1.00,2.084,100 g
2026-09-26T15:29:09.962639+00:00,svq1,16442,Detergente ropa todo en 1 frescor floral Ariel Pods en cápsulas,Detergente y suavizante ropa,Caja,0.4636,kg,6.90,0.364,ud
2026-09-26T15:29:09.962639+00:00,svq1,16443,"Golosinas Rega Pica Mix Hacendado sabor fresa, frambuesa, manzana y cola ácida",Golosinas,Paquete,0.3,kg,1.60,5.334,kg
2026-09-26T15:29:09.962639+00:00,svq1,16447,Perfilador de ojos Eyeliner Waterproof Deliplus negro,Ojos,,1.0,ud,3.75,3.750,ud
2026-09-26T15:29:09.962639+00:00,svq1,16455,Perfilador de ojos Eyeliner Precision Deliplus negro,Ojos,,1.0,ud,3.75,3.750,ud
2026-09-26T15:29:09.962639+00:00,svq1,16459,Snacks rellenos con salmón y malta gato Compy,Gato,Paquete,0.15,kg,2.10,14.000,kg
2026-09-26T15:29:09.962639+00:00,svq1,16460,Snacks rellenos con pollo y malta gato Compy,Gato,Paquete,0.15,kg,2.10,14.000,kg
2026-09-26T15:29:09.962639+00:00,svq1,16461,Tónica original Schweppes,Tónica y bitter,Botella,1.0,l,1.80,1.800,L
2026-09-26T15:29:09.962639+00:00,svq1,16463,"Bolsita puré manzana, mango, frambuesa, plátano y papaya Hacendado +6 meses",Alimentación infantil,,0.12,kg,0.90,7.500,kg
2026-09-26T15:29:09.962639+00:00,svq1,16467,Torrijas fritas congeladas,Tartas y churros,Bandeja,0.48,kg,6.00,12.500,kg
2026-09-26T15:29:09.962639+00:00,svq1,16472,Parches faciales Hidrocoloides Oil Free,Cuidado e higiene facial,Caja,1.0,ud,4.50,0.188,ud
2026-09-26T15:29:09.962639+00:00,svq1,16484,Salchichón extra pimienta Hacendado finas lonchas,Embutido curado,Paquete,0.115,kg,2.00,17.392,kg
2026-09-26T15:29:09.962639+00:00,svq1,16485,Salami extra pimienta Hacendado finas lonchas,Embutido curado,Paquete,0.115,kg,2.00,17.392,kg
2026-09-26T15:29:09.962639+00:00,svq1,16503,Yemas de espárragos Hacendado,Conservas de verdura y frutas,Pack-2,0.31,kg,3.25,16.250,kg
2026-09-26T15:29:09.962639+00:00,svq1,16519,Espárragos blancos medianos Hacendado,Conservas de verdura y frutas,Tarro,0.2,kg,1.70,15.455,kg
2026-09-26T15:29:09.962639+00:00,svq1,16554,Paté de pollo perro adulto Delikuit,Perro,Bote,1.2,kg,2.10,1.750,kg
2026-09-26T15:29:09.962639+00:00,svq1,16561,Espárragos blancos muy gruesos Hacendado enteros,Conservas de verdura y frutas,Tarro,0.54,kg,3.30,10.154,kg
2026-09-26T15:29:09.962639+00:00,svq1,16562,Fingers de merluza Hacendado ultracongelados,Rebozados,Paquete,0.4,kg,3.75,9.375,kg
2026-09-26T15:29:09.962639+00:00,svq1,16578,Paté con salmón gato adulto Delikuit,Gato,Tarrina,0.1,kg,0.35,3.500,kg
2026-09-26T15:29:09.962639+00:00,svq1,16580,Paté con pollo gato adulto Delikuit,Gato,Tarrina,0.1,kg,0.35,3.500,kg
2026-09-26T15:29:09.962639+00:00,svq1,16616,Champiñón laminado Hacendado,Conservas de verdura y frutas,Pack-3,0.45,kg,1.80,7.059,kg
2026-09-26T15:29:09.962639+00:00,svq1,16618,Champiñones laminados Hacendado,Conservas de verdura y frutas,Bote,0.355,kg,1.00,5.556,kg
2026-09-26T15:29:09.962639+00:00,svq1,16625,Champiñón entero Hacendado,Conservas de verdura y frutas,Bote,0.355,kg,1.45,8.056,kg
2026-09-26T15:29:09.962639+00:00,svq1,16711,Palmito al natural entero Hacendado,Conservas de verdura y frutas,Tarro,0.41,kg,2.55,10.200,kg
2026-09-26T15:29:09.962639+00:00,svq1,16712,Maíz dulce Hacendado,Conservas de verdura y frutas,Pack-3,0.45,kg,1.55,3.691,kg
2026-09-26T15:29:09.962639+00:00,svq1,16714,Maíz dulce Hacendado,Conservas de verdura y frutas,Pack-3,0.225,kg,1.25,5.953,kg
2026-09-26T15:29:09.962639+00:00,svq1,16717,Chucrut al estilo bávaro Hengstenberg,Conservas de verdura y frutas,Tarro,0.68,kg,2.20,3.385,kg
2026-09-26T15:29:09.962639+00:00,svq1,16737,Macedonia de verduras Hacendado,Conservas de verdura y frutas,Tarro,0.535,kg,0.90,2.813,kg
2026-09-26T15:29:09.962639+00:00,svq1,16757,Mazorquitas de maíz agridulce Hacendado,Conservas de verdura y frutas,Tarro,0.35,kg,2.60,13.685,kg
2026-09-26T15:29:09.962639+00:00,svq1,16807,Avena molida Hacendado,Cereales,Paquete,0.5,kg,1.15,2.300,kg
2026-09-26T15:29:09.962639+00:00,svq1,16812,Migas de bonito del norte en aceite de oliva Hacendado,Atún y otras conservas de pescado,Pack-3,0.24,kg,2.90,18.590,kg
2026-09-26T15:29:09.962639+00:00,svq1,16827,Salsa Mexicana Hacendado,Otras salsas,Tarro,0.3,kg,1.25,4.167,kg
2026-09-26T15:29:09.962639+00:00,svq1,16830,Detergente ropa Ariel líquido,Detergente y suavizante ropa,Botella,1.35,l,5.95,0.199,lv
2026-09-26T15:29:09.962639+00:00,svq1,16831,Absorbeolores Ropa Limpia Bosque Verde,Insecticida y ambientador,,1.0,ud,0.85,0.850,ud
2026-09-26T15:29:09.962639+00:00,svq1,16833,Combinado frutos secos Hacendado,Frutos secos y fruta desecada,Paquete,0.2,kg,2.60,13.000,kg
2026-09-26T15:29:09.962639+00:00,svq1,16860,Bombitas de maíz sabor mantequilla Hacendado,Patatas fritas y snacks,Paquete,0.08,kg,0.80,10.000,kg
2026-09-26T15:29:09.962639+00:00,svq1,16861,Galantina con pistacho y trufa Hacendado finas lonchas,Chopped y mortadela,Paquete,0.15,kg,1.85,12.334,kg
2026-09-26T15:29:09.962639+00:00,svq1,16864,Sal fina de mesa Hacendado,"Aceite, vinagre y sal",Bote,0.3,kg,0.75,2.500,kg
2026-09-26T15:29:09.962639+00:00,svq1,16883,Crema de cacahuete 100% Hacendado,Chocolate,Tarro,0.5,kg,2.65,5.300,kg
2026-09-26T15:29:09.962639+00:00,svq1,1699,Pan de molde blanco rebanada gruesa Hacendado,Pan de molde y otras especialidades,Paquete,0.82,kg,1.70,2.074,kg
2026-09-26T15:29:09.962639+00:00,svq1,17038,Mayonesa Ybarra,"Mayonesa, ketchup y mostaza",Bote,0.5,l,2.45,4.900,L
2026-09-26T15:29:09.962639+00:00,svq1,17039,Salsa Original Ligeresa,"Mayonesa, ketchup y mostaza",Bote,0.43,l,2.65,6.163,L
2026-09-26T15:29:09.962639+00:00,svq1,17108,Tomate frito Hacendado,Otras salsas,Tarro,0.56,kg,0.90,1.608,kg
2026-09-26T15:29:09.962639+00:00,svq1,17112,Fritada pisto Hacendado,Tomate,Brik,0.38,kg,1.30,3.422,kg
2026-09-26T15:29:09.962639+00:00,svq1,17128,Tomate frito Hacendado con aceite de oliva,Otras salsas,Pack-3,0.63,kg,1.40,2.223,kg
2026-09-26T15:29:09.962639+00:00,svq1,17131,Tomate frito receta artesana Hacendado,Otras salsas,Tarro,0.3,kg,1.40,4.667,kg
2026-09-26T15:29:09.962639+00:00,svq1,17132,Tomate frito Hacendado,Otras salsas,Pack-3,1.2,kg,1.35,1.125,kg
2026-09-26T15:29:09.962639+00:00,svq1,17147,Sazonador para burritos Hacendado,Especias,Sobre,0.04,kg,1.30,3.250,100 g
2026-09-26T15:29:09.962639+00:00,svq1,17150,Allioli Chovi,"Mayonesa, ketchup y mostaza",Tarrina,0.18,l,1.55,8.612,L
2026-09-26T15:29:09.962639+00:00,svq1,17151,Tomate frito Hacendado,Otras salsas,Pack-3,0.63,kg,0.95,1.508,kg
2026-09-26T15:29:09.962639+00:00,svq1,17153,Tomate frito estilo casero Hacendado,Otras salsas,Brik,0.38,kg,1.20,3.158,kg
2026-09-26T15:29:09.962639+00:00,svq1,17163,Tomate frito receta artesana Hacendado,Otras salsas,Tarro,0.56,kg,2.00,3.572,kg
2026-09-26T15:29:09.962639+00:00,svq1,17172,Allioli Hacendado,"Mayonesa, ketchup y mostaza",Tarrina,0.2,l,1.10,5.500,L
2026-09-26T15:29:09.962639+00:00,svq1,17173,Allioli en sobres individuales Hacendado,"Mayonesa, ketchup y mostaza",Paquete,0.16,l,1.60,10.000,L
2026-09-26T15:29:09.962639+00:00,svq1,17174,Preparado de coco Hacendado,Leche y bebidas vegetales,Bote,0.4,l,1.30,3.250,L
2026-09-26T15:29:09.962639+00:00,svq1,17228,Mostaza de Dijon Hacendado,"Mayonesa, ketchup y mostaza",Tarro,0.2,kg,1.25,6.250,kg
2026-09-26T15:29:09.962639+00:00,svq1,17259,Salsa de Trufa,Otras salsas,Bote,0.08,kg,3.10,38.750,kg
2026-09-26T15:29:09.962639+00:00,svq1,17265,Aliño de aceite con perejil y ajo Hacendado,Otras salsas,Tarrina,0.15,l,1.80,12.000,L
2026-09-26T15:29:09.962639+00:00,svq1,17327,Salsa Yogur Hacendado,Otras salsas,Bote,0.31,l,1.20,3.871,L
2026-09-26T15:29:09.962639+00:00,svq1,17330,Tomate frito sin azúcares añadidos Hacendado,Otras salsas,Tarro,0.56,kg,1.10,1.965,kg
2026-09-26T15:29:09.962639+00:00,svq1,17346,Salsa Barbacoa Hacendado,Otras salsas,Bote,0.35,kg,1.15,3.286,kg
2026-09-26T15:29:09.962639+00:00,svq1,17347,Salsa Burger Hacendado,Otras salsas,Bote,0.25,l,1.40,5.600,L
2026-09-26T15:29:09.962639+00:00,svq1,17360,Salsa de Soja Hacendado,Otras salsas,Botella,0.25,l,1.20,4.800,L
2026-09-26T15:29:09.962639+00:00,svq1,17362,Salsa Teriyaki Hacendado,Otras salsas,Botella,0.25,l,1.70,6.800,L
2026-09-26T15:29:09.962639+00:00,svq1,17366,Salsa César Hacendado,Otras salsas,Bote,0.31,l,1.40,4.517,L
2026-09-26T15:29:09.962639+00:00,svq1,17382,Salsa de Soja sin gluten Hacendado,Otras salsas,Botella,0.25,l,2.50,10.000,L
2026-09-26T15:29:09.962639+00:00,svq1,17386,Salsa Ranch Hacendado,Otras salsas,Bote,0.25,l,1.40,5.600,L
2026-09-26T15:29:09.962639+00:00,svq1,17396,Salsa Piri Piri Hacendado,Otras salsas,Botella,0.195,l,1.00,5.129,L
2026-09-26T15:29:09.962639+00:00,svq1,17409,Salsa fresca Queso Hacendado,Otras salsas,Paquete,0.18,kg,1.45,8.056,kg
2026-09-26T15:29:09.962639+00:00,svq1,17441,Pasta de sésamo Tahini Hacendado,Otras salsas,Tarro,0.2,kg,2.95,14.750,kg
2026-09-26T15:29:09.962639+00:00,svq1,17462,Chorizo ibérico La Hacienda del ibérico,Embutido curado,Pieza,0.2,kg,2.50,12.500,kg
2026-09-26T15:29:09.962639+00:00,svq1,17466,12 Artesanitos surtidos,Bollería de horno,Bolsa,0.3,kg,3.50,11.667,kg
2026-09-26T15:29:09.962639+00:00,svq1,17502,Salsa pimienta verde Hacendado,Otras salsas,Sobre,0.05,kg,1.25,25.000,kg
2026-09-26T15:29:09.962639+00:00,svq1,17542,Refresco Fanta naranja,Refresco de naranja y de limón,,4.0,l,2.98,0.745,L
2026-09-26T15:29:09.962639+00:00,svq1,17548,Preparado en polvo instantáneo para crepes Hacendado,Harina y preparado repostería,Bote,0.22,kg,2.05,9.319,kg
2026-09-26T15:29:09.962639+00:00,svq1,17551,Surtido chocolates con leche Halloween Hacendado,Chocolate,Paquete,0.09,kg,1.25,13.889,kg
2026-09-26T15:29:09.962639+00:00,svq1,17555,Kit esponjas de maquillaje Deliplus,Pinceles y brochas,Caja,2.0,ud,4.00,4.000,ud
2026-09-26T15:29:09.962639+00:00,svq1,17557,Snack sticks 65% pato perro adulto Compy,Perro,Paquete,0.2,kg,2.65,13.250,kg
2026-09-26T15:29:09.962639+00:00,svq1,17559,Empanadilla de bacon y queso,Bollería de horno,Pieza,0.11,kg,1.40,12.728,kg
2026-09-26T15:29:09.962639+00:00,svq1,17564,Taquitos de pollo,Aves y pollo,Bandeja,0.36,kg,2.63,7.300,kg
2026-09-26T15:29:09.962639+00:00,svq1,17567,Tortillas de trigo Delibreads 30 cm,Pan de molde y otras especialidades,Paquete,0.64,kg,2.35,3.672,kg
2026-09-26T15:29:09.962639+00:00,svq1,17569,Salchichas estilo Frankfurt Serrana Hacendado de cerdo y pollo,Bacón y salchichas,,0.4,kg,1.80,4.500,kg
2026-09-26T15:29:09.962639+00:00,svq1,17571,Bruma facial bifásica multifuncional Make Up Fixer Deliplus,Bases de maquillaje y corrector,,0.1,l,5.50,5.500,ud
2026-09-26T15:29:09.962639+00:00,svq1,17572,Pan tostado fino con sésamo y sal marina Delicate Crisp Wasa,Pan tostado y rallado,Paquete,0.19,kg,1.80,9.474,kg
2026-09-26T15:29:09.962639+00:00,svq1,17573,Polvo compacto perfeccionador efecto seda Deliplus 250 marrón medio,Colorete y polvos,,0.01,kg,6.00,6.000,ud
2026-09-26T15:29:09.962639+00:00,svq1,17575,Tiras de pollo marinado empanadas chicken fries,Empanados y elaborados,Bandeja,0.3,kg,2.52,8.400,kg
2026-09-26T15:29:09.962639+00:00,svq1,17577,Pasta fresca girasoles rellena de pesto y queso de oveja Hacendado,Pasta y fideos,Bandeja,0.25,kg,1.95,7.800,kg
2026-09-26T15:29:09.962639+00:00,svq1,17583,Laca de uñas alto brillo Deliplus 155 burdeos,Manicura y pedicura,,0.011,l,2.50,2.500,ud
2026-09-26T15:29:09.962639+00:00,svq1,17584,Laca de uñas alto brillo Deliplus 156 chocolate medio,Manicura y pedicura,,0.011,l,2.50,2.500,ud
2026-09-26T15:29:09.962639+00:00,svq1,17585,Laca de uñas alto brillo Deliplus 157 tierra medio,Manicura y pedicura,,0.011,l,2.50,2.500,ud
2026-09-26T15:29:09.962639+00:00,svq1,17586,Laca de uñas alto brillo Deliplus 158 tierra claro,Manicura y pedicura,,0.011,l,2.50,2.500,ud
2026-09-26T15:29:09.962639+00:00,svq1,17607,Dentífrico Kids +6 años Deliplus sabor cereza,Higiene bucal,Tubo,0.075,l,0.95,1.267,100 ml
2026-09-26T15:29:09.962639+00:00,svq1,17613,Pan hot dog Brioche Hacendado,Pan de molde y otras especialidades,Paquete,0.25,kg,1.55,6.200,kg
2026-09-26T15:29:09.962639+00:00,svq1,17617,Conos sabor bacón y queso Hacendado,Patatas fritas y snacks,Paquete,0.15,kg,1.15,7.667,kg
2026-09-26T15:29:09.962639+00:00,svq1,17618,Maquinilla de afeitar recargable Gillette Labs Body + Intimate 2 hojas,Afeitado y cuidado para hombre,Caja,1.0,ud,12.90,12.900,ud
2026-09-26T15:29:09.962639+00:00,svq1,17619,Recambios maquinilla de afeitar Gillette Labs Body + Intimate,Afeitado y cuidado para hombre,Caja,1.0,ud,16.90,5.634,ud
2026-09-26T15:29:09.962639+00:00,svq1,17620,Bomba de carrillada vacuno con bechamel,Empanados y elaborados,Bandeja,0.255,kg,3.00,11.765,kg
2026-09-26T15:29:09.962639+00:00,svq1,17625,Lote mujer Elección Como tú,Perfume y colonia,,1.0,ud,10.50,10.500,ud
2026-09-26T15:29:09.962639+00:00,svq1,17626,Tarta infantil deportes Hacendado congelada,Tartas y churros,Bandeja,1.5,kg,13.80,9.200,kg
2026-09-26T15:29:09.962639+00:00,svq1,17627,Tarta infantil cantantes Hacendado congelada,Tartas y churros,Bandeja,1.5,kg,13.80,9.200,kg
2026-09-26T15:29:09.962639+00:00,svq1,17628,Tarta infantil Paw Patrol Hacendado congelada,Tartas y churros,Bandeja,1.5,kg,13.80,9.200,kg
2026-09-26T15:29:09.962639+00:00,svq1,17631,Eau de parfum hombre My Soul Él,Perfume y colonia,Frasco,0.1,l,10.00,10.000,100 ml
2026-09-26T15:29:09.962639+00:00,svq1,17633,Queso lonchas fundido suave mezcla Hacendado,"Queso lonchas, rallado y en porciones",Paquete,0.3,kg,1.25,4.167,kg
2026-09-26T15:29:09.962639+00:00,svq1,17639,Galletas avena y semillas Hacendado,Galletas,Caja,0.32,kg,1.90,5.938,kg
2026-09-26T15:29:09.962639+00:00,svq1,17640,Pasta fusilloni vegetal Hacendado,Pasta y fideos,Paquete,0.5,kg,1.05,2.100,kg
2026-09-26T15:29:09.962639+00:00,svq1,17647,Tomate para untar Hacendado con aceite de oliva,Tomate,Tarro,0.18,kg,0.95,5.278,kg
2026-09-26T15:29:09.962639+00:00,svq1,17650,Refresco sin gas de melón y piña Hacendado,Refresco de té y sin gas,Botella,1.5,l,1.15,0.767,L
2026-09-26T15:29:09.962639+00:00,svq1,17652,Colgador WC azul perfume Violets Bosque Verde,Limpieza baño y WC,Paquete,0.08,kg,1.25,15.625,kg
2026-09-26T15:29:09.962639+00:00,svq1,17665,Pan de burger Hacendado Rústico,Pan de molde y otras especialidades,Paquete,0.22,kg,0.95,4.319,kg
2026-09-26T15:29:09.962639+00:00,svq1,17666,Cocktail frutos secos Twist Up Hacendado sabor lima y pimienta,Frutos secos y fruta desecada,Paquete,0.12,kg,1.00,8.334,kg
2026-09-26T15:29:09.962639+00:00,svq1,17667,Pan de molde 15% maíz Hacendado,Pan de molde y otras especialidades,Paquete,0.55,kg,1.65,3.000,kg
2026-09-26T15:29:09.962639+00:00,svq1,17668,Almendra tostada Hacendado 0% sal añadida pelada,Frutos secos y fruta desecada,Paquete,0.2,kg,2.90,14.500,kg
2026-09-26T15:29:09.962639+00:00,svq1,17670,Café en grano Brasil Hacendado,Café molido y en grano,Paquete,0.5,kg,7.00,14.000,kg
2026-09-26T15:29:09.962639+00:00,svq1,17674,Café en cápsula Perú Hacendado,Café cápsula y monodosis,Caja,0.104,kg,3.80,0.190,ud
2026-09-26T15:29:09.962639+00:00,svq1,17684,Eau de parfum mujer Como Tú Rose Nude,Perfume y colonia,Frasco,0.1,l,9.00,9.000,100 ml
2026-09-26T15:29:09.962639+00:00,svq1,17685,Eau de parfum hombre Como tú Ikiru,Perfume y colonia,Frasco,0.1,l,8.00,8.000,100 ml
2026-09-26T15:29:09.962639+00:00,svq1,17687,Eau de toilette mujer Aqua Royale Wonder,Perfume y colonia,Frasco,0.2,l,7.50,3.750,100 ml
2026-09-26T15:29:09.962639+00:00,svq1,17688,Eau de toilette hombre Aqua Royale Faris,Perfume y colonia,Frasco,0.2,l,7.50,3.750,100 ml
2026-09-26T15:29:09.962639+00:00,svq1,17698,Magdalenas con azúcar,Bollería de horno,Bolsa,0.39,kg,2.70,6.924,kg
2026-09-26T15:29:09.962639+00:00,svq1,17700,Magdalenas con pepitas de chocolate,Bollería de horno,Bolsa,0.39,kg,3.10,7.949,kg
2026-09-26T15:29:09.962639+00:00,svq1,17701,Turrón chocolate blanco Cookies & Cream Hacendado relleno de crema de galletas y cacao,Turrones,Tableta,0.15,kg,2.00,13.334,kg
2026-09-26T15:29:09.962639+00:00,svq1,17702,Barritas de chocolate con leche Hacendado rellenas de leche,Chocolate,Paquete,0.2,kg,2.20,11.000,kg
2026-09-26T15:29:09.962639+00:00,svq1,17704,Caramelos blandos Palotes Damel,Chicles y caramelos,Paquete,0.078,kg,1.00,12.821,kg
2026-09-26T15:29:09.962639+00:00,svq1,17705,Barritas crujientes Crunchy Milk Hacendado con relleno de cereales y chocolate con leche,Chocolate,Paquete,0.092,kg,1.80,19.566,kg
2026-09-26T15:29:09.962639+00:00,svq1,17706,Refresco Fanta naranja,Refresco de naranja y de limón,Botella,1.5,l,1.55,1.034,L
2026-09-26T15:29:09.962639+00:00,svq1,17707,Refresco Coca-Cola zero azúcar zero cafeína,Refresco de cola,Botella,1.25,l,1.55,1.240,L
2026-09-26T15:29:09.962639+00:00,svq1,17709,Empanadilla de pollo y bechamel,Bollería de horno,Pieza,0.12,kg,1.30,10.834,kg
2026-09-26T15:29:09.962639+00:00,svq1,17713,Berlina con cobertura blanca y trozos de galleta rellena de crema de galleta,Bollería de horno,Pieza,0.1,kg,1.25,12.500,kg
2026-09-26T15:29:09.962639+00:00,svq1,17719,Golosinas Jelly Beans ácidas Hacendado,Golosinas,Paquete,0.085,kg,0.90,10.589,kg
2026-09-26T15:29:09.962639+00:00,svq1,17721,Laca cabello ultra fuerte Pantene fijación 5,Fijación cabello,Spray,0.37,l,4.60,1.244,100 ml
2026-09-26T15:29:09.962639+00:00,svq1,17724,Espuma cabello rizos definidos Pantene fijación 5,Fijación cabello,Bote,0.3,l,4.50,1.500,100 ml
2026-09-26T15:29:09.962639+00:00,svq1,17731,Barquillos de cacao rellenos con crema de leche y de avellanas Knoppers,Galletas,,0.125,kg,1.25,10.000,kg
2026-09-26T15:29:09.962639+00:00,svq1,17732,Creatina sabor neutro Ynsadiet complemento alimenticio,Fitoterapia,Bote,0.2,kg,8.00,4.000,100 g
2026-09-26T15:29:09.962639+00:00,svq1,17733,Mascarilla facial Exosome Mask Deliplus con xilitol y vitamina B3,Cuidado e higiene facial,Paquete,1.0,ud,1.75,1.750,ud
2026-09-26T15:29:09.962639+00:00,svq1,17747,Desodorante stick Cobalt Dry Rexona antitranspirante,Desodorante,,0.05,l,2.75,5.500,100 ml
2026-09-26T15:29:09.962639+00:00,svq1,17768,Eau de parfum mujer Bright My Soul,Perfume y colonia,Frasco,0.1,l,11.00,11.000,100 ml
2026-09-26T15:29:09.962639+00:00,svq1,17769,Eau de parfum mujer Ella My Soul,Perfume y colonia,Frasco,0.1,l,10.00,10.000,100 ml
2026-09-26T15:29:09.962639+00:00,svq1,17773,Zumo de manzana Hacendado,Tomate y otros sabores,Botella,1.0,l,1.70,1.700,L
2026-09-26T15:29:09.962639+00:00,svq1,17775,Pechuga de pavo Hacendado finas lonchas,Aves y jamón cocido,Paquete,0.225,kg,2.30,10.223,kg
2026-09-26T15:29:09.962639+00:00,svq1,17783,Polvo compacto Sol Deliplus claro,Colorete y polvos,,0.018,kg,7.50,7.500,ud
2026-09-26T15:29:09.962639+00:00,svq1,17784,Polvo compacto Sol Deliplus oscuro,Colorete y polvos,,0.018,kg,7.50,7.500,ud
2026-09-26T15:29:09.962639+00:00,svq1,17789,Pañales bebé talla 3 Deliplus de 5-10 kg,Toallitas y pañales,,120.0,ud,18.00,0.150,ud
2026-09-26T15:29:09.962639+00:00,svq1,17790,Pañales bebé talla 4 Deliplus de 10-15 kg,Toallitas y pañales,Paquete,38.0,ud,6.55,0.173,ud
2026-09-26T15:29:09.962639+00:00,svq1,17792,Pañales bebé talla 5 Deliplus de 14-18 kg,Toallitas y pañales,Paquete,36.0,ud,7.00,0.195,ud
2026-09-26T15:29:09.962639+00:00,svq1,17797,Jamón serrano Incarlopsa lonchas,Jamón serrano,Paquete,0.05,kg,1.10,22.000,kg
2026-09-26T15:29:09.962639+00:00,svq1,17798,Jamón de cebo ibérico 50% raza ibérica La Hacienda del Ibérico lonchas,Jamón serrano,Paquete,0.05,kg,2.40,48.000,kg
2026-09-26T15:29:09.962639+00:00,svq1,17802,Mascarilla labial nutritiva Caramel Kiss Deliplus aroma miel y caramelo,Labios,,1.0,ud,4.25,4.250,ud
2026-09-26T15:29:09.962639+00:00,svq1,17805,Golosinas ojos rellenos Halloween Trolli Spooky Balls,Golosinas,Paquete,0.075,kg,1.60,21.334,kg
2026-09-26T15:29:09.962639+00:00,svq1,17806,Golosinas calaveras Halloween super ácidas Hacendado,Golosinas,Paquete,0.1,kg,1.00,10.000,kg
2026-09-26T15:29:09.962639+00:00,svq1,17810,Vela perfumada Neroli Bosque Verde,Insecticida y ambientador,Caja,1.0,ud,1.85,0.103,ud
2026-09-26T15:29:09.962639+00:00,svq1,17815,Lavavajillas Ultra Plus naranja Fairy en pastillas,Limpieza vajilla,Paquete,0.388,kg,5.00,0.200,ud
2026-09-26T15:29:09.962639+00:00,svq1,17816,Costilla de cerdo marinada congelada,Carne,Paquete,0.75,kg,3.00,4.000,kg
2026-09-26T15:29:09.962639+00:00,svq1,17828,Pizza Tex-mex Hacendado con pollo asado marinado,Pizzas,,0.41,kg,2.90,7.074,kg
2026-09-26T15:29:09.962639+00:00,svq1,17912.1,Barra pan integral 100%,Pan de horno,,0.23,kg,0.90,3.914,kg
2026-09-26T15:29:09.962639+00:00,svq1,17912.2,Barra pan integral 100% rebanado,Pan de horno,,0.23,kg,0.90,3.914,kg
2026-09-26T15:29:09.962639+00:00,svq1,17917,Chocolate con leche Fussion Hacendado relleno de caramelo con leche aireado,Chocolate,Paquete,0.095,kg,1.35,14.211,kg
2026-09-26T15:29:09.962639+00:00,svq1,17922,Galletas con avena sabor Choco Orange con relleno de crema de chocolate Hacendado,Galletas,Caja,0.21,kg,1.25,5.953,kg
2026-09-26T15:29:09.962639+00:00,svq1,17925,Empanadilla Cheese Burger,Bollería de horno,Pieza,0.09,kg,1.60,17.778,kg
2026-09-26T15:29:09.962639+00:00,svq1,17928,Galletas Choco Bom Gullón con chips de chocolate recubiertas de chocolate blanco,Galletas,Paquete,0.1,kg,1.00,10.000,kg
2026-09-26T15:29:09.962639+00:00,svq1,17929,Galletas rebuenas Hacendado rellenas de chocolate blanco,Galletas,Paquete,0.5,kg,1.45,2.900,kg
2026-09-26T15:29:09.962639+00:00,svq1,17947,Bombones de pistacho Hacendado,Chocolate,Paquete,0.162,kg,4.20,25.926,kg
2026-09-26T15:29:09.962639+00:00,svq1,17951,Volcano con crema y coco,Bollería envasada,,0.057,kg,0.33,5.750,kg
2026-09-26T15:29:09.962639+00:00,svq1,17961,Tinto de verano limón Don Simón,Tinto de verano y sangría,,6.0,l,4.00,0.667,L
2026-09-26T15:29:09.962639+00:00,svq1,17985,Lote infantil Smile Vibes,Perfume y colonia,Caja,1.0,ud,10.00,10.000,ud
2026-09-26T15:29:09.962639+00:00,svq1,17987,Regañá 100% integral de trigo Hacendado,"Picos, rosquilletas y picatostes",Paquete,0.23,kg,1.15,5.000,kg
2026-09-26T15:29:09.962639+00:00,svq1,17989,Mini eau de parfum mujer Flor de Mayo Meilyn,Perfume y colonia,Frasco,0.024,l,1.85,7.709,100 ml
2026-09-26T15:29:09.962639+00:00,svq1,17991,Lote infantil maquillaje Color Up Glam Studio,Perfume y colonia,Caja,1.0,ud,7.50,7.500,ud
2026-09-26T15:29:09.962639+00:00,svq1,17995,Baguette ajo y finas hierbas Hacendado ultracongeladas,Pizzas,Paquete,0.35,kg,2.00,5.715,kg
2026-09-26T15:29:09.962639+00:00,svq1,17996,Chocolate con leche Fussion Hacendado relleno de galleta caramelizada,Chocolate,Tableta,0.142,kg,1.75,12.324,kg
2026-09-26T15:29:09.962639+00:00,svq1,18002,Atún claro en aceite de oliva Hacendado,Atún y otras conservas de pescado,Pack-6,0.48,kg,4.90,13.612,kg
2026-09-26T15:29:09.962639+00:00,svq1,18011,Ventresca de atún claro en aceite de oliva Hacendado,Atún y otras conservas de pescado,Lata,0.111,kg,3.30,42.308,kg
2026-09-26T15:29:09.962639+00:00,svq1,18018,Atún claro al natural Hacendado,Atún y otras conservas de pescado,,0.48,kg,4.20,11.667,kg
2026-09-26T15:29:09.962639+00:00,svq1,18030,Atún en aceite de oliva Hacendado,Atún y otras conservas de pescado,Lata,0.9,kg,7.70,11.847,kg
2026-09-26T15:29:09.962639+00:00,svq1,18031,Atún claro en escabeche blanco Hacendado,Atún y otras conservas de pescado,,0.48,kg,4.60,12.778,kg
2026-09-26T15:29:09.962639+00:00,svq1,18037,Atún en salsa de tomate Hacendado,Atún y otras conservas de pescado,Pack-3,0.24,kg,2.10,13.462,kg
2026-09-26T15:29:09.962639+00:00,svq1,18054,Atún claro en aceite de oliva Hacendado,Atún y otras conservas de pescado,Bote,0.195,kg,3.70,26.429,kg
2026-09-26T15:29:09.962639+00:00,svq1,18055,Atún claro en aceite de girasol Hacendado,Atún y otras conservas de pescado,,0.48,kg,4.20,11.667,kg
2026-09-26T15:29:09.962639+00:00,svq1,18071,Atún claro en aceite de oliva Hacendado,Atún y otras conservas de pescado,Lata,0.111,kg,1.55,18.903,kg
2026-09-26T15:29:09.962639+00:00,svq1,18086,Atún en aceite de girasol Hacendado,Atún y otras conservas de pescado,Lata,0.9,kg,6.50,10.000,kg
2026-09-26T15:29:09.962639+00:00,svq1,18090,Lote hombre Como tú Extratime,Perfume y colonia,Caja,1.0,ud,10.00,10.000,ud
2026-09-26T15:29:09.962639+00:00,svq1,18091,Eau de parfum mujer My Soul Enchanted,Perfume y colonia,Frasco,0.1,l,12.00,12.000,100 ml
2026-09-26T15:29:09.962639+00:00,svq1,18092,Atún claro en aceite de girasol Hacendado,Atún y otras conservas de pescado,Pack-3,0.24,kg,2.70,15.000,kg
2026-09-26T15:29:09.962639+00:00,svq1,18102,Filetes de bonito del norte en aceite de oliva Hacendado,Atún y otras conservas de pescado,Tarro,0.4,kg,8.10,28.929,kg
2026-09-26T15:29:09.962639+00:00,svq1,18106,Pechuga de pollo braseada Hacendado lonchas,Aves y jamón cocido,Paquete,0.225,kg,2.30,10.223,kg
2026-09-26T15:29:09.962639+00:00,svq1,18107,Filetes de melva en aceite de oliva Hacendado,Atún y otras conservas de pescado,Lata,0.12,kg,1.85,23.125,kg
2026-09-26T15:29:09.962639+00:00,svq1,18110,Filetes de melva en aceite de girasol Hacendado,Atún y otras conservas de pescado,Pack-2,0.18,kg,2.35,18.077,kg
2026-09-26T15:29:09.962639+00:00,svq1,18114,Filetes de melva canutera con pimientos del piquillo Hacendado en aceite de oliva,Atún y otras conservas de pescado,Lata,0.09,kg,1.80,27.693,kg
2026-09-26T15:29:09.962639+00:00,svq1,18116,Bonito del norte en aceite de oliva Hacendado,Atún y otras conservas de pescado,Pack-2,0.222,kg,3.20,21.918,kg
2026-09-26T15:29:09.962639+00:00,svq1,18123,Eau de parfum mujer Soirée My Soul,Perfume y colonia,Frasco,0.1,l,12.00,12.000,100 ml
2026-09-26T15:29:09.962639+00:00,svq1,18125,Sérum facial tensor inmediato Gold Flash Deliplus con láminas de oro,Cuidado e higiene facial,Caja,0.004,l,2.75,68.750,100 ml
2026-09-26T15:29:09.962639+00:00,svq1,18128,Hamburguesa de cerdo ibérico El Pozo con secreto ibérico,Hamburguesas y picadas,Paquete,0.24,kg,3.90,16.250,kg
2026-09-26T15:29:09.962639+00:00,svq1,18135,Exfoliante corporal Ámbar Deliplus,Cuidado corporal,Bote,0.25,l,4.00,1.600,100 ml
2026-09-26T15:29:09.962639+00:00,svq1,18162,Crema de manos hidratante con aloe vera y ácido hialurónico Deliplus,Cuidado corporal,Bote,0.075,l,1.00,1.334,100 ml
2026-09-26T15:29:09.962639+00:00,svq1,18165,Bocaditos de carne y pescado en salsa gato adulto Delikuit,Gato,Paquete,2.04,kg,6.65,3.260,kg
2026-09-26T15:29:09.962639+00:00,svq1,18209,Sardinillas en tomate Hacendado,Atún y otras conservas de pescado,,0.18,kg,1.75,13.462,kg
2026-09-26T15:29:09.962639+00:00,svq1,18210,Sardinillas en aceite de oliva Hacendado,Atún y otras conservas de pescado,,0.18,kg,2.15,16.539,kg
2026-09-26T15:29:09.962639+00:00,svq1,18212,Sardinillas picantes en aceite de girasol Hacendado,Atún y otras conservas de pescado,,0.18,kg,1.90,14.616,kg
2026-09-26T15:29:09.962639+00:00,svq1,18214,Sardinillas reducidas en sal en aceite de oliva Hacendado,Atún y otras conservas de pescado,,0.18,kg,2.15,16.539,kg
2026-09-26T15:29:09.962639+00:00,svq1,18225,Sardinas en aceite de oliva Hacendado,Atún y otras conservas de pescado,Pack-2,0.234,kg,2.20,13.096,kg
2026-09-26T15:29:09.962639+00:00,svq1,18235,Cacao soluble instantáneo,Cacao soluble y chocolate a la taza,Paquete,0.9,kg,6.75,7.500,kg
2026-09-26T15:29:09.962639+00:00,svq1,18247,Eau de parfum hombre Borealia My Soul,Perfume y colonia,Frasco,0.1,l,11.00,11.000,100 ml
2026-09-26T15:29:09.962639+00:00,svq1,18248,Eau de parfum hombre Glacier My Soul,Perfume y colonia,Frasco,0.1,l,12.00,12.000,100 ml
2026-09-26T15:29:09.962639+00:00,svq1,18255,Eau de parfum mujer Blue My Soul,Perfume y colonia,Frasco,0.1,l,11.00,11.000,100 ml
2026-09-26T15:29:09.962639+00:00,svq1,18257,Eau de parfum hombre My Soul Noite,Perfume y colonia,Frasco,0.1,l,13.00,13.000,100 ml
2026-09-26T15:29:09.962639+00:00,svq1,18286,Agua mineral con gas pequeña Fuente Primavera,Agua,,3.0,l,1.56,0.520,L
2026-09-26T15:29:09.962639+00:00,svq1,18287,Agua mineral con gas pequeña Fuente Primavera,Agua,Botella,0.5,l,0.26,0.520,L
2026-09-26T15:29:09.962639+00:00,svq1,18294,Pan de molde integral con 20% avena 5% trigo sarraceno Hacendado,Pan de molde y otras especialidades,Paquete,0.55,kg,1.50,2.728,kg
2026-09-26T15:29:09.962639+00:00,svq1,18295,Eau de parfum mujer Ikiru Como Tú,Perfume y colonia,Frasco,0.1,l,8.00,8.000,100 ml
2026-09-26T15:29:09.962639+00:00,svq1,18299,Crema de manos nutritiva Murumuru Deliplus FPS 20,Cuidado corporal,Bote,0.075,l,1.30,1.734,100 ml
2026-09-26T15:29:09.962639+00:00,svq1,18316,Tarta tres leches con dulce de leche Hacendado congelada,Tartas y churros,Bandeja,1.05,kg,9.00,8.572,kg
2026-09-26T15:29:09.962639+00:00,svq1,18318,Filetes de caballa del sur en aceite de girasol Marinara,Atún y otras conservas de pescado,Lata,0.95,kg,8.30,13.388,kg
2026-09-26T15:29:09.962639+00:00,svq1,18339,Parches hidrogel para ojos y rostro Hidratantes Deliplus con microagujas de ácido hialurónico,Cuidado e higiene facial,Paquete,2.0,ud,2.30,1.150,ud
2026-09-26T15:29:09.962639+00:00,svq1,18354,Eau de parfum hombre My Soul Supreme,Perfume y colonia,Frasco,0.1,l,11.00,11.000,100 ml
2026-09-26T15:29:09.962639+00:00,svq1,18369,Higos secos Villacruz,Frutos secos y fruta desecada,Paquete,0.4,kg,1.95,4.875,kg
2026-09-26T15:29:09.962639+00:00,svq1,18370,Zumo tropical Hacendado,Fruta variada,Botella,1.0,l,2.40,2.400,L
2026-09-26T15:29:09.962639+00:00,svq1,18398,Tónico facial glicólico + 6 ácidos 4% Facial Clean renovador e hidratante,Cuidado e higiene facial,Bote,0.255,l,3.20,1.255,100 ml
2026-09-26T15:29:09.962639+00:00,svq1,18402,Filetes de anchoa en aceite de oliva Hacendado,Salazones y ahumados,Bandeja,0.14,kg,6.75,61.364,kg
2026-09-26T15:29:09.962639+00:00,svq1,18407,Filetes de anchoa en aceite de girasol Hacendado,Salazones y ahumados,Pack-3,0.12,kg,2.10,24.138,kg
2026-09-26T15:29:09.962639+00:00,svq1,18408,Filetes de anchoa en aceite de oliva Hacendado,Salazones y ahumados,Pack-3,0.12,kg,2.80,32.184,kg
2026-09-26T15:29:09.962639+00:00,svq1,18419,Parches hidrogel para ojos Antiarrugas Deliplus con oro y péptidos,Cuidado e higiene facial,Paquete,2.0,ud,1.75,0.875,ud
2026-09-26T15:29:09.962639+00:00,svq1,18433,Filetes de anchoa en aceite de oliva Hacendado,Salazones y ahumados,Lata,0.042,kg,1.30,44.828,kg
2026-09-26T15:29:09.962639+00:00,svq1,18436,Filetes de sardina ahumada Hacendado en aceite de girasol,Salazones y ahumados,Bandeja,0.085,kg,2.15,33.077,kg
2026-09-26T15:29:09.962639+00:00,svq1,18509,Berberecho al natural XS Hacendado,Berberechos y mejillones,Lata,0.185,kg,3.45,38.334,kg
2026-09-26T15:29:09.962639+00:00,svq1,18552,Almejones al natural Hacendado,Berberechos y mejillones,Lata,0.111,kg,1.50,23.810,kg
2026-09-26T15:29:09.962639+00:00,svq1,18553,Berberechos al natural S Hacendado,Berberechos y mejillones,Lata,0.111,kg,3.25,51.588,kg
2026-09-26T15:29:09.962639+00:00,svq1,18562,Espárragos blancos medianos Hacendado,Conservas de verdura y frutas,Tarro,0.345,kg,2.05,10.000,kg
2026-09-26T15:29:09.962639+00:00,svq1,18564,Berberechos al natural M Hacendado,Berberechos y mejillones,Lata,0.111,kg,4.65,73.810,kg
2026-09-26T15:29:09.962639+00:00,svq1,18602,Mejillones en escabeche Hacendado medianos,Berberechos y mejillones,Lata,0.111,kg,2.80,40.580,kg
2026-09-26T15:29:09.962639+00:00,svq1,18615,Mejillones de Chile en escabeche Hacendado pequeños,Berberechos y mejillones,,0.35,kg,2.65,12.500,kg
2026-09-26T15:29:09.962639+00:00,svq1,18619,Mejillones en escabeche Hacendado pequeños,Berberechos y mejillones,Lata,0.111,kg,2.00,28.986,kg
2026-09-26T15:29:09.962639+00:00,svq1,18620,Mejillones al natural Hacendado pequeños,Berberechos y mejillones,Lata,0.111,kg,2.00,28.986,kg
2026-09-26T15:29:09.962639+00:00,svq1,18621,Mejillones picantes en escabeche Hacendado pequeños,Berberechos y mejillones,Lata,0.111,kg,2.00,28.986,kg
2026-09-26T15:29:09.962639+00:00,svq1,18622,Mejillones en salsa de vieira Hacendado pequeños,Berberechos y mejillones,Lata,0.111,kg,2.00,28.986,kg
2026-09-26T15:29:09.962639+00:00,svq1,18713,Calamar en salsa americana Hacendado,Atún y otras conservas de pescado,,0.24,kg,2.70,15.255,kg
2026-09-26T15:29:09.962639+00:00,svq1,18714,Calamar en tinta Hacendado,Atún y otras conservas de pescado,,0.24,kg,3.10,17.515,kg
2026-09-26T15:29:09.962639+00:00,svq1,18729,Tacos de pota al ajillo Hacendado,Atún y otras conservas de pescado,Pack-3,0.24,kg,3.20,19.754,kg
2026-09-26T15:29:09.962639+00:00,svq1,18739,Calamares enteros rellenos en salsa americana Hacendado,Atún y otras conservas de pescado,Lata,0.115,kg,2.45,34.028,kg
2026-09-26T15:29:09.962639+00:00,svq1,18808,Sucedáneo de caviar negro Ubago Caviartic,Salazones y ahumados,Tarro,0.075,kg,1.95,26.000,kg
2026-09-26T15:29:09.962639+00:00,svq1,18817,Salmón al natural Hacendado,Atún y otras conservas de pescado,Pack-3,0.24,kg,3.55,23.667,kg
2026-09-26T15:29:09.962639+00:00,svq1,1894,Panceta oreada,Bacón y salchichas,Paquete,0.265,kg,3.47,13.100,kg
2026-09-26T15:29:09.962639+00:00,svq1,1895,Preparado Andaluz,Arreglos,Bandeja,0.5,kg,2.60,5.200,kg
2026-09-26T15:29:09.962639+00:00,svq1,1896,Tocino de cerdo con corteza añejo,Arreglos,Caja,0.3,kg,2.28,7.600,kg
2026-09-26T15:29:09.962639+00:00,svq1,1897,Costilla de cerdo salada,Arreglos,Bandeja,0.35,kg,2.62,7.500,kg
2026-09-26T15:29:09.962639+00:00,svq1,1908,Recambios cepillo dental Eléctrico Deliplus tamaño medio,Higiene bucal,Paquete,1.0,ud,3.75,1.875,ud
2026-09-26T15:29:09.962639+00:00,svq1,1945,Espinazo de cerdo salado,Arreglos,Bandeja,0.35,kg,1.89,5.400,kg
2026-09-26T15:29:09.962639+00:00,svq1,1946,Hueso de cerdo salado,Arreglos,Bandeja,0.32,kg,1.82,5.700,kg
2026-09-26T15:29:09.962639+00:00,svq1,19713,Sal 60% menos de sodio Hacendado,"Aceite, vinagre y sal",Bote,0.25,kg,2.30,9.200,kg
2026-09-26T15:29:09.962639+00:00,svq1,19726,Preparado para ahumar Hacendado,"Aceite, vinagre y sal",Bote,0.75,kg,3.35,4.467,kg
2026-09-26T15:29:09.962639+00:00,svq1,19731,Sal fina Hacendado,"Aceite, vinagre y sal",Paquete,1.0,kg,0.40,0.400,kg
2026-09-26T15:29:09.962639+00:00,svq1,19732,Sal yodada fina Hacendado,"Aceite, vinagre y sal",Paquete,1.0,kg,0.45,0.450,kg
2026-09-26T15:29:09.962639+00:00,svq1,19733,Sal gruesa Hacendado,"Aceite, vinagre y sal",Paquete,1.0,kg,0.40,0.400,kg
2026-09-26T15:29:09.962639+00:00,svq1,19734,Sal gruesa para hornear Hacendado,"Aceite, vinagre y sal",Paquete,2.0,kg,1.40,0.700,kg
2026-09-26T15:29:09.962639+00:00,svq1,19740,Escamas de sal marina natural Polasal,"Aceite, vinagre y sal",Bote,0.125,kg,2.00,16.000,kg
2026-09-26T15:29:09.962639+00:00,svq1,19802,Edulcorante en pastillas sacarina Hacendado,Azúcar y edulcorante,Bote,0.052,kg,1.15,22.116,kg
2026-09-26T15:29:09.962639+00:00,svq1,19808,Edulcorante sacarina en sobres Hacendado,Azúcar y edulcorante,Caja,0.06,kg,1.05,17.500,kg
2026-09-26T15:29:09.962639+00:00,svq1,19812,Edulcorante en pastillas stevia Hacendado,Azúcar y edulcorante,Bote,0.009,kg,1.85,20.556,100 g
2026-09-26T15:29:09.962639+00:00,svq1,19817,Edulcorante granulado stevia Hacendado,Azúcar y edulcorante,Bote,0.2,kg,2.95,14.750,kg
2026-09-26T15:29:09.962639+00:00,svq1,19820,Edulcorante líquido stevia Hacendado,Azúcar y edulcorante,Bote,0.15,l,2.05,13.667,L
2026-09-26T15:29:09.962639+00:00,svq1,19825,Edulcorante stevia en sobres Hacendado,Azúcar y edulcorante,Caja,0.054,kg,2.10,38.889,kg
2026-09-26T15:29:09.962639+00:00,svq1,19832,Azúcar moreno en sobres Hacendado,Azúcar y edulcorante,Caja,0.35,kg,1.75,5.000,kg
2026-09-26T15:29:09.962639+00:00,svq1,19837,Azúcar blanco en sobres Hacendado,Azúcar y edulcorante,Caja,0.35,kg,1.55,4.429,kg
2026-09-26T15:29:09.962639+00:00,svq1,19846,Cacao soluble ColaCao original,Cacao soluble y chocolate a la taza,Caja,2.2,kg,15.50,7.046,kg
2026-09-26T15:29:09.962639+00:00,svq1,19849,Vino tinto crianza Pieza Rey DO Rioja,Vino tinto,Botella,0.75,l,4.85,6.467,L
2026-09-26T15:29:09.962639+00:00,svq1,19852,Bolitas de pollo Hacendado congeladas,Carne congelada,Bolsa,0.75,kg,3.70,4.934,kg
2026-09-26T15:29:09.962639+00:00,svq1,19859,Panela azúcar moreno de caña integral Hacendado,Azúcar y edulcorante,Paquete,0.5,kg,2.15,4.300,kg
2026-09-26T15:29:09.962639+00:00,svq1,19860,Sirope de agave Hacendado,Azúcar y edulcorante,Bote,0.35,kg,2.60,7.429,kg
2026-09-26T15:29:09.962639+00:00,svq1,19867,Barrita con proteínas sabor chocolate con leche Enervit Sport,Cereales,Caja,0.18,kg,4.90,27.223,kg
2026-09-26T15:29:09.962639+00:00,svq1,19868,Crema de manos Oriental Woods Deliplus,Cuidado corporal,Tarro,0.29,l,2.70,0.932,100 ml
2026-09-26T15:29:09.962639+00:00,svq1,19876,Bitter Kas sin alcohol,Tónica y bitter,,2.64,l,7.84,2.970,L
2026-09-26T15:29:09.962639+00:00,svq1,19882,Sopa hortelana Hacendado,Sopa y caldo,Bol,0.35,kg,1.70,4.858,kg
2026-09-26T15:29:09.962639+00:00,svq1,19897,Azúcar blanco Hacendado,Azúcar y edulcorante,Paquete,1.0,kg,0.90,0.900,kg
2026-09-26T15:29:09.962639+00:00,svq1,19904,Patatas prefritas Crispy Pops Hacendado congeladas,Fruta y verdura,Paquete,0.75,kg,2.30,3.067,kg
2026-09-26T15:29:09.962639+00:00,svq1,19908,Limpiador WC Aqua Bosque Verde en gel antical,Limpieza baño y WC,Botella,1.0,l,1.15,1.150,L
2026-09-26T15:29:09.962639+00:00,svq1,19909,Caramelos Fruits & Flowers Hacendado 0% azúcares,Chicles y caramelos,Paquete,0.09,kg,1.35,15.000,kg
2026-09-26T15:29:09.962639+00:00,svq1,19914,Multiusos cocina Bosque Verde,Limpieza cocina,Botella,0.75,l,1.70,2.267,L
2026-09-26T15:29:09.962639+00:00,svq1,19940,Café en cápsula ristretto Hacendado,Café cápsula y monodosis,Caja,0.11,kg,3.80,0.190,ud
2026-09-26T15:29:09.962639+00:00,svq1,19948,Eau de parfum mujer My Soul Crystal,Perfume y colonia,Frasco,0.1,l,11.00,11.000,100 ml
2026-09-26T15:29:09.962639+00:00,svq1,19949,Fideos orientales sabor gamba Hacendado,Pasta y fideos,Paquete,0.065,kg,0.65,10.000,kg
2026-09-26T15:29:09.962639+00:00,svq1,19951,Eau de parfum mujer Como Tú Sakai,Perfume y colonia,Frasco,0.1,l,8.00,8.000,100 ml
2026-09-26T15:29:09.962639+00:00,svq1,19952,Eau de parfum hombre My Soul Quartz,Perfume y colonia,Frasco,0.1,l,13.00,13.000,100 ml
2026-09-26T15:29:09.962639+00:00,svq1,19953,Eau de parfum hombre Como tú Labuan,Perfume y colonia,Frasco,0.1,l,8.00,8.000,100 ml
2026-09-26T15:29:09.962639+00:00,svq1,19954,Eau de parfum mujer My Soul Celestial Night,Perfume y colonia,Frasco,0.1,l,11.00,11.000,100 ml
2026-09-26T15:29:09.962639+00:00,svq1,19966,Paleta de cerdo curada Incarlopsa,Jamón serrano,Pieza,4.0,kg,30.00,7.500,kg
2026-09-26T15:29:09.962639+00:00,svq1,19974,Seitán Soria Natural lonchas,Platos preparados calientes,Paquete,0.3,kg,3.70,12.334,kg
2026-09-26T15:29:09.962639+00:00,svq1,19975,Patatas fritas onduladas sabor campestre Hacendado,Patatas fritas y snacks,Paquete,0.15,kg,1.20,8.000,kg
2026-09-26T15:29:09.962639+00:00,svq1,19976,Patatas fritas onduladas sabor sal y vinagre,Patatas fritas y snacks,Paquete,0.15,kg,1.20,8.000,kg
2026-09-26T15:29:09.962639+00:00,svq1,19985,Bebida láctea sabor stracciatella +Proteínas 20 g 0% azúcares añadidos,Yogures líquidos,Botella,0.28,kg,1.15,4.108,kg
2026-09-26T15:29:09.962639+00:00,svq1,19988,Chocolate con leche Hacendado almendras enteras,Chocolate,Tableta,0.15,kg,2.50,16.667,kg
2026-09-26T15:29:09.962639+00:00,svq1,19994,Mini muslo de pollo 98% La Carloteña asado al horno,Aves y jamón cocido,Paquete,0.3,kg,3.25,10.834,kg
2026-09-26T15:29:09.962639+00:00,svq1,20001,Yogur sabores Hacendado,Yogures naturales y sabores,Pack-16,2.0,kg,2.40,1.200,kg
2026-09-26T15:29:09.962639+00:00,svq1,20020,Ciruelas desecadas sin hueso Hacendado,Frutos secos y fruta desecada,Paquete,0.25,kg,2.14,8.560,kg
2026-09-26T15:29:09.962639+00:00,svq1,20029,Kéfir natural sabor suave,Yogures naturales y sabores,Bote,0.5,kg,1.10,2.200,kg
2026-09-26T15:29:09.962639+00:00,svq1,20031,Yogur sabor fresa Danone,Yogures naturales y sabores,Pack-4,0.48,kg,1.00,2.084,kg
2026-09-26T15:29:09.962639+00:00,svq1,20032,Yogur sabor coco Hacendado,Yogures naturales y sabores,Pack-4,0.5,kg,0.75,1.500,kg
2026-09-26T15:29:09.962639+00:00,svq1,20033,Yogur sabor macedonia Hacendado,Yogures naturales y sabores,Pack-4,0.5,kg,0.75,1.500,kg
2026-09-26T15:29:09.962639+00:00,svq1,20037,Yogur sabor macedonia Danone,Yogures naturales y sabores,Pack-4,0.48,kg,1.00,2.084,kg
2026-09-26T15:29:09.962639+00:00,svq1,20040,Yogur sabor fresa Hacendado,Yogures naturales y sabores,Pack-4,0.5,kg,0.75,1.500,kg
2026-09-26T15:29:09.962639+00:00,svq1,20041,Yogur sabor limón Hacendado,Yogures naturales y sabores,Pack-4,0.5,kg,0.75,1.500,kg
2026-09-26T15:29:09.962639+00:00,svq1,20057,Yogur sabor coco Danone,Yogures naturales y sabores,Pack-4,0.48,kg,1.00,2.084,kg
2026-09-26T15:29:09.962639+00:00,svq1,20150,Longaniza de payés extra Hacendado lonchas,Embutido curado,,0.15,kg,2.40,16.000,kg
2026-09-26T15:29:09.962639+00:00,svq1,20154,Sticks longaniza de pavo extra Hacendado,Aves y jamón cocido,Paquete,0.05,kg,1.50,30.000,kg
2026-09-26T15:29:09.962639+00:00,svq1,20164,Postre lácteo natural sin lactosa Hacendado 0% MG 0% azúcares añadidos,Yogures desnatados,,0.5,kg,1.35,2.700,kg
2026-09-26T15:29:09.962639+00:00,svq1,20196,Margarina 100% vegetal Hacendado,Mantequilla y margarina,Tarrina,0.25,kg,1.60,6.400,kg
2026-09-26T15:29:09.962639+00:00,svq1,20200,Postre de soja natural Hacendado,Postres de soja,,0.4,kg,1.20,3.000,kg
2026-09-26T15:29:09.962639+00:00,svq1,20210,Yogur natural Hacendado 0% MG 0% azúcares añadidos,Yogures desnatados,,0.75,kg,1.05,1.400,kg
2026-09-26T15:29:09.962639+00:00,svq1,20221,Yogur natural edulcorado Hacendado 0% MG 0% azúcares añadidos,Yogures desnatados,,0.75,kg,1.05,1.400,kg
2026-09-26T15:29:09.962639+00:00,svq1,20255,Pasta radiatori Armando,Pasta y fideos,Paquete,0.5,kg,1.40,2.800,kg
2026-09-26T15:29:09.962639+00:00,svq1,20260,Yogur natural Danone,Yogures naturales y sabores,Pack-8,0.96,kg,1.99,2.073,kg
2026-09-26T15:29:09.962639+00:00,svq1,20273,Jamón cocido extrafino Hacendado lonchas,Aves y jamón cocido,Paquete,0.15,kg,2.50,16.667,kg
2026-09-26T15:29:09.962639+00:00,svq1,20277,Mini galletas de cacao Caocream Hacendado rellenas de crema,Galletas,Caja,0.16,kg,1.50,9.375,kg
2026-09-26T15:29:09.962639+00:00,svq1,20281,Tampones regular Tampax Pearl con aplicador,Higiene íntima,Caja,1.0,ud,4.40,0.184,ud
2026-09-26T15:29:09.962639+00:00,svq1,20287,Yogur natural de cabra Hacendado,Yogures naturales y sabores,Pack-4,0.5,kg,2.10,4.200,kg
2026-09-26T15:29:09.962639+00:00,svq1,20288,Tampones super Tampax Pearl con aplicador,Higiene íntima,Caja,1.0,ud,4.40,0.184,ud
2026-09-26T15:29:09.962639+00:00,svq1,20290,Tampones super plus Tampax Pearl con aplicador,Higiene íntima,Caja,1.0,ud,4.40,0.184,ud
2026-09-26T15:29:09.962639+00:00,svq1,20292,Copos de avena integral con chocolate Hacendado,Cereales,Paquete,0.4,kg,1.85,4.625,kg
2026-09-26T15:29:09.962639+00:00,svq1,20299,Discos WC de gel Aqua Bosque Verde,Limpieza baño y WC,Paquete,0.041,kg,2.10,5.122,100 g
2026-09-26T15:29:09.962639+00:00,svq1,20321,Preparado lácteo con cereales y frutas Peques 3 Puleva,Alimentación infantil,,0.6,l,2.00,3.334,L
2026-09-26T15:29:09.962639+00:00,svq1,20356,Tarta delicia de fresa Hacendado congelada,Tartas y pasteles,,0.94,kg,11.50,12.235,kg
2026-09-26T15:29:09.962639+00:00,svq1,20359,Mascarilla facial peeling carbón Montagne Jeunesse,Cuidado e higiene facial,,0.016,l,1.85,11.563,100 ml
2026-09-26T15:29:09.962639+00:00,svq1,20376,Yogur cremoso con frutos silvestres Hacendado,Yogures naturales y sabores,Bote,0.5,kg,1.25,2.500,kg
2026-09-26T15:29:09.962639+00:00,svq1,20379,Yogur cremoso con melocotón y maracuya Hacendado,Yogures naturales y sabores,Bote,0.5,kg,1.25,2.500,kg
2026-09-26T15:29:09.962639+00:00,svq1,20499,Yogur azucarado YogoMix Bolitas Hacendado con bolitas chocolateadas,Gelatina y otros postres,,0.3,kg,1.30,4.334,kg
2026-09-26T15:29:09.962639+00:00,svq1,20504,Yogur griego sabor fresa Hacendado,Yogures griegos,,0.75,kg,1.65,2.200,kg
2026-09-26T15:29:09.962639+00:00,svq1,20512,Yogur griego natural Hacendado,Yogures griegos,Bote,1.0,kg,2.10,2.100,kg
2026-09-26T15:29:09.962639+00:00,svq1,20531,Yogur griego con fresa Hacendado,Yogures griegos,Pack-4,0.5,kg,1.70,3.400,kg
2026-09-26T15:29:09.962639+00:00,svq1,20536,Petit sabores Hacendado,Yogures y postres infantiles,,0.72,kg,1.70,2.362,kg
2026-09-26T15:29:09.962639+00:00,svq1,20559,Yogur griego natural Hacendado,Yogures griegos,Pack-6,0.75,kg,1.45,1.934,kg
2026-09-26T15:29:09.962639+00:00,svq1,20571,Yogur griego stracciatella Hacendado,Yogures griegos,Pack-6,0.75,kg,1.85,2.467,kg
2026-09-26T15:29:09.962639+00:00,svq1,20584,Yogur natural con azúcar de caña Hacendado,Yogures naturales y sabores,Pack-6,0.75,kg,1.05,1.400,kg
2026-09-26T15:29:09.962639+00:00,svq1,20593,Copa crema de chocolate y nata Hacendado,Gelatina y otros postres,Pack-4,0.46,kg,1.40,3.044,kg
2026-09-26T15:29:09.962639+00:00,svq1,20612,Bebida láctea de fresa Hacendado,Yogures líquidos,Botella,1.0,kg,1.50,1.500,kg
2026-09-26T15:29:09.962639+00:00,svq1,20613,Bebida láctea de fresa y plátano Hacendado,Yogures líquidos,Botella,1.0,kg,1.50,1.500,kg
2026-09-26T15:29:09.962639+00:00,svq1,20627,Bebida láctea de fresa L-casei,Yogures líquidos,,1.2,kg,2.25,1.875,kg
2026-09-26T15:29:09.962639+00:00,svq1,20629,Bebida láctea de piña y coco Hacendado,Yogures líquidos,Botella,1.0,kg,1.50,1.500,kg
2026-09-26T15:29:09.962639+00:00,svq1,20640,Bebida láctea sabores L-casei,Yogures líquidos,,1.2,kg,2.25,1.875,kg
2026-09-26T15:29:09.962639+00:00,svq1,20709,Bebida láctea natural Actimel 0% MG 0% azúcares añadidos,Yogures líquidos,,1.2,kg,4.95,4.125,kg
2026-09-26T15:29:09.962639+00:00,svq1,20716,Mantequilla sin sal añadida Hacendado,Mantequilla y margarina,Pastilla,0.25,kg,2.05,8.200,kg
2026-09-26T15:29:09.962639+00:00,svq1,20722,Mantequilla con sal Hacendado,Mantequilla y margarina,Pastilla,0.25,kg,2.05,8.200,kg
2026-09-26T15:29:09.962639+00:00,svq1,20727,Mantequilla con sal Hacendado,Mantequilla y margarina,Tarrina,0.25,kg,2.45,9.800,kg
2026-09-26T15:29:09.962639+00:00,svq1,20738,Bebida láctea natural Actimel,Yogures líquidos,,1.2,kg,4.95,4.125,kg
2026-09-26T15:29:09.962639+00:00,svq1,20830,Postre lácteo cremoso natural edulcorado Hacendado 0% MG 0% azúcares añadidos,Yogures desnatados,,0.75,kg,1.40,1.867,kg
2026-09-26T15:29:09.962639+00:00,svq1,20846,Margarina Hacendado,Mantequilla y margarina,Tarrina,0.5,kg,1.50,3.000,kg
2026-09-26T15:29:09.962639+00:00,svq1,20849,Postre lácteo cremoso natural azucarado sin lactosa Hacendado,Yogures naturales y sabores,,0.5,kg,1.55,3.100,kg
2026-09-26T15:29:09.962639+00:00,svq1,20852,Mantequilla en porciones Hacendado sin sal añadida,Mantequilla y margarina,,0.15,kg,2.05,13.667,kg
2026-09-26T15:29:09.962639+00:00,svq1,20859,Bífidus natural azucarado probióticos Hacendado con cereales y fresas deshidratadas,Bífidus,Tarrina,0.17,kg,1.25,7.353,kg
2026-09-26T15:29:09.962639+00:00,svq1,20876,Margarina ligera Hacendado,Mantequilla y margarina,Tarrina,0.5,kg,1.45,2.900,kg
2026-09-26T15:29:09.962639+00:00,svq1,20889,Salsa fresca Trufa Hacendado,Otras salsas,Tarrina,0.16,kg,1.45,9.063,kg
2026-09-26T15:29:09.962639+00:00,svq1,20891,Pistachos bañados de chocolate con leche Hacendado,Chocolate,Paquete,0.1,kg,2.40,24.000,kg
2026-09-26T15:29:09.962639+00:00,svq1,20893,Arroz de pescado Hacendado,Platos preparados calientes,Bandeja,0.28,kg,3.75,13.393,kg
2026-09-26T15:29:09.962639+00:00,svq1,20908,Postre lácteo natural +Proteínas 12 g 0% MG,Yogures desnatados,,0.48,kg,1.40,2.917,kg
2026-09-26T15:29:09.962639+00:00,svq1,20919,Cacao soluble instantáneo Hacendado,Cacao soluble y chocolate a la taza,Caja,0.8,kg,3.75,4.688,kg
2026-09-26T15:29:09.962639+00:00,svq1,20920,Almendra laminada Hacendado,Velas y decoración,Paquete,0.15,kg,2.75,18.334,kg
2026-09-26T15:29:09.962639+00:00,svq1,20924,Almendra molida Hacendado,Velas y decoración,Paquete,0.15,kg,2.55,17.000,kg
2026-09-26T15:29:09.962639+00:00,svq1,20930,Gel de baño Frutal Deliplus piel normal,Gel y jabón de manos,Botella,1.0,l,1.20,0.120,100 ml
2026-09-26T15:29:09.962639+00:00,svq1,20931,Aperitivo de patata sabor barbacoa Hacendado,Patatas fritas y snacks,Bote,0.175,kg,1.75,10.000,kg
2026-09-26T15:29:09.962639+00:00,svq1,20940,Bebida láctea natural Danacol 0% azúcares añadidos 0% MG,Yogures líquidos,,1.0,kg,5.45,5.450,kg
2026-09-26T15:29:09.962639+00:00,svq1,20941,Bebida láctea de fresa Danacol 0% azúcares añadidos 0% MG,Yogures líquidos,,1.0,kg,5.45,5.450,kg
2026-09-26T15:29:09.962639+00:00,svq1,20953,Bífidus cremoso con lima limón probióticos Hacendado 0% MG 0% azúcares añadidos,Bífidus,,0.5,kg,1.30,2.600,kg
2026-09-26T15:29:09.962639+00:00,svq1,20954,Champú y acondicionador anticaspa Classic 2 en 1 H&S,Champú,Bote,0.33,l,3.90,1.182,100 ml
2026-09-26T15:29:09.962639+00:00,svq1,20955,Champú anticaspa Citrus Fresh H&S cabello graso,Champú,Bote,0.33,l,3.90,1.182,100 ml
2026-09-26T15:29:09.962639+00:00,svq1,20956,Champú anticaspa Menthol Fresh H&S,Champú,Bote,0.33,l,3.90,1.182,100 ml
2026-09-26T15:29:09.962639+00:00,svq1,20959,Detergente ropa Blanca y Color floral Sensation Bosque Verde en cápsulas,Detergente y suavizante ropa,Caja,0.528,kg,4.65,0.194,ud
2026-09-26T15:29:09.962639+00:00,svq1,20960,Friegasuelos Poetic Bosque Verde concentrado,Limpiahogar y friegasuelos,Botella,1.0,l,1.70,1.700,L
2026-09-26T15:29:09.962639+00:00,svq1,20991,Mantequilla sin lactosa Hacendado,Mantequilla y margarina,Tarrina,0.25,kg,2.65,10.600,kg
2026-09-26T15:29:09.962639+00:00,svq1,20996,Postre lácteo con fresa +Proteínas 10 g 0% MG,Yogures desnatados,,0.48,kg,1.50,3.125,kg
2026-09-26T15:29:09.962639+00:00,svq1,21061,"Natillas con chocolate +Proteínas 10 g 1,3 g MG",Flan y natillas,,0.48,kg,1.75,3.646,kg
2026-09-26T15:29:09.962639+00:00,svq1,21073,Postre lácteo con arándanos +Proteínas 10 g 0% MG,Yogures desnatados,,0.48,kg,1.50,3.125,kg
2026-09-26T15:29:09.962639+00:00,svq1,21151,Postre lácteo con puré mango y maracuya +Proteínas 10 g 0% MG,Yogures desnatados,,0.48,kg,1.50,3.125,kg
2026-09-26T15:29:09.962639+00:00,svq1,2116,Tocino de cerdo ibérico,Arreglos,Paquete,0.29,kg,2.12,7.300,kg
2026-09-26T15:29:09.962639+00:00,svq1,21160,Yogur griego con mango Hacendado,Yogures griegos,Pack-4,0.5,kg,1.70,3.400,kg
2026-09-26T15:29:09.962639+00:00,svq1,21193,Bífidus natural probióticos Hacendado 0% MG 0% azúcares añadidos,Bífidus,,0.75,kg,1.15,1.534,kg
2026-09-26T15:29:09.962639+00:00,svq1,21199,Yogur sabor fresa Hacendado 0% MG 0% azúcares añadidos,Yogures desnatados,,0.5,kg,0.90,1.800,kg
2026-09-26T15:29:09.962639+00:00,svq1,21227,Filetes pechuga de pollo marinadas empanadas sin gluten,Aves y pollo,Bandeja,0.47,kg,4.09,8.700,kg
2026-09-26T15:29:09.962639+00:00,svq1,21235,Lagrimitas de pollo al limón empanadas sin gluten,Aves y pollo,Bandeja,0.41,kg,3.53,8.600,kg
2026-09-26T15:29:09.962639+00:00,svq1,21256,Postre lácteo natural +Proteínas 10 g 0% MG,Yogures desnatados,Bote,0.5,kg,1.40,2.800,kg
2026-09-26T15:29:09.962639+00:00,svq1,21307,Bífidus natural probióticos Hacendado,Bífidus,,0.75,kg,1.20,1.600,kg
2026-09-26T15:29:09.962639+00:00,svq1,21311,Bífidus con mango probióticos Hacendado,Bífidus,,0.5,kg,1.30,2.600,kg
2026-09-26T15:29:09.962639+00:00,svq1,21312,Bífidus con ciruelas pasas probióticos Hacendado,Bífidus,,0.5,kg,1.30,2.600,kg
2026-09-26T15:29:09.962639+00:00,svq1,21318,Bífidus con kiwi probióticos Hacendado 0% MG 0% azúcares añadidos,Bífidus,,0.5,kg,1.30,2.600,kg
2026-09-26T15:29:09.962639+00:00,svq1,21326,Pasta rigatoni Armando,Pasta y fideos,Paquete,0.5,kg,1.40,2.800,kg
2026-09-26T15:29:09.962639+00:00,svq1,21327,Bífidus con cereales y fibras probióticos Hacendado,Bífidus,,0.5,kg,1.30,2.600,kg
2026-09-26T15:29:09.962639+00:00,svq1,21329,Bífidus con nueces y cereales probióticos Hacendado 0% MG,Bífidus,,0.5,kg,1.30,2.600,kg
2026-09-26T15:29:09.962639+00:00,svq1,21330,Bífidus con frutos silvestres probióticos Hacendado 0% MG 0% azúcares añadidos,Bífidus,,0.5,kg,1.30,2.600,kg
2026-09-26T15:29:09.962639+00:00,svq1,21331,Bífidus con pera probióticos Hacendado 0% MG 0% azúcares añadidos,Bífidus,,0.5,kg,1.30,2.600,kg
2026-09-26T15:29:09.962639+00:00,svq1,21332,Bífidus con piña probióticos Hacendado 0% MG 0% azúcares añadidos,Bífidus,,0.5,kg,1.30,2.600,kg
2026-09-26T15:29:09.962639+00:00,svq1,21333,Bebida láctea sabor fresa +Proteínas 20 g 0% MG,Yogures líquidos,Botella,0.28,kg,1.15,4.108,kg
2026-09-26T15:29:09.962639+00:00,svq1,21336,"Bífidus natural probióticos Hacendado con coco, almendras y chocolate",Bífidus,Tarrina,0.18,kg,1.25,6.945,kg
2026-09-26T15:29:09.962639+00:00,svq1,21356,Delicias carne y pescado en salsa gato adulto Delikuit,Gato,Tarrina,0.34,kg,2.35,6.912,kg
2026-09-26T15:29:09.962639+00:00,svq1,21358,Yogur griego natural ligero Hacendado 2% MG,Yogures griegos,Bote,1.0,kg,2.10,2.100,kg
2026-09-26T15:29:09.962639+00:00,svq1,21362,Yogur sabor limón Hacendado 0% MG 0% azúcares añadidos,Yogures desnatados,,0.5,kg,0.90,1.800,kg
2026-09-26T15:29:09.962639+00:00,svq1,21366,Tarta de queso Hacendado,Gelatina y otros postres,Tarrina,0.18,kg,1.90,10.556,kg
2026-09-26T15:29:09.962639+00:00,svq1,21369,Postre de soja sabor mango Alpro sin azúcares añadidos,Postres de soja,Bote,0.4,kg,2.60,6.500,kg
2026-09-26T15:29:09.962639+00:00,svq1,2137,Flautas de pollo y queso,Aves y pollo,Bandeja,0.28,kg,2.20,7.858,kg
2026-09-26T15:29:09.962639+00:00,svq1,21377,Bífidus cremoso natural edulcorado probióticos Hacendado 0% MG 0% azúcares añadidos,Bífidus,,0.75,kg,1.40,1.867,kg
2026-09-26T15:29:09.962639+00:00,svq1,21378,Bebida láctea sabor tropical +Proteínas 20 g 0% MG,Yogures líquidos,Botella,0.28,kg,1.15,4.108,kg
2026-09-26T15:29:09.962639+00:00,svq1,21398,Cambiador multiusos desechable Deliplus,Toallitas y pañales,Paquete,12.0,ud,4.15,0.346,ud
2026-09-26T15:29:09.962639+00:00,svq1,21409,Mortadela ibérica Legado Ibérico finas lonchas,Chopped y mortadela,Paquete,0.15,kg,1.85,12.334,kg
2026-09-26T15:29:09.962639+00:00,svq1,21432,Pasta de almendra Hacendado,Bollería envasada,,0.05,kg,0.29,5.750,kg
2026-09-26T15:29:09.962639+00:00,svq1,21441,Kit de pinceles rostro Deliplus,Pinceles y brochas,Caja,3.0,ud,6.50,6.500,ud
2026-09-26T15:29:09.962639+00:00,svq1,21442,Kit de pinceles ojos Deliplus,Pinceles y brochas,Caja,4.0,ud,5.00,5.000,ud
2026-09-26T15:29:09.962639+00:00,svq1,21448,Piadina Hacendado,Pan de molde y otras especialidades,Paquete,0.4,kg,2.20,5.500,kg
2026-09-26T15:29:09.962639+00:00,svq1,21450,Cereales cubiertos de chocolate blanco rellenos con leche Hacendado,Cereales,Paquete,0.125,kg,1.75,14.000,kg
2026-09-26T15:29:09.962639+00:00,svq1,21463,Champú Color Protect Deliplus cabello teñido,Champú,Bote,0.4,l,1.90,0.475,100 ml
2026-09-26T15:29:09.962639+00:00,svq1,21466,Mascarilla Color Protect Deliplus cabello teñido,Acondicionador y mascarilla,Tarro,0.4,l,2.40,0.600,100 ml
2026-09-26T15:29:09.962639+00:00,svq1,21472,Rosquilla de cacao Caocream Hacendado,Bollería envasada,,0.052,kg,0.30,5.750,kg
2026-09-26T15:29:09.962639+00:00,svq1,21476,Lomo de cebo 50% ibérico Altanera,Embutido curado,Pieza,0.4,kg,19.00,47.500,kg
2026-09-26T15:29:09.962639+00:00,svq1,21478,Presa de bellota ibérica La Hacienda del Ibérico,Embutido curado,Pieza,0.43,kg,25.80,60.000,kg
2026-09-26T15:29:09.962639+00:00,svq1,21487,Bocaditos de carne en gelatina gato adulto Delikuit,Gato,Paquete,1.2,kg,3.40,2.834,kg
2026-09-26T15:29:09.962639+00:00,svq1,21490,Bocaditos de pescado en gelatina gato adulto Delikuit,Gato,Paquete,1.2,kg,3.40,2.834,kg
2026-09-26T15:29:09.962639+00:00,svq1,21491,Mix mini barritas de chocolate Hacendado,Chocolate,Caja,0.2044,kg,2.75,13.481,kg
2026-09-26T15:29:09.962639+00:00,svq1,21494,Cepillo dental Medio Deliplus + Action,Higiene bucal,Paquete,1.0,ud,2.25,1.125,ud
2026-09-26T15:29:09.962639+00:00,svq1,21501,Máscara de pestañas Maxi Volume efecto volumen intenso Deliplus negro,Ojos,,0.0085,l,4.50,4.500,ud
2026-09-26T15:29:09.962639+00:00,svq1,21503,Máscara de pestañas Long Xtrem efecto longitud infinita Deliplus negro,Ojos,,0.0085,l,4.50,4.500,ud
2026-09-26T15:29:09.962639+00:00,svq1,21504,Máscara de pestañas Water Xtrem waterproof efecto longitud infinita Deliplus negro,Ojos,,0.0085,l,4.50,4.500,ud
2026-09-26T15:29:09.962639+00:00,svq1,21505,Máscara de pestañas Brown Xtrem efecto longitud infinita Deliplus marrón,Ojos,,0.0085,l,4.50,4.500,ud
2026-09-26T15:29:09.962639+00:00,svq1,21506,Máscara de pestañas Drama Lashes efecto volumen y longitud Deliplus negro,Ojos,,0.0085,l,4.50,4.500,ud
2026-09-26T15:29:09.962639+00:00,svq1,21507,Máscara de pestañas Curve XL efecto lifting Deliplus negro,Ojos,,0.0085,l,4.50,4.500,ud
2026-09-26T15:29:09.962639+00:00,svq1,21508,"Sérum de pestañas y cejas Revival cuida, nutre y fortalece Deliplus transparente",Ojos,,0.0085,l,5.00,5.000,ud
2026-09-26T15:29:09.962639+00:00,svq1,21509,"Cerveza 0,0% sin alcohol Falke",Cerveza sin alcohol,,1.5,l,2.34,1.560,L
2026-09-26T15:29:09.962639+00:00,svq1,21510,"Cerveza 0,0% sin alcohol Falke",Cerveza sin alcohol,Botellín,0.25,l,0.39,1.560,L
2026-09-26T15:29:09.962639+00:00,svq1,21520,Vino tinto 12 meses Barril Nº7,Vino tinto,Botella,0.75,l,1.90,2.534,L
2026-09-26T15:29:09.962639+00:00,svq1,21534,Detergente ropa de Color y Oscura Bosque Verde líquido,Detergente y suavizante ropa,Botella,3.0,l,4.90,0.107,lv
2026-09-26T15:29:09.962639+00:00,svq1,21535,"Comida con pollo, ternera, frutas y verduras perro adulto Compy",Perro,Saco,10.0,kg,10.85,1.085,kg
2026-09-26T15:29:09.962639+00:00,svq1,21537,Salteado rústico Hacendado ultracongelado,Fruta y verdura,Paquete,0.45,kg,2.00,4.445,kg
2026-09-26T15:29:09.962639+00:00,svq1,21538,Salteado de patata y salchicha frankfurt Hacendado ultracongelado,Fruta y verdura,Paquete,0.45,kg,2.10,4.667,kg
2026-09-26T15:29:09.962639+00:00,svq1,21540,Napolitana de crema,Bollería de horno,Pieza,0.12,kg,0.95,7.917,kg
2026-09-26T15:29:09.962639+00:00,svq1,21549,Torrezno precocinado Hacendado,Bacón y salchichas,Bandeja,0.42,kg,7.35,17.500,kg
2026-09-26T15:29:09.962639+00:00,svq1,21551,Ambientador spray de tejidos Bosque Verde,Insecticida y ambientador,Botella,0.5,l,2.60,5.200,L
2026-09-26T15:29:09.962639+00:00,svq1,21552,Cayena guindillas Hacendado,Especias,Bote,0.023,kg,1.35,5.870,100 g
2026-09-26T15:29:09.962639+00:00,svq1,21553,Lavavajillas Poder 3 en 1 Fairy líquido,Limpieza vajilla,Botella,0.5,kg,3.85,7.700,L
2026-09-26T15:29:09.962639+00:00,svq1,21556,Bebida láctea de fresa L-casei 0% MG 0% azúcares añadidos,Yogures líquidos,,1.2,kg,2.60,2.167,kg
2026-09-26T15:29:09.962639+00:00,svq1,21557,Bebida láctea natural L-casei 0% MG 0% azúcares añadidos,Yogures líquidos,,1.2,kg,2.60,2.167,kg
2026-09-26T15:29:09.962639+00:00,svq1,21567,Mascarilla facial stick Facial Clean detox & iluminador,Cuidado e higiene facial,Tubo,0.04,kg,3.50,8.750,100 g
2026-09-26T15:29:09.962639+00:00,svq1,21568,Cepillo dental Suave Deliplus,Higiene bucal,Paquete,1.0,ud,1.35,0.338,ud
2026-09-26T15:29:09.962639+00:00,svq1,21569,Cepillo dental Medio Deliplus,Higiene bucal,Paquete,1.0,ud,1.35,0.338,ud
2026-09-26T15:29:09.962639+00:00,svq1,21570,Cepillo dental Duro Deliplus,Higiene bucal,Paquete,1.0,ud,1.35,0.338,ud
2026-09-26T15:29:09.962639+00:00,svq1,21571,Croquetas caprichos de camembert Hacendado ultracongelados,Rebozados,Paquete,0.35,kg,2.75,7.858,kg
2026-09-26T15:29:09.962639+00:00,svq1,21576,Panecillo de trigo integral 30%,Pan de horno,,0.07,kg,0.35,5.000,kg
2026-09-26T15:29:09.962639+00:00,svq1,21578,"Helado golden pecan Hacendado sabor vainilla con trozos de nueces de pecán, salsa dulce de arce y caramelo",Helados,Bote,0.5,l,3.25,6.500,L
2026-09-26T15:29:09.962639+00:00,svq1,21581,Queso rallado 4 quesos Hacendado,"Queso lonchas, rallado y en porciones",Paquete,0.2,kg,1.75,8.750,kg
2026-09-26T15:29:09.962639+00:00,svq1,21583,Morcilla serrana,Embutido,Bandeja,0.35,kg,2.71,7.750,kg
2026-09-26T15:29:09.962639+00:00,svq1,21584,Galletas saladas con semillas y orégano Hacendado,Patatas fritas y snacks,Paquete,0.25,kg,1.45,5.800,kg
2026-09-26T15:29:09.962639+00:00,svq1,21588,Napolitana de chocolate,Bollería de horno,Pieza,0.12,kg,0.95,7.917,kg
2026-09-26T15:29:09.962639+00:00,svq1,21594,Pizza Kebab con pollo asado Hacendado ultracongelada,Pizzas,,0.4,kg,2.90,7.250,kg
2026-09-26T15:29:09.962639+00:00,svq1,21596.1,Barra pan integral de espelta 100%,Pan de horno,,0.25,kg,1.25,5.000,kg
2026-09-26T15:29:09.962639+00:00,svq1,21596.2,Barra pan integral de espelta 100% rebanado,Pan de horno,,0.25,kg,1.25,5.000,kg
2026-09-26T15:29:09.962639+00:00,svq1,21599,Sérum facial iluminador Anti Ox con 15% vitamina C,Cuidado e higiene facial,Bote,0.03,l,6.00,20.000,100 ml
2026-09-26T15:29:09.962639+00:00,svq1,21601,Lomo de cerdo cocido Hacendado finas lonchas,Aves y jamón cocido,,0.45,kg,2.95,6.556,kg
2026-09-26T15:29:09.962639+00:00,svq1,21604,Helado bombón pistacho Hacendado sabor almendra con salsa de pistacho,Helados,Caja,0.54,l,4.60,8.519,L
2026-09-26T15:29:09.962639+00:00,svq1,21605,Helado Dochi sabor tarta de la abuela Hacendado con salsa de avellana,Helados,Caja,0.216,l,3.00,13.889,L
2026-09-26T15:29:09.962639+00:00,svq1,21614,"Comida con pollo fresco, frutas y verduras perro adulto Supreme Compy",Perro,Paquete,5.0,kg,12.25,2.450,kg
2026-09-26T15:29:09.962639+00:00,svq1,21617,"Comida con salmón fresco, frutas y verduras perro adulto Supreme Compy",Perro,Saco,5.0,kg,13.25,2.650,kg
2026-09-26T15:29:09.962639+00:00,svq1,21625,Batido lácteo sabor café +Proteínas 30 g,Yogures líquidos,Brik,0.33,l,1.40,4.243,L
2026-09-26T15:29:09.962639+00:00,svq1,21628,Bacón ahumado La Selva lonchas,Bacón y salchichas,Paquete,0.225,kg,2.05,9.112,kg
2026-09-26T15:29:09.962639+00:00,svq1,21632,Paté de lomo de atún Hacendado,Paté y sobrasada,,0.3,kg,2.30,7.667,kg
2026-09-26T15:29:09.962639+00:00,svq1,21633,Paté de hígado de cerdo ibérico Hacendado,Paté y sobrasada,,0.3,kg,2.00,6.667,kg
2026-09-26T15:29:09.962639+00:00,svq1,21634,Paté de hígado de cerdo sabor intenso Hacendado,Paté y sobrasada,,0.3,kg,2.00,6.667,kg
2026-09-26T15:29:09.962639+00:00,svq1,21637,Polvo compacto matificante efecto seda Deliplus,Colorete y polvos,,0.009,kg,6.00,6.000,ud
2026-09-26T15:29:09.962639+00:00,svq1,21638,Polvo suelto translúcido Deliplus ácido hialurónico,Colorete y polvos,,0.006,kg,6.00,6.000,ud
2026-09-26T15:29:09.962639+00:00,svq1,21640,Leche desnatada +Proteínas & calcio,Leche y bebidas vegetales,,1.2,l,2.10,1.750,L
2026-09-26T15:29:09.962639+00:00,svq1,21643,Fluido protección solar facial Deliplus FPS 50+,Protector solar y aftersun,Bote,0.05,l,7.00,14.000,100 ml
2026-09-26T15:29:09.962639+00:00,svq1,21646,Pechuga pavo cocida extrafino Hacendado lonchas,Aves y jamón cocido,Paquete,0.15,kg,2.85,19.000,kg
2026-09-26T15:29:09.962639+00:00,svq1,21647,Pechuga de pollo braseada extrafino Hacendado lonchas,Aves y jamón cocido,Paquete,0.15,kg,2.85,19.000,kg
2026-09-26T15:29:09.962639+00:00,svq1,21649,Empanada de carne,Bollería de horno,Pieza,0.5,kg,3.65,7.300,kg
2026-09-26T15:29:09.962639+00:00,svq1,21653,"Refresco té rojo Zero Hacendado sabor frutos rojos, hibisco y granada",Refresco de té y sin gas,Botella,1.5,l,1.00,0.667,L
2026-09-26T15:29:09.962639+00:00,svq1,21654,Bebida energética Zero Melow Energy drink Hacendado,Isotónico y energético,Lata,0.5,l,1.00,2.000,L
2026-09-26T15:29:09.962639+00:00,svq1,21661,Salchichón ibérico La Hacienda del ibérico cortado,Embutido curado,,0.13,kg,2.00,15.385,kg
2026-09-26T15:29:09.962639+00:00,svq1,21688,Barritas crujientes Hacendado recubiertas de chocolate con leche,Chocolate,Paquete,0.0645,kg,1.00,15.385,kg
2026-09-26T15:29:09.962639+00:00,svq1,2169,Flautas de bacón y queso,Cerdo,Bandeja,0.28,kg,2.20,7.858,kg
2026-09-26T15:29:09.962639+00:00,svq1,21694,Bebida preparada de vodka sabor maracuyá Knebep Passion fruit,Licores,Botellín,0.275,l,1.30,4.728,L
2026-09-26T15:29:09.962639+00:00,svq1,21695,Bebida energética Energy Drink Hacendado,Isotónico y energético,Botella,1.5,l,1.60,1.067,L
2026-09-26T15:29:09.962639+00:00,svq1,21696,Bebida energética Zero Energy Drink Hacendado,Isotónico y energético,,1.5,l,2.40,1.600,L
2026-09-26T15:29:09.962639+00:00,svq1,21697,Bebida energética Zero Energy Drink Hacendado,Isotónico y energético,Lata,0.25,l,0.40,1.600,L
2026-09-26T15:29:09.962639+00:00,svq1,21698,Bebida energética Energy Drink Hacendado,Isotónico y energético,,1.5,l,2.40,1.600,L
2026-09-26T15:29:09.962639+00:00,svq1,21699,Bebida energética Energy Drink Hacendado,Isotónico y energético,Lata,0.25,l,0.40,1.600,L
2026-09-26T15:29:09.962639+00:00,svq1,21700,Bebida isotónica Iso On blue Hacendado,Isotónico y energético,Botella,0.5,l,0.70,1.400,L
2026-09-26T15:29:09.962639+00:00,svq1,21703,Tónica Hacendado,Tónica y bitter,,1.98,l,2.22,1.122,L
2026-09-26T15:29:09.962639+00:00,svq1,21704,Tónica Hacendado,Tónica y bitter,Lata,0.33,l,0.37,1.122,L
2026-09-26T15:29:09.962639+00:00,svq1,21705,Bebida energética Furious Energy drink Hacendado,Isotónico y energético,Lata,0.5,l,1.00,2.000,L
2026-09-26T15:29:09.962639+00:00,svq1,21706,Bebida energética Zero Katrine Energy drink Hacendado,Isotónico y energético,Lata,0.5,l,1.00,2.000,L
2026-09-26T15:29:09.962639+00:00,svq1,21707,Bebida energética Zero Full Tropic Energy drink Hacendado,Isotónico y energético,Lata,0.5,l,1.00,2.000,L
2026-09-26T15:29:09.962639+00:00,svq1,21708,Bebida energética Zero Furious Energy drink Hacendado,Isotónico y energético,Lata,0.5,l,1.00,2.000,L
2026-09-26T15:29:09.962639+00:00,svq1,21709,Refresco té  zero sabor melocotón Hacendado,Refresco de té y sin gas,Botella,1.5,l,1.00,0.667,L
2026-09-26T15:29:09.962639+00:00,svq1,21710,Refresco té verde Zero Hacendado sabor maracuyá y mango,Refresco de té y sin gas,Botella,1.5,l,1.00,0.667,L
2026-09-26T15:29:09.962639+00:00,svq1,21711,Refresco té zero sabor mango Hacendado,Refresco de té y sin gas,Botella,1.5,l,1.00,0.667,L
2026-09-26T15:29:09.962639+00:00,svq1,21712,Refresco cola Hacendado,Refresco de cola,,1.98,l,2.10,1.061,L
2026-09-26T15:29:09.962639+00:00,svq1,21713,Refresco cola Hacendado,Refresco de cola,Lata,0.33,l,0.35,1.061,L
2026-09-26T15:29:09.962639+00:00,svq1,21714,Refresco cola Hacendado zero azúcar,Refresco de cola,,1.98,l,2.10,1.061,L
2026-09-26T15:29:09.962639+00:00,svq1,21715,Refresco cola Hacendado zero azúcar,Refresco de cola,Lata,0.33,l,0.35,1.061,L
2026-09-26T15:29:09.962639+00:00,svq1,21716,Refresco cola Hacendado zero azúcar zero cafeína,Refresco de cola,,1.98,l,2.10,1.061,L
2026-09-26T15:29:09.962639+00:00,svq1,21717,Refresco cola Hacendado zero azúcar zero cafeína,Refresco de cola,Lata,0.33,l,0.35,1.061,L
2026-09-26T15:29:09.962639+00:00,svq1,21719,Refresco de naranja Hacendado fresh gas,Refresco de naranja y de limón,,1.98,l,2.22,1.122,L
2026-09-26T15:29:09.962639+00:00,svq1,21720,Refresco de naranja Hacendado fresh gas,Refresco de naranja y de limón,Lata,0.33,l,0.37,1.122,L
2026-09-26T15:29:09.962639+00:00,svq1,21721,Refresco de naranja Hacendado zero fresh gas,Refresco de naranja y de limón,,1.98,l,2.22,1.122,L
2026-09-26T15:29:09.962639+00:00,svq1,21722,Refresco de naranja Hacendado zero azúcar fresh gas,Refresco de naranja y de limón,Lata,0.33,l,0.37,1.122,L
2026-09-26T15:29:09.962639+00:00,svq1,21723,Refresco lima limón Hacendado fresh gas,Refresco de naranja y de limón,,1.98,l,2.22,1.122,L
2026-09-26T15:29:09.962639+00:00,svq1,21724,Refresco lima limón Hacendado fresh gas,Refresco de naranja y de limón,Lata,0.33,l,0.37,1.122,L
2026-09-26T15:29:09.962639+00:00,svq1,21725,Refresco lima limón Hacendado zero azúcar fresh gas,Refresco de naranja y de limón,Botella,2.0,l,0.95,0.475,L
2026-09-26T15:29:09.962639+00:00,svq1,21726,Refresco cola Hacendado,Refresco de cola,Botella,2.0,l,0.80,0.400,L
2026-09-26T15:29:09.962639+00:00,svq1,21727,Refresco cola Hacendado zero azúcar,Refresco de cola,Botella,2.0,l,0.80,0.400,L
2026-09-26T15:29:09.962639+00:00,svq1,21728,Refresco cola Hacendado zero azúcar zero cafeína,Refresco de cola,Botella,2.0,l,0.80,0.400,L
2026-09-26T15:29:09.962639+00:00,svq1,21729,Refresco de naranja Hacendado fresh gas,Refresco de naranja y de limón,Botella,2.0,l,0.95,0.475,L
2026-09-26T15:29:09.962639+00:00,svq1,21730,Refresco de naranja Hacendado zero fresh gas,Refresco de naranja y de limón,Botella,2.0,l,0.90,0.450,L
2026-09-26T15:29:09.962639+00:00,svq1,21731,Refresco lima limón Hacendado fresh gas,Refresco de naranja y de limón,Botella,2.0,l,0.95,0.475,L
2026-09-26T15:29:09.962639+00:00,svq1,21732,Refresco sin gas Tropical Hacendado,Refresco de té y sin gas,Botella,1.5,l,1.20,0.800,L
2026-09-26T15:29:09.962639+00:00,svq1,21733,Gaseosa grande Hacendado,Agua,Botella,1.5,l,0.55,0.367,L
2026-09-26T15:29:09.962639+00:00,svq1,21734,Limonada sin gas light Hacendado,Refresco de té y sin gas,,1.32,l,1.60,1.213,L
2026-09-26T15:29:09.962639+00:00,svq1,21735,Limonada  sin gas light Hacendado,Refresco de té y sin gas,Botella,0.33,l,0.40,1.213,L
2026-09-26T15:29:09.962639+00:00,svq1,21736,"Cerveza 0,0% sin alcohol tostada Falke",Cerveza sin alcohol,,2.64,l,3.68,1.394,L
2026-09-26T15:29:09.962639+00:00,svq1,21737,"Cerveza 0,0% sin alcohol tostada Falke",Cerveza sin alcohol,Lata,0.33,l,0.46,1.394,L
2026-09-26T15:29:09.962639+00:00,svq1,21738,"Cerveza Radler Falke 0,0% sin alcohol",Cerveza,,2.64,l,3.60,1.364,L
2026-09-26T15:29:09.962639+00:00,svq1,21739,"Cerveza Radler Falke 0,0% sin alcohol",Cerveza,Lata,0.33,l,0.45,1.364,L
2026-09-26T15:29:09.962639+00:00,svq1,21740,Cerveza doble malta 1897,Cerveza,,1.98,l,3.18,1.607,L
2026-09-26T15:29:09.962639+00:00,svq1,21741,Cerveza doble malta 1897,Cerveza,Lata,0.33,l,0.53,1.607,L
2026-09-26T15:29:09.962639+00:00,svq1,21742,Cerveza Radler Steinburg con zumo natural de limón,Cerveza,,2.97,l,3.69,1.243,L
2026-09-26T15:29:09.962639+00:00,svq1,21743,Cerveza Radler Steinburg con zumo natural de limón,Cerveza,Lata,0.33,l,0.41,1.243,L
2026-09-26T15:29:09.962639+00:00,svq1,21744,Cerveza especial sin gluten Falke,Cerveza,,2.64,l,3.84,1.455,L
2026-09-26T15:29:09.962639+00:00,svq1,21745,Cerveza especial sin gluten Falke,Cerveza,Lata,0.33,l,0.48,1.455,L
2026-09-26T15:29:09.962639+00:00,svq1,21746,"Cerveza 0,0% sin alcohol Falke",Cerveza sin alcohol,,3.96,l,3.48,0.879,L
2026-09-26T15:29:09.962639+00:00,svq1,21747,"Cerveza 0,0% sin alcohol Falke",Cerveza sin alcohol,Lata,0.33,l,0.29,0.879,L
2026-09-26T15:29:09.962639+00:00,svq1,21757,Ambientador spray Oud Bosque Verde,Insecticida y ambientador,Spray,0.3,l,1.20,4.000,L
2026-09-26T15:29:09.962639+00:00,svq1,21759,Barritas de cereales plátano y cacao Hacendado 0% azúcares añadidos,Cereales,Caja,0.12,kg,1.65,13.750,kg
2026-09-26T15:29:09.962639+00:00,svq1,21760,Barritas de cereales avena y cacao Hacendado,Cereales,Caja,0.14,kg,1.45,10.358,kg
2026-09-26T15:29:09.962639+00:00,svq1,21762,Smoothie mango y naranja Hacendado,Fruta variada,Botella,0.25,l,1.65,6.600,L
2026-09-26T15:29:09.962639+00:00,svq1,21763,Eau de toilette mujer Aqua Royale Verdant,Perfume y colonia,Frasco,0.2,l,7.50,3.750,100 ml
2026-09-26T15:29:09.962639+00:00,svq1,21764,Eau de toilette mujer Aqua Royale Amber,Perfume y colonia,Frasco,0.2,l,7.50,3.750,100 ml
2026-09-26T15:29:09.962639+00:00,svq1,21765,Eau de toilette hombre Aqua Royale Woods,Perfume y colonia,Frasco,0.2,l,7.50,3.750,100 ml
2026-09-26T15:29:09.962639+00:00,svq1,21766,Eau de toilette hombre Aqua Royale Vitae,Perfume y colonia,Frasco,0.2,l,7.50,3.750,100 ml
2026-09-26T15:29:09.962639+00:00,svq1,21772,Smoothie fresa y plátano Hacendado,Fruta variada,Botella,0.25,l,1.65,6.600,L
2026-09-26T15:29:09.962639+00:00,svq1,21774,Smoothie mango y coco Hacendado,Fruta variada,Botella,0.25,l,1.65,6.600,L
2026-09-26T15:29:09.962639+00:00,svq1,21775,"Shot jengibre, manzana y limón Hacendado",Fruta variada,Botella,0.125,l,2.00,16.000,L
2026-09-26T15:29:09.962639+00:00,svq1,21776,Zumo de naranja Hacendado,Naranja,Botella,0.33,l,1.10,3.334,L
2026-09-26T15:29:09.962639+00:00,svq1,21777,Zumo de naranja Hacendado,Naranja,Botella,1.0,l,2.10,2.100,L
2026-09-26T15:29:09.962639+00:00,svq1,21778,Zumo de clementina Hacendado,Naranja,Botella,1.0,l,1.80,1.800,L
2026-09-26T15:29:09.962639+00:00,svq1,21779,Mosto tinto Casón Histórico,Vino blanco,Botella,1.5,l,2.10,1.400,L
2026-09-26T15:29:09.962639+00:00,svq1,21784,Zumo maracuyá y chía Hacendado,Fruta variada,Botella,0.25,l,1.65,6.600,L
2026-09-26T15:29:09.962639+00:00,svq1,2179,Callos preparados de ternera Rogusa,Empanados y elaborados,Paquete,0.5,kg,4.10,8.200,kg
2026-09-26T15:29:09.962639+00:00,svq1,21807,Chuletas de cordero palo y riñonada,Conejo y cordero,Bandeja,0.29,kg,9.57,33.000,kg
2026-09-26T15:29:09.962639+00:00,svq1,21811,Chuletas de cordero pierna,Conejo y cordero,Bandeja,0.26,kg,5.46,21.000,kg
2026-09-26T15:29:09.962639+00:00,svq1,21827,Refresco té verde Zero Hacendado sabor maracuyá y mango,Refresco de té y sin gas,,1.98,l,3.00,1.516,L
2026-09-26T15:29:09.962639+00:00,svq1,21828,Refresco té verde Zero Hacendado sabor maracuyá y mango,Refresco de té y sin gas,Lata,0.33,l,0.50,1.516,L
2026-09-26T15:29:09.962639+00:00,svq1,21841,Panes con semillas,Pan de horno,Bolsa,0.17,kg,1.50,8.824,kg
2026-09-26T15:29:09.962639+00:00,svq1,21846,Bocaditos de queso y chile Hot Cheese Hacendado ultracongelados,Rebozados,Paquete,0.3,kg,2.30,7.667,kg
2026-09-26T15:29:09.962639+00:00,svq1,21847,"Smoothie veggie aguacate, mango y espinaca Hacendado",Fruta variada,Botella,0.25,l,1.80,7.200,L
2026-09-26T15:29:09.962639+00:00,svq1,21848,Bastoncillos de algodón 100% Deliplus,Parafarmacia,Caja,300.0,ud,1.15,0.004,ud
2026-09-26T15:29:09.962639+00:00,svq1,21853,"Tiras adhesivas protectoras infantiles Deliplus surtidas, elásticas y transpirables",Parafarmacia,Caja,1.0,ud,1.30,0.109,ud
2026-09-26T15:29:09.962639+00:00,svq1,21860,Tratamiento para uñas base blanqueante cálcio Deliplus 58,Manicura y pedicura,,0.01,l,3.50,3.500,ud
2026-09-26T15:29:09.962639+00:00,svq1,21879,Pepito de crema,Bollería de horno,Bandeja,0.21,kg,2.30,10.953,kg
2026-09-26T15:29:09.962639+00:00,svq1,21881,Crema facial día antiarrugas Regen Skin Deliplus con exosomas,Cuidado e higiene facial,Tarro,0.05,l,5.50,11.000,100 ml
2026-09-26T15:29:09.962639+00:00,svq1,21884,Lote facial mujer Deliplus Glow,Cuidado e higiene facial,Caja,1.0,ud,6.00,6.000,ud
2026-09-26T15:29:09.962639+00:00,svq1,21887,Licor de maracuyá Royal Swan,Licores,Botella,0.7,l,6.35,9.072,L
2026-09-26T15:29:09.962639+00:00,svq1,21889,Cocktail sabor caipirinha coco sin alcohol Pi.omka con zumo de lima,Licores,Botellín,0.25,l,1.30,4.728,L
2026-09-26T15:29:09.962639+00:00,svq1,21890,Ginebra watermelon Gin Glivery,Licores,Botella,0.7,l,7.00,10.000,L
2026-09-26T15:29:09.962639+00:00,svq1,21893,Guanciale a taquitos Hacendado,Bacón y salchichas,,0.15,kg,2.90,19.334,kg
2026-09-26T15:29:09.962639+00:00,svq1,21897,Blanco de verano limón Don Simón,Tinto de verano y sangría,Botella,1.5,l,1.25,0.834,L
2026-09-26T15:29:09.962639+00:00,svq1,21928,Cocktail frutos secos tostados con sal Hacendado,Frutos secos y fruta desecada,Paquete,0.2,kg,2.65,13.250,kg
2026-09-26T15:29:09.962639+00:00,svq1,21930,Máscara de cejas Fixing Gel Deliplus transparente,Ojos,,0.005,l,4.25,4.250,ud
2026-09-26T15:29:09.962639+00:00,svq1,21931,Máscara de cejas Deliplus 01 marrón claro,Ojos,,0.005,l,4.25,4.250,ud
2026-09-26T15:29:09.962639+00:00,svq1,21932,Máscara de cejas Deliplus 02 marrón medio,Ojos,,0.005,l,4.25,4.250,ud
2026-09-26T15:29:09.962639+00:00,svq1,21933,Prebase de maquillaje Mate Deliplus efecto rellenador de poros,Bases de maquillaje y corrector,,0.025,l,5.50,5.500,ud
2026-09-26T15:29:09.962639+00:00,svq1,21934,Prebase de maquillaje Hydra Deliplus,Bases de maquillaje y corrector,,0.025,l,5.50,5.500,ud
2026-09-26T15:29:09.962639+00:00,svq1,21941,Laca de uñas alto brillo Deliplus 144 verde pastel,Manicura y pedicura,,0.011,l,2.00,2.000,ud
2026-09-26T15:29:09.962639+00:00,svq1,21948,Laca de uñas alto brillo Deliplus 149 rosa medio,Manicura y pedicura,,0.011,l,2.00,2.000,ud
2026-09-26T15:29:09.962639+00:00,svq1,21949,Laca de uñas alto brillo Deliplus 150 coral,Manicura y pedicura,,0.011,l,2.00,2.000,ud
2026-09-26T15:29:09.962639+00:00,svq1,21950,Laca de uñas alto brillo Deliplus 151 verde medio,Manicura y pedicura,,0.011,l,2.00,2.000,ud
2026-09-26T15:29:09.962639+00:00,svq1,21951,Laca de uñas alto brillo Deliplus 152 azul medio,Manicura y pedicura,,0.011,l,2.00,2.000,ud
2026-09-26T15:29:09.962639+00:00,svq1,21952,Laca de uñas alto brillo Deliplus 153 magenta,Manicura y pedicura,,0.011,l,2.00,2.000,ud
2026-09-26T15:29:09.962639+00:00,svq1,21959,Laca de uñas alto brillo Deliplus 154 fucsia,Manicura y pedicura,,0.011,l,2.00,2.000,ud
2026-09-26T15:29:09.962639+00:00,svq1,21960,Pan de burger Hacendado Rústico 100% integral,Pan de molde y otras especialidades,Paquete,0.3,kg,1.05,3.500,kg
2026-09-26T15:29:09.962639+00:00,svq1,21969,Desmaquillador de ojos y labios bifásico Waterproof Facial Clean,Cuidado e higiene facial,Bote,0.15,l,2.00,1.334,100 ml
2026-09-26T15:29:09.962639+00:00,svq1,21972,Frizzante sabor sandía Piccolo Giovanni,Vino lambrusco y espumoso,Botella,0.75,l,2.00,2.667,L
2026-09-26T15:29:09.962639+00:00,svq1,21979,"Gelatina sabores mango maracuyá, guayaba y piña coco Hacendado",Gelatina y otros postres,,0.6,kg,1.00,1.667,kg
2026-09-26T15:29:09.962639+00:00,svq1,21985,Cacao soluble instantáneo Nesquik,Cacao soluble y chocolate a la taza,Caja,2.5,kg,15.85,6.340,kg
2026-09-26T15:29:09.962639+00:00,svq1,21986,Galletas Classic Choc Hacendado,Galletas,Caja,0.273,kg,1.35,4.946,kg
2026-09-26T15:29:09.962639+00:00,svq1,21987,Maquinilla depilación recargable Gillette Venus 3 hojas ComfortGlide,Depilación,Caja,1.0,ud,9.95,9.950,ud
2026-09-26T15:29:09.962639+00:00,svq1,21988,Pappardelle Hacendado,Pasta y fideos,Paquete,0.45,kg,1.45,3.223,kg
2026-09-26T15:29:09.962639+00:00,svq1,21993,Detergente ropa todo en 1 Ariel Pods en cápsulas,Detergente y suavizante ropa,Caja,0.3477,kg,6.90,0.364,ud
2026-09-26T15:29:09.962639+00:00,svq1,22001,Bebida láctea natural Cuidacol 0% azúcares añadidos,Yogures líquidos,,0.8,kg,2.50,3.125,kg
2026-09-26T15:29:09.962639+00:00,svq1,22002,Bebida láctea de fresa Cuidacol 0% azúcares añadidos,Yogures líquidos,,0.8,kg,2.50,3.125,kg
2026-09-26T15:29:09.962639+00:00,svq1,22007,Bocaditos de carne en gelatina gato júnior Delikuit,Gato,Paquete,0.8,kg,2.50,3.125,kg
2026-09-26T15:29:09.962639+00:00,svq1,22008,Snack barritas de pollo e hígado gato Compy,Gato,Paquete,0.05,kg,1.05,21.000,kg
2026-09-26T15:29:09.962639+00:00,svq1,22009,Snack barritas de pollo e hígado perro adulto Compy,Perro,Paquete,0.088,kg,1.05,11.932,kg
2026-09-26T15:29:09.962639+00:00,svq1,22081,Fumet caldo de pescado Hacendado,Sopa y caldo,Botella,0.95,kg,3.00,3.158,kg
2026-09-26T15:29:09.962639+00:00,svq1,22083,Maquinilla de afeitar recargable Deliplus Precision System 3 hojas,Afeitado y cuidado para hombre,Caja,1.0,ud,3.00,3.000,ud
2026-09-26T15:29:09.962639+00:00,svq1,22084,Recambios maquinilla de afeitar Deliplus Precision System 3 hojas,Afeitado y cuidado para hombre,Caja,1.0,ud,3.50,0.875,ud
2026-09-26T15:29:09.962639+00:00,svq1,22112,Refresco lima limón 7 Up,Refresco de naranja y de limón,,2.97,l,5.49,1.849,L
2026-09-26T15:29:09.962639+00:00,svq1,22124,Desodorante invisible Black & White Nivea Men antitranspirante,Desodorante,Spray,0.2,l,2.50,1.250,100 ml
2026-09-26T15:29:09.962639+00:00,svq1,22125,Desodorante invisible Black & White Nivea,Desodorante,Spray,0.2,l,2.50,1.250,100 ml
2026-09-26T15:29:09.962639+00:00,svq1,22126,Bebida láctea natural azucarada L-casei,Yogures líquidos,,1.2,kg,2.25,1.875,kg
2026-09-26T15:29:09.962639+00:00,svq1,22139,Rollo con sabor nata Hacendado,Bollería envasada,,0.042,kg,0.24,5.750,kg
2026-09-26T15:29:09.962639+00:00,svq1,22140,Rollo con sabor avellana Hacendado,Bollería envasada,,0.042,kg,0.24,5.750,kg
2026-09-26T15:29:09.962639+00:00,svq1,22154,Banderillas dulces Hacendado,Aceitunas y encurtidos,Tarro,0.345,kg,1.70,10.625,kg
2026-09-26T15:29:09.962639+00:00,svq1,22163,Café soluble Classic Hacendado,Café soluble y otras bebidas,Bote,0.2,kg,3.90,19.500,kg
2026-09-26T15:29:09.962639+00:00,svq1,22164,Café soluble descafeinado Hacendado,Café soluble y otras bebidas,Bote,0.2,kg,4.40,22.000,kg
2026-09-26T15:29:09.962639+00:00,svq1,22170,Cortaúñas manos y pies Deliplus,Manicura y pedicura,Paquete,1.0,ud,1.90,1.900,ud
2026-09-26T15:29:09.962639+00:00,svq1,22177,Combinado de aperitivos Hacendado,Patatas fritas y snacks,Paquete,0.2,kg,1.60,8.000,kg
2026-09-26T15:29:09.962639+00:00,svq1,22178,Bolsita puré fruta variada Hacendado +6 meses,Alimentación infantil,,0.12,kg,0.85,7.084,kg
2026-09-26T15:29:09.962639+00:00,svq1,22179,Bolsita puré plátano y manzana Hacendado +6 meses,Alimentación infantil,,0.12,kg,0.85,7.084,kg
2026-09-26T15:29:09.962639+00:00,svq1,22180,Bolsita puré fresa y plátano Hacendado +8 meses,Alimentación infantil,,0.12,kg,0.85,7.084,kg
2026-09-26T15:29:09.962639+00:00,svq1,22182,"Bolsita puré plátano, fresa, arándanos y avena Hacendado +8 meses",Alimentación infantil,,0.12,kg,0.90,7.500,kg
2026-09-26T15:29:09.962639+00:00,svq1,22186,"Papilla plátano, mandarina y pera Hacendado +4 meses",Alimentación infantil,,0.52,kg,2.90,5.577,kg
2026-09-26T15:29:09.962639+00:00,svq1,22189,Papilla fruta variada Hacendado +4 meses,Alimentación infantil,,0.52,kg,2.90,5.577,kg
2026-09-26T15:29:09.962639+00:00,svq1,22191,Papilla frutas con avena Hacendado +8 meses,Alimentación infantil,,0.52,kg,2.95,5.674,kg
2026-09-26T15:29:09.962639+00:00,svq1,22194,Papilla pera y manzana Hacendado +4 meses,Alimentación infantil,,0.52,kg,2.90,5.577,kg
2026-09-26T15:29:09.962639+00:00,svq1,22216,Queso rallado emmental gratinar Hacendado,"Queso lonchas, rallado y en porciones",Paquete,0.2,kg,1.65,8.250,kg
2026-09-26T15:29:09.962639+00:00,svq1,22233,Spray oral Própolis Deliplus,Fitoterapia,Spray,0.02,l,3.60,18.000,100 ml
2026-09-26T15:29:09.962639+00:00,svq1,22245,Patatas fritas clásicas Hacendado,Patatas fritas y snacks,Paquete,0.3,kg,1.80,6.000,kg
2026-09-26T15:29:09.962639+00:00,svq1,22249,Piquitos bajos en sal Hacendado con orégano y tomillo,"Picos, rosquilletas y picatostes",Paquete,0.25,kg,1.23,4.920,kg
2026-09-26T15:29:09.962639+00:00,svq1,22278,Quinoa cocida blanca y roja Sabroz,Arroz,,0.25,kg,1.45,5.800,kg
2026-09-26T15:29:09.962639+00:00,svq1,22279,Arroz cocido redondo Sabroz,Arroz,Pack-2,0.25,kg,1.05,4.200,kg
2026-09-26T15:29:09.962639+00:00,svq1,2228,Solomillo de cerdo marinado congelado,Carne congelada,Paquete,0.8,kg,6.24,7.800,kg
2026-09-26T15:29:09.962639+00:00,svq1,22280,Arroz cocido basmati Sabroz,Arroz,,0.25,kg,1.10,4.400,kg
2026-09-26T15:29:09.962639+00:00,svq1,22281,Arroz cocido integral Sabroz,Arroz,Pack-2,0.25,kg,1.05,4.200,kg
2026-09-26T15:29:09.962639+00:00,svq1,22301,Pila alcalina AAA LR03 Bosque Verde,Pilas y bolsas de basura,Paquete,8.0,ud,1.65,0.207,ud
2026-09-26T15:29:09.962639+00:00,svq1,22302,Pila alcalina AA LR6 Bosque Verde,Pilas y bolsas de basura,Paquete,8.0,ud,1.70,0.213,ud
2026-09-26T15:29:09.962639+00:00,svq1,22311,Natillas sabor vainilla +Proteínas 12 g,Flan y natillas,,0.48,kg,1.75,3.646,kg
2026-09-26T15:29:09.962639+00:00,svq1,22313,Yogur natural Hacendado,Yogures naturales y sabores,Pack-6,0.75,kg,1.00,1.334,kg
2026-09-26T15:29:09.962639+00:00,svq1,22316,Ginebra sweet Gin Exotic Glivery,Licores,Botella,0.7,l,7.15,10.215,L
2026-09-26T15:29:09.962639+00:00,svq1,22332,Pechuguita de pollo 99% La Carloteña asada al horno lonchas,Aves y jamón cocido,Paquete,0.125,kg,2.50,20.000,kg
2026-09-26T15:29:09.962639+00:00,svq1,22343,Pizza Prosciutto Hacendado jamón y queso,Pizzas,Caja,0.4,kg,3.90,9.750,kg
2026-09-26T15:29:09.962639+00:00,svq1,22349,Azúcar moreno de caña Hacendado,Azúcar y edulcorante,Paquete,1.0,kg,1.90,1.900,kg
2026-09-26T15:29:09.962639+00:00,svq1,22350,Perfilador de labios Deliplus 06 canela,Labios,,1.0,ud,2.50,2.500,ud
2026-09-26T15:29:09.962639+00:00,svq1,22388,6 Panecillos integrales 100%,Pan de horno,Bolsa,0.27,kg,1.05,3.889,kg
2026-09-26T15:29:09.962639+00:00,svq1,22391,Agua mineral pequeña Fuente Dehesa tapón infantil,Agua,,1.98,l,2.40,1.213,L
2026-09-26T15:29:09.962639+00:00,svq1,22392,Agua mineral pequeña Fuente Dehesa tapón infantil,Agua,Botella,0.33,l,0.40,1.213,L
2026-09-26T15:29:09.962639+00:00,svq1,22396,Panes especiales con tomate y orégano Hacendado,"Picos, rosquilletas y picatostes",Paquete,0.08,kg,0.85,10.625,kg
2026-09-26T15:29:09.962639+00:00,svq1,22397,Panes especiales sabor pizza con queso Hacendado,"Picos, rosquilletas y picatostes",Paquete,0.08,kg,0.85,10.625,kg
2026-09-26T15:29:09.962639+00:00,svq1,22430,Maxi pavo Hacendado finas lonchas,Aves y jamón cocido,Paquete,0.4,kg,3.05,7.625,kg
2026-09-26T15:29:09.962639+00:00,svq1,22442,Bolsita postre lácteo fresa y plátano Hacendado +8 meses,Alimentación infantil,,0.1,kg,0.90,9.000,kg
2026-09-26T15:29:09.962639+00:00,svq1,22444,Bolsita postre lácteo cereales y miel Hacendado +12 meses,Alimentación infantil,,0.1,kg,0.90,9.000,kg
2026-09-26T15:29:09.962639+00:00,svq1,22453,Fideos orientales sabor pollo Hacendado,Pasta y fideos,Vaso,0.065,kg,0.80,12.308,kg
2026-09-26T15:29:09.962639+00:00,svq1,22455,Fideos orientales sabor picante Hacendado,Pasta y fideos,Vaso,0.065,kg,0.90,13.847,kg
2026-09-26T15:29:09.962639+00:00,svq1,22467,Cerveza Clásica Steinburg,Cerveza,Pack-12,3.0,l,4.08,1.360,L
2026-09-26T15:29:09.962639+00:00,svq1,22476,Mermelada de ciruela y kiwi Hacendado,Mermelada y miel,Tarro,0.34,kg,1.70,5.000,kg
2026-09-26T15:29:09.962639+00:00,svq1,22489,Cerveza Clásica Steinburg,Cerveza,Botellín,0.25,l,0.34,1.360,L
2026-09-26T15:29:09.962639+00:00,svq1,22496,Vasos medianos de plástico Bosque Verde reutilizables,Menaje y conservación de alimentos,Paquete,10.0,ud,1.70,0.170,ud
2026-09-26T15:29:09.962639+00:00,svq1,22503,Gel facial Hidrata Deliplus ácido hialurónico,Cuidado e higiene facial,Tarro,0.05,l,5.00,10.000,100 ml
2026-09-26T15:29:09.962639+00:00,svq1,22527,Lima raspador durezas pies Deliplus,Manicura y pedicura,Paquete,1.0,ud,3.10,3.100,ud
2026-09-26T15:29:09.962639+00:00,svq1,22528,Corta cutículas Deliplus,Manicura y pedicura,Paquete,1.0,ud,2.10,2.100,ud
2026-09-26T15:29:09.962639+00:00,svq1,22536,Pintalabios Creamy Deliplus 210 rojo,Labios,,1.0,ud,4.65,4.650,ud
2026-09-26T15:29:09.962639+00:00,svq1,22568,Sticks de patata Hacendado,Patatas fritas y snacks,Paquete,0.075,kg,0.85,11.334,kg
2026-09-26T15:29:09.962639+00:00,svq1,22580,Cacao puro en polvo La Chocolatera,Cacao soluble y chocolate a la taza,Bote,0.265,kg,4.75,17.925,kg
2026-09-26T15:29:09.962639+00:00,svq1,22606,Dátiles en rama Hacendado,Frutos secos y fruta desecada,Caja,0.4,kg,3.45,8.625,kg
2026-09-26T15:29:09.962639+00:00,svq1,22612,Taquitos de salmón ahumado Hacendado,Salazones y ahumados,Paquete,0.1,kg,3.80,38.000,kg
2026-09-26T15:29:09.962639+00:00,svq1,22613,Salsa Thai Chili dulce J-Lek,Otras salsas,Botella,0.25,l,1.40,5.600,L
2026-09-26T15:29:09.962639+00:00,svq1,22614,Licor crema de fresa Royal Swan,Licores,Botella,0.7,l,6.35,9.072,L
2026-09-26T15:29:09.962639+00:00,svq1,22621,Pintalabios Fluido Mate Deliplus 01 nude beige,Labios,,0.0055,l,4.50,4.500,ud
2026-09-26T15:29:09.962639+00:00,svq1,22622,Pintalabios Fluido Mate Deliplus 02 nude rosado,Labios,,0.0055,l,4.50,4.500,ud
2026-09-26T15:29:09.962639+00:00,svq1,22623,Pintalabios Fluido Mate Deliplus 03 terracota,Labios,,0.0055,l,4.50,4.500,ud
2026-09-26T15:29:09.962639+00:00,svq1,22625,Pintalabios Fluido Mate Deliplus 05 rojo,Labios,,0.0055,l,4.50,4.500,ud
2026-09-26T15:29:09.962639+00:00,svq1,22629,Champú Curl Perfect Deliplus cabello rizado,Champú,Bote,0.4,l,1.90,0.475,100 ml
2026-09-26T15:29:09.962639+00:00,svq1,22630,Mascarilla Curl Perfect Deliplus cabello rizado,Acondicionador y mascarilla,Tarro,0.4,l,2.40,0.600,100 ml
2026-09-26T15:29:09.962639+00:00,svq1,22631,Mascarilla sin aclarado Curl Perfect Deliplus cabello rizado,Acondicionador y mascarilla,Bote,0.2,l,4.00,2.000,100 ml
2026-09-26T15:29:09.962639+00:00,svq1,22632,Sérum oil Curl Perfect Deliplus cabello rizado,Acondicionador y mascarilla,Bote,0.1,l,4.10,4.100,100 ml
2026-09-26T15:29:09.962639+00:00,svq1,22648,Pizza Pepperoni barbacoa Hacendado ultracongelada,Pizzas,,0.54,kg,3.50,6.482,kg
2026-09-26T15:29:09.962639+00:00,svq1,22649,Pizza masa fina Barbacoa Hacendado ultracongelada,Pizzas,,0.39,kg,2.50,6.411,kg
2026-09-26T15:29:09.962639+00:00,svq1,22651,Yogur griego sabor limón Hacendado,Yogures griegos,Pack-6,0.75,kg,1.65,2.200,kg
2026-09-26T15:29:09.962639+00:00,svq1,2266,Rabo de vacuno añojo congelado,Carne congelada,Paquete,1.1,kg,20.90,19.000,kg
2026-09-26T15:29:09.962639+00:00,svq1,22688,Galletas Divertidas con cereales Hacendado,Galletas,Caja,0.411,kg,1.90,4.623,kg
2026-09-26T15:29:09.962639+00:00,svq1,22693,Coloración permanente 0% amoníaco 5.1 castaño claro ceniza Colorcor,Coloración cabello,Caja,1.0,ud,3.90,3.900,ud
2026-09-26T15:29:09.962639+00:00,svq1,22694,Coloración permanente 0% amoníaco 6.1 rubio oscuro ceniza Colorcor,Coloración cabello,Caja,1.0,ud,3.90,3.900,ud
2026-09-26T15:29:09.962639+00:00,svq1,22695,Coloración permanente 0% amoníaco 7.1 rubio medio ceniza Colorcor,Coloración cabello,Caja,1.0,ud,3.90,3.900,ud
2026-09-26T15:29:09.962639+00:00,svq1,22696,Coloración permanente 0% amoníaco 8.1 rubio claro ceniza Colorcor,Coloración cabello,Caja,1.0,ud,3.90,3.900,ud
2026-09-26T15:29:09.962639+00:00,svq1,22697,Coloración permanente 0% amoníaco 9.1 rubio muy claro ceniza Colorcor,Coloración cabello,Caja,1.0,ud,3.90,3.900,ud
2026-09-26T15:29:09.962639+00:00,svq1,22703,Chocolate negro 72% cacao Hacendado con trozos de naranja,Chocolate,Tableta,0.1,kg,1.75,17.500,kg
2026-09-26T15:29:09.962639+00:00,svq1,22712,Protectores para los oídos de espuma Moldex,Parafarmacia,Caja,1.0,ud,1.70,0.425,ud
2026-09-26T15:29:09.962639+00:00,svq1,22718,Café soluble Classic Hacendado,Café soluble y otras bebidas,Bote,0.1,kg,2.90,29.000,kg
2026-09-26T15:29:09.962639+00:00,svq1,22719,Café soluble descafeinado Hacendado,Café soluble y otras bebidas,Bote,0.1,kg,3.10,31.000,kg
2026-09-26T15:29:09.962639+00:00,svq1,22720,Risotto de setas para microondas Hacendado ultracongelado,Arroz y pasta,Paquete,0.35,kg,2.00,5.715,kg
2026-09-26T15:29:09.962639+00:00,svq1,22726,Fabada asturiana Litoral,Platos preparados calientes,Bote,0.42,kg,2.60,6.191,kg
2026-09-26T15:29:09.962639+00:00,svq1,22767,Arroz de secreto ibérico con setas Hacendado,Platos preparados calientes,Bandeja,0.28,kg,3.00,10.715,kg
2026-09-26T15:29:09.962639+00:00,svq1,22774,Bayeta pequeña Bosque Verde microfibra,"Estropajo, bayeta y guantes",Paquete,1.0,ud,1.50,0.500,ud
2026-09-26T15:29:09.962639+00:00,svq1,22775,Toalla turbante seca pelo microfibra Deliplus,Gel y jabón de manos,,1.0,ud,2.70,2.700,ud
2026-09-26T15:29:09.962639+00:00,svq1,22780,Crema de queso viejo tostado mezcla Hacendado,"Queso untable, fresco y especialidades",Tarrina,0.15,kg,1.74,11.600,kg
2026-09-26T15:29:09.962639+00:00,svq1,22783,Refresco cola Pepsi zero azúcar,Refresco de cola,,3.96,l,9.00,2.273,L
2026-09-26T15:29:09.962639+00:00,svq1,22799,Postre lácteo sabor fresa sin lactosa Hacendado,Yogures naturales y sabores,,0.5,kg,1.45,2.900,kg
2026-09-26T15:29:09.962639+00:00,svq1,22801,Café en cápsula doble espresso Hacendado,Café cápsula y monodosis,Caja,0.128,kg,3.35,0.210,ud
2026-09-26T15:29:09.962639+00:00,svq1,22804,Bálsamo reparador labios Deliplus,Labios,Tubo,0.015,l,2.60,17.334,100 ml
2026-09-26T15:29:09.962639+00:00,svq1,22825,Bayeta cristales y espejos Bosque Verde microfibra,"Estropajo, bayeta y guantes",Paquete,1.0,ud,0.85,0.850,ud
2026-09-26T15:29:09.962639+00:00,svq1,22860,Caldo de carne Hacendado en pastillas,Sopa y caldo,Caja,0.12,kg,0.85,7.084,kg
2026-09-26T15:29:09.962639+00:00,svq1,22879,Jamón de cebo ibérico cortado a máquina,Jamón serrano,Paquete,0.19,kg,10.26,54.000,kg
2026-09-26T15:29:09.962639+00:00,svq1,22899,Pan Brioche Hacendado,Pan de molde y otras especialidades,Paquete,0.4,kg,2.35,5.875,kg
2026-09-26T15:29:09.962639+00:00,svq1,22905,Recarga jabón de manos dermoprotector Deliplus,Gel y jabón de manos,Paquete,1.0,l,1.40,0.140,100 ml
2026-09-26T15:29:09.962639+00:00,svq1,22910,Aceitunas verdes rellenas de anchoa Hacendado,Aceitunas y encurtidos,,1.05,kg,3.00,6.667,kg
2026-09-26T15:29:09.962639+00:00,svq1,22911,Aceitunas verdes rellenas de anchoa Hacendado,Aceitunas y encurtidos,Bote,0.35,kg,1.05,7.000,kg
2026-09-26T15:29:09.962639+00:00,svq1,22926,Compresa de incontinencia night maxi Deliplus sin alas,Higiene íntima,Paquete,10.0,ud,3.35,0.335,ud
2026-09-26T15:29:09.962639+00:00,svq1,22931,Toallitas infantiles cara y manos Deliplus,Toallitas y pañales,Paquete,20.0,ud,0.55,0.028,ud
2026-09-26T15:29:09.962639+00:00,svq1,22932,Preparado crujiente Hacendado,Pan tostado y rallado,Paquete,0.4,kg,1.60,4.000,kg
2026-09-26T15:29:09.962639+00:00,svq1,22966,Cereales copos de maíz Corn Flakes Hacendado 0% azúcares añadidos,Cereales,Caja,0.5,kg,1.50,3.000,kg
2026-09-26T15:29:09.962639+00:00,svq1,22967,Batido de chocolate Hacendado 0% sin azúcares añadidos,Leche y bebidas vegetales,Pack-6,1.2,l,1.85,1.542,L
2026-09-26T15:29:09.962639+00:00,svq1,22974,Dátiles Medjoul con hueso Hacendado,Frutos secos y fruta desecada,Bandeja,0.215,kg,4.10,19.070,kg
2026-09-26T15:29:09.962639+00:00,svq1,22977,Cava brut Cabré & Sabaté,Sidra y cava,Benjamín,0.2,l,1.75,8.750,L
2026-09-26T15:29:09.962639+00:00,svq1,22981,Postre de coco natural Alpro sin azúcares añadidos,Postres de soja,Bote,0.35,kg,2.60,7.429,kg
2026-09-26T15:29:09.962639+00:00,svq1,22985,Bolsas de basura 5L Bosque Verde perfumadas,Pilas y bolsas de basura,Paquete,1.0,ud,1.35,0.034,ud
2026-09-26T15:29:09.962639+00:00,svq1,22986,Perlas Omega 3 Deliplus,Fitoterapia,Caja,0.0414,kg,3.95,0.066,ud
2026-09-26T15:29:09.962639+00:00,svq1,22996,Helado salted caramel Hacendado con salsa de caramelo salado,Helados,Bote,0.5,l,3.25,6.500,L
2026-09-26T15:29:09.962639+00:00,svq1,23003,Pasas moscatel sin semillas Hacendado,Frutos secos y fruta desecada,Paquete,0.25,kg,2.20,8.800,kg
2026-09-26T15:29:09.962639+00:00,svq1,23010,Pasas sultanas sin semillas Hacendado,Frutos secos y fruta desecada,Paquete,0.25,kg,1.80,7.200,kg
2026-09-26T15:29:09.962639+00:00,svq1,23013,Gel de afeitar Sensitive Deliplus,Afeitado y cuidado para hombre,Bote,0.2,l,1.75,0.875,100 ml
2026-09-26T15:29:09.962639+00:00,svq1,23017,Aceite árbol del té 100% puro Deliplus con pipeta dosificadora,Fitoterapia,Bote,0.01,l,3.00,30.000,100 ml
2026-09-26T15:29:09.962639+00:00,svq1,23019,Gel activador de rizos cabello Curl Perfect Deliplus fix 3,Fijación cabello,Bote,0.2,l,2.80,1.400,100 ml
2026-09-26T15:29:09.962639+00:00,svq1,23021,Laca de uñas manicura francesa Deliplus 06 blanco milky,Manicura y pedicura,,0.011,l,2.75,2.750,ud
2026-09-26T15:29:09.962639+00:00,svq1,23037,Queso grana padano Hacendado en escamas,"Queso curado, semicurado y tierno",Bote,0.1,kg,2.40,24.000,kg
2026-09-26T15:29:09.962639+00:00,svq1,23046,Bebida de avena Alitey,Leche y bebidas vegetales,Pack-3,0.75,l,1.50,2.000,L
2026-09-26T15:29:09.962639+00:00,svq1,23047,Bebida de arroz sin azúcares añadidos Hacendado,Leche y bebidas vegetales,Brik,1.0,l,1.05,1.050,L
2026-09-26T15:29:09.962639+00:00,svq1,23048,Bebida de arroz sin azúcares añadidos Hacendado,Leche y bebidas vegetales,Pack-6,6.0,l,6.30,1.050,L
2026-09-26T15:29:09.962639+00:00,svq1,23049,Batido de chocolate Hacendado,Leche y bebidas vegetales,Botella,1.0,l,1.30,1.300,L
2026-09-26T15:29:09.962639+00:00,svq1,23050,Batido de chocolate 90% leche Hacendado,Leche y bebidas vegetales,Botella,1.0,l,1.45,1.450,L
2026-09-26T15:29:09.962639+00:00,svq1,23051,Batido sabor fresa Hacendado,Leche y bebidas vegetales,Botella,1.0,l,1.30,1.300,L
2026-09-26T15:29:09.962639+00:00,svq1,23052,Batido sabor vainilla Hacendado,Leche y bebidas vegetales,Botella,1.0,l,1.30,1.300,L
2026-09-26T15:29:09.962639+00:00,svq1,23059,Pipas girasol tostadas Hacendado 0% sal añadida,Frutos secos y fruta desecada,Paquete,0.2,kg,1.30,6.500,kg
2026-09-26T15:29:09.962639+00:00,svq1,23064,Galletas Crunchy Choc Hacendado,Galletas,Caja,0.52,kg,2.60,5.000,kg
2026-09-26T15:29:09.962639+00:00,svq1,23066,Enjuague bucal cuidado total Listerine menta,Higiene bucal,Botella,0.5,l,5.15,1.030,100 ml
2026-09-26T15:29:09.962639+00:00,svq1,23067,Enjuague bucal dientes y encías Listerine menta,Higiene bucal,Botella,0.5,l,5.15,1.030,100 ml
2026-09-26T15:29:09.962639+00:00,svq1,23074,Paleta de cebo ibérica 50% Flor Sierra de Aracena lonchas,Jamón serrano,Paquete,0.1,kg,4.90,49.000,kg
2026-09-26T15:29:09.962639+00:00,svq1,23084,Pintalabios Fluido Mate Deliplus 08 rosa palo,Labios,,0.0055,l,4.50,4.500,ud
2026-09-26T15:29:09.962639+00:00,svq1,23086.1,Barra pan de pueblo,Pan de horno,,0.8,kg,1.60,2.000,kg
2026-09-26T15:29:09.962639+00:00,svq1,23086.2,Barra pan de pueblo rebanada,Pan de horno,,0.8,kg,1.60,2.000,kg
2026-09-26T15:29:09.962639+00:00,svq1,23122,Boquerones al vinagre Hacendado en aceite de girasol,Salazones y ahumados,Tarrina,0.33,kg,5.50,20.755,kg
2026-09-26T15:29:09.962639+00:00,svq1,23127,Croquetas caprichos de jamón Hacendado ultracongeladas,Rebozados,Paquete,0.5,kg,2.75,5.500,kg
2026-09-26T15:29:09.962639+00:00,svq1,23132,Compresa de incontinencia mini Deliplus sin alas,Higiene íntima,Paquete,30.0,ud,3.35,0.112,ud
2026-09-26T15:29:09.962639+00:00,svq1,23137,Chili con carne Hacendado,Otras salsas,Bote,0.42,kg,2.80,6.667,kg
2026-09-26T15:29:09.962639+00:00,svq1,23138,Albóndigas en salsa Hacendado,Platos preparados calientes,Bote,0.42,kg,1.80,4.286,kg
2026-09-26T15:29:09.962639+00:00,svq1,23139,Albóndigas de pollo Hacendado,Platos preparados calientes,Bote,0.42,kg,1.80,4.286,kg
2026-09-26T15:29:09.962639+00:00,svq1,23146,Chorizo sarta picante extra de León Hacendado,Embutido curado,Pieza,0.35,kg,4.20,12.000,kg
2026-09-26T15:29:09.962639+00:00,svq1,23155,Gyozas de pollo y verduras Hacendado congeladas,Arroz y pasta,Paquete,0.23,kg,1.95,8.479,kg
2026-09-26T15:29:09.962639+00:00,svq1,23171,"Comida con pollo fresco, frutas y verduras perro sénior esterilizados Supreme Compy",Perro,Paquete,1.5,kg,6.00,4.000,kg
2026-09-26T15:29:09.962639+00:00,svq1,23174,"Comida con pollo fresco, frutas y verduras gato sénior Supreme Compy",Gato,Paquete,1.5,kg,6.30,4.200,kg
2026-09-26T15:29:09.962639+00:00,svq1,23183,Desodorante de calzado Bosque Verde,Utensilios de limpieza y calzado,Spray,0.25,l,2.95,11.800,L
2026-09-26T15:29:09.962639+00:00,svq1,23184,Gel de baño avena Deliplus piel sensible,Gel y jabón de manos,Botella,0.75,l,1.60,0.214,100 ml
2026-09-26T15:29:09.962639+00:00,svq1,23187,Plato llano Bosque Verde,Menaje y conservación de alimentos,Paquete,15.0,ud,1.60,0.107,ud
2026-09-26T15:29:09.962639+00:00,svq1,23188,Plato postre Bosque Verde,Menaje y conservación de alimentos,Paquete,15.0,ud,1.45,0.097,ud
2026-09-26T15:29:09.962639+00:00,svq1,23189,Bol biodegradable Bosque Verde,Menaje y conservación de alimentos,Paquete,15.0,ud,2.00,0.134,ud
2026-09-26T15:29:09.962639+00:00,svq1,23195,Mascarilla Natural Deliplus todo tipo de cabello,Acondicionador y mascarilla,Tarro,0.4,l,2.40,0.600,100 ml
2026-09-26T15:29:09.962639+00:00,svq1,23199,Perfilador de ojos Waterproof Deliplus 01 negro,Ojos,,1.0,ud,2.50,2.500,ud
2026-09-26T15:29:09.962639+00:00,svq1,23204,"Comida con pollo, arroz, frutas y verduras perro júnior Compy",Perro,Paquete,4.0,kg,6.75,1.688,kg
2026-09-26T15:29:09.962639+00:00,svq1,23207,"Comida con pollo fresco, frutas y verduras perro júnior Supreme Compy",Perro,Paquete,1.5,kg,6.00,4.000,kg
2026-09-26T15:29:09.962639+00:00,svq1,23209,"Comida con pollo, frutas y verduras perro sénior y adultos esterilizados Supreme Compy",Perro,Paquete,3.0,kg,9.50,3.167,kg
2026-09-26T15:29:09.962639+00:00,svq1,23217,Aceitunas verdes rellenas de anchoa Hacendado,Aceitunas y encurtidos,,0.36,kg,1.80,12.000,kg
2026-09-26T15:29:09.962639+00:00,svq1,23225,Crema de calabaza y zanahoria Hacendado,Gazpacho y cremas,Bol,0.35,kg,1.70,4.858,kg
2026-09-26T15:29:09.962639+00:00,svq1,23249,Empanados vegetales con proteína de soja Tivall,Platos preparados calientes,Bandeja,0.18,kg,2.80,15.556,kg
2026-09-26T15:29:09.962639+00:00,svq1,23264,Puré de patatas Hacendado en copos,Gazpacho y cremas,Caja,0.5,kg,2.00,4.000,kg
2026-09-26T15:29:09.962639+00:00,svq1,23277,Gel de afeitar Sensitive Deliplus,Afeitado y cuidado para hombre,Bote,0.075,l,1.35,1.800,100 ml
2026-09-26T15:29:09.962639+00:00,svq1,23279,Vino blanco verdejo Condado de Teón DO Rueda,Vino blanco,Botella,0.75,l,3.80,5.067,L
2026-09-26T15:29:09.962639+00:00,svq1,23280,Helado barrita sabor cacahuete Hacendado con salsa de caramelo salado,Helados,Caja,0.3,l,3.30,11.000,L
2026-09-26T15:29:09.962639+00:00,svq1,23289,Migas Hacendado,Platos preparados calientes,Bandeja,0.22,kg,1.90,8.637,kg
2026-09-26T15:29:09.962639+00:00,svq1,23293,Café en cápsula descafeinado Hacendado,Café cápsula y monodosis,Caja,0.112,kg,3.25,0.204,ud
2026-09-26T15:29:09.962639+00:00,svq1,23305,Chuletas de cerdo sajonia,Cerdo,Bandeja,0.4,kg,3.76,9.400,kg
2026-09-26T15:29:09.962639+00:00,svq1,23306,Fiambre de pechuga de pavo adobada,Empanados y elaborados,Bandeja,0.37,kg,3.80,10.271,kg
2026-09-26T15:29:09.962639+00:00,svq1,23307,Fiambre de magreta de cerdo adobada,Cerdo,Bandeja,0.35,kg,2.70,7.715,kg
2026-09-26T15:29:09.962639+00:00,svq1,23308,Fiambre de magro de cerdo adobado,Cerdo,Paquete,0.37,kg,2.80,7.568,kg
2026-09-26T15:29:09.962639+00:00,svq1,23310,Fiambre de magreta de cerdo al ajillo,Cerdo,Bandeja,0.35,kg,3.00,8.572,kg
2026-09-26T15:29:09.962639+00:00,svq1,23353,Sazonador para fajitas Hacendado sabor tex-mex,Especias,Sobre,0.017,kg,0.90,5.295,100 g
2026-09-26T15:29:09.962639+00:00,svq1,23359,Pan de molde blanco natural rústico Hacendado,Pan de molde y otras especialidades,Paquete,0.55,kg,1.30,2.364,kg
2026-09-26T15:29:09.962639+00:00,svq1,23363,Rodillo quitapelusas Bosque Verde,Utensilios de limpieza y calzado,,1.0,ud,1.75,1.750,ud
2026-09-26T15:29:09.962639+00:00,svq1,23365,Anacardo natural Hacendado,Frutos secos y fruta desecada,Paquete,0.2,kg,2.70,13.500,kg
2026-09-26T15:29:09.962639+00:00,svq1,23367,Cápsulas Valeriana Deliplus,Fitoterapia,Caja,0.0327,kg,4.15,0.070,ud
2026-09-26T15:29:09.962639+00:00,svq1,23372,Bizcochos de huevo Hacendado,Bollería envasada,Paquete,0.4,kg,1.80,4.500,kg
2026-09-26T15:29:09.962639+00:00,svq1,23373,Napolitanas con relleno de cacao Hacendado,Bollería envasada,Paquete,0.37,kg,1.80,4.865,kg
2026-09-26T15:29:09.962639+00:00,svq1,23374,Napolitanas con relleno sabor crema Hacendado,Bollería envasada,Paquete,0.37,kg,1.80,4.865,kg
2026-09-26T15:29:09.962639+00:00,svq1,23404,Cortado en cápsula descafeinado Hacendado,Café cápsula y monodosis,Caja,0.091,kg,3.35,0.210,ud
2026-09-26T15:29:09.962639+00:00,svq1,23405,Café con leche en cápsula descafeinado Hacendado,Café cápsula y monodosis,Caja,0.152,kg,3.35,0.210,ud
2026-09-26T15:29:09.962639+00:00,svq1,23406,Café soluble cappuccino Hacendado,Café soluble y otras bebidas,Bote,0.25,kg,2.75,11.000,kg
2026-09-26T15:29:09.962639+00:00,svq1,23410,Mostaza clásica Hacendado,"Mayonesa, ketchup y mostaza",Bote,0.388,kg,1.25,3.222,kg
2026-09-26T15:29:09.962639+00:00,svq1,23412,Sosa cáustica Bosque Verde,Lejía y líquidos fuertes,Botella,1.0,kg,3.60,3.600,kg
2026-09-26T15:29:09.962639+00:00,svq1,23414,Cloro 5 acciones disolución lenta tabletas para piscina,Lejía y líquidos fuertes,Bote,5.0,kg,30.00,6.000,kg
2026-09-26T15:29:09.962639+00:00,svq1,23415,Limpiador fosas sépticas Bosque Verde bolsitas solubles,Lejía y líquidos fuertes,Caja,0.3,kg,6.25,20.834,kg
2026-09-26T15:29:09.962639+00:00,svq1,23440,Detergente ropa blanca y color Bosque Verde en cápsulas,Detergente y suavizante ropa,Caja,0.528,kg,4.65,0.194,lv
2026-09-26T15:29:09.962639+00:00,svq1,23476,Bífidus natural edulcorado probióticos Activia 0% MG 0% azúcares añadidos,Bífidus,,0.96,kg,3.99,4.157,kg
2026-09-26T15:29:09.962639+00:00,svq1,23477,Bífidus natural probióticos Activia 0% MG  0% azúcares añadidos,Bífidus,,0.96,kg,3.99,4.157,kg
2026-09-26T15:29:09.962639+00:00,svq1,23513,Desodorante power Deliplus antimanchas,Desodorante,Spray,0.2,l,1.75,0.875,100 ml
2026-09-26T15:29:09.962639+00:00,svq1,23515,Desodorante aqua Deliplus antimanchas,Desodorante,Spray,0.2,l,1.75,0.875,100 ml
2026-09-26T15:29:09.962639+00:00,svq1,23516,Pajitas rectas reutilizables,Menaje y conservación de alimentos,Paquete,30.0,ud,1.10,0.037,ud
2026-09-26T15:29:09.962639+00:00,svq1,23523,Perfilador de cejas Long Lasting Deliplus 01 claro,Ojos,,1.0,ud,2.75,2.750,ud
2026-09-26T15:29:09.962639+00:00,svq1,23524,Perfilador de cejas Deliplus 02 marrón medio,Ojos,,1.0,ud,2.75,2.750,ud
2026-09-26T15:29:09.962639+00:00,svq1,23528,Golosinas Dentaduras Hacendado,Golosinas,Paquete,0.1,kg,1.00,10.000,kg
2026-09-26T15:29:09.962639+00:00,svq1,23531,Zamburiñas en salsa de vieira Hacendado,Berberechos y mejillones,Lata,0.111,kg,2.05,32.540,kg
2026-09-26T15:29:09.962639+00:00,svq1,23541,Pintalabios Mate Deliplus 102 caramelo,Labios,,0.004,kg,4.50,4.500,ud
2026-09-26T15:29:09.962639+00:00,svq1,23561,Queso emmental de vaca Hacendado,"Queso curado, semicurado y tierno",Pieza,0.35,kg,3.00,8.572,kg
2026-09-26T15:29:09.962639+00:00,svq1,23579,Ketchup Hacendado,"Mayonesa, ketchup y mostaza",Bote,0.6,kg,1.05,1.750,kg
2026-09-26T15:29:09.962639+00:00,svq1,23596,Paté de pollo asado Hacendado,Paté y sobrasada,Tarro,0.16,kg,1.10,6.875,kg
2026-09-26T15:29:09.962639+00:00,svq1,23608,Papel vegetal Bosque Verde,Menaje y conservación de alimentos,Caja,1.0,ud,1.70,0.057,ud
2026-09-26T15:29:09.962639+00:00,svq1,23621,Queso rallado especial fundir mezcla Hacendado,"Queso lonchas, rallado y en porciones",Paquete,0.2,kg,1.10,5.500,kg
2026-09-26T15:29:09.962639+00:00,svq1,23622,Queso rallado especial fundir mezcla Hacendado,"Queso lonchas, rallado y en porciones",Paquete,0.4,kg,1.90,4.750,kg
2026-09-26T15:29:09.962639+00:00,svq1,23632,Albóndigas de pollo,Hamburguesas y picadas,Bandeja,0.84,kg,5.80,6.905,kg
2026-09-26T15:29:09.962639+00:00,svq1,23643,Pan de molde 100% integral sin corteza Hacendado,Pan de molde y otras especialidades,Paquete,0.45,kg,1.10,2.445,kg
2026-09-26T15:29:09.962639+00:00,svq1,23662,Esponja de baño rizo suave Deliplus,Gel y jabón de manos,Paquete,2.0,ud,1.30,0.650,ud
2026-09-26T15:29:09.962639+00:00,svq1,23674,Dentífrico infantil +6 años Deliplus menta suave,Higiene bucal,Tubo,0.075,l,0.95,1.267,100 ml
2026-09-26T15:29:09.962639+00:00,svq1,23676,Vino tinto Syrah Mar de Uvas,Vino tinto,Botella,0.75,l,2.15,2.867,L
2026-09-26T15:29:09.962639+00:00,svq1,23677,Vino tinto Merlot Mar de Uvas,Vino tinto,Botella,0.75,l,2.15,2.867,L
2026-09-26T15:29:09.962639+00:00,svq1,23762,Gel fijador cabello extra fuerte Giorgi fijación 3,Fijación cabello,Bote,0.17,l,3.25,1.912,100 ml
2026-09-26T15:29:09.962639+00:00,svq1,23763,Gel fijador cabello control total Giorgi fijación 5,Fijación cabello,Bote,0.17,l,3.25,1.912,100 ml
2026-09-26T15:29:09.962639+00:00,svq1,23764,Espuma cabello Rizos Descarados Giorgi fijación 4,Fijación cabello,Bote,0.25,l,3.25,1.300,100 ml
2026-09-26T15:29:09.962639+00:00,svq1,23773,Chocolate negro 72% de cacao Hacendado,Chocolate,Tableta,0.1,kg,1.65,16.500,kg
2026-09-26T15:29:09.962639+00:00,svq1,23798,Tampones regular Tampax Compak con aplicador,Higiene íntima,Caja,1.0,ud,5.75,0.170,ud
2026-09-26T15:29:09.962639+00:00,svq1,23799,Tampones super plus Tampax Compak con aplicador,Higiene íntima,Caja,1.0,ud,5.75,0.222,ud
2026-09-26T15:29:09.962639+00:00,svq1,23800,Tampones super Tampax Compak con aplicador,Higiene íntima,Caja,1.0,ud,5.75,0.180,ud
2026-09-26T15:29:09.962639+00:00,svq1,23801,Quitagrasas KH-7,Limpieza cocina,Botella,0.78,l,3.30,4.231,L
2026-09-26T15:29:09.962639+00:00,svq1,23812,Stick dental con menta perro adulto Compy,Perro,Paquete,0.208,kg,1.75,8.414,kg
2026-09-26T15:29:09.962639+00:00,svq1,23816,Mayonesa en sobres individuales Hacendado,"Mayonesa, ketchup y mostaza",Caja,0.24,l,1.40,5.834,L
2026-09-26T15:29:09.962639+00:00,svq1,23842,Recambio ambientador automático Delice Bosque Verde,Insecticida y ambientador,Spray,0.25,l,1.80,7.200,L
2026-09-26T15:29:09.962639+00:00,svq1,23843,Pan Bagel Hacendado,Pan de molde y otras especialidades,Paquete,0.3,kg,1.42,4.734,kg
2026-09-26T15:29:09.962639+00:00,svq1,23850,Mini helado bombón vegetal pistacho Hacendado a base de anacardos,Helados,Caja,0.326,l,3.30,10.313,L
2026-09-26T15:29:09.962639+00:00,svq1,23851,Mini helado bombón vegetal triple chocolate Hacendado a base de anacardos,Helados,Caja,0.326,l,3.30,10.313,L
2026-09-26T15:29:09.962639+00:00,svq1,23862,Sidra asturiana El Mayu,Sidra y cava,Botellín,0.25,l,1.00,4.000,L
2026-09-26T15:29:09.962639+00:00,svq1,23863,Sidra asturiana El Mayu,Sidra y cava,Pack-12,3.0,l,12.00,4.000,L
2026-09-26T15:29:09.962639+00:00,svq1,23892,Eau de toilette mujer Monogotas coco,Perfume y colonia,Frasco,0.1,l,3.50,3.500,100 ml
2026-09-26T15:29:09.962639+00:00,svq1,23893,Eau de toilette mujer Monogotas vainilla,Perfume y colonia,Frasco,0.1,l,3.50,3.500,100 ml
2026-09-26T15:29:09.962639+00:00,svq1,23908,Bebida de avena Alitey,Leche y bebidas vegetales,Pack-6,6.0,l,5.70,0.950,L
2026-09-26T15:29:09.962639+00:00,svq1,23912,Bebida de avena Alitey,Leche y bebidas vegetales,Brik,1.0,l,0.95,0.950,L
2026-09-26T15:29:09.962639+00:00,svq1,23925,Bebida de almendras 0% azúcar Hacendado,Leche y bebidas vegetales,,6.0,l,6.60,1.100,L
2026-09-26T15:29:09.962639+00:00,svq1,23926,Bebida de almendras 0% azúcar Hacendado,Leche y bebidas vegetales,Brik,1.0,l,1.10,1.100,L
2026-09-26T15:29:09.962639+00:00,svq1,23961,Aceitunas verdes Gazpacha Hacendado partidas,Aceitunas y encurtidos,Tarro,0.7,kg,2.10,4.884,kg
2026-09-26T15:29:09.962639+00:00,svq1,23963,Rizador de pestañas Deliplus,Ojos,,1.0,ud,4.50,4.500,ud
2026-09-26T15:29:09.962639+00:00,svq1,23965,Queso viejo intenso mezcla Hacendado cortado en cuñitas,"Queso curado, semicurado y tierno",Pieza,0.3,kg,4.50,15.000,kg
2026-09-26T15:29:09.962639+00:00,svq1,23967,Frizzante sabor mango Piccolo Giovanni,Vino lambrusco y espumoso,Botella,0.75,l,2.00,2.667,L
2026-09-26T15:29:09.962639+00:00,svq1,23968,Cerveza 1904 Cruzcampo,Cerveza,,3.96,l,3.72,1.879,L
2026-09-26T15:29:09.962639+00:00,svq1,23969,Cerveza 1904 Cruzcampo,Cerveza,Lata,0.33,l,0.71,2.152,L
2026-09-26T15:29:09.962639+00:00,svq1,23972,Frizzante blanco verdejo DulZ.Ze,Vino lambrusco y espumoso,Lata,0.33,l,0.75,2.273,L
2026-09-26T15:29:09.962639+00:00,svq1,23982,Colgador WC Glow Bosque Verde oxi active,Limpieza baño y WC,Paquete,0.08,kg,1.30,16.250,kg
2026-09-26T15:29:09.962639+00:00,svq1,23988,Baguette jamón y queso Hacendado ultracongeladas,Pizzas,Caja,0.25,kg,2.10,8.400,kg
2026-09-26T15:29:09.962639+00:00,svq1,23990,Foie gras de pato fresco,Aves y pollo,Paquete,0.08,kg,6.80,85.000,kg
2026-09-26T15:29:09.962639+00:00,svq1,23994,Fragancia Mist Peach Bloom Deliplus,Perfume y colonia,Frasco,0.25,l,3.90,1.560,100 ml
2026-09-26T15:29:09.962639+00:00,svq1,24016,Filetes de bacalao MareDeus ultracongelado,Pescado,Paquete,,kg,7.40,19.734,kg
2026-09-26T15:29:09.962639+00:00,svq1,24023,Migas de bacalao sin piel MareDeus ultracongeladas,Pescado,Paquete,,kg,6.10,20.334,kg
2026-09-26T15:29:09.962639+00:00,svq1,24048,Perfumador ropa Dahlía Bosque Verde,Detergente y suavizante ropa,Botella,0.72,l,3.25,4.514,L
2026-09-26T15:29:09.962639+00:00,svq1,24049,Friegasuelos Cotton Bosque Verde líquido,Limpiahogar y friegasuelos,Botella,1.5,l,0.95,0.634,L
2026-09-26T15:29:09.962639+00:00,svq1,24062,Eau de parfum hombre My Soul Virent,Perfume y colonia,Frasco,0.1,l,13.00,13.000,100 ml
2026-09-26T15:29:09.962639+00:00,svq1,24063,Eau de parfum mujer Rubis My Soul,Perfume y colonia,Frasco,0.1,l,13.00,13.000,100 ml
2026-09-26T15:29:09.962639+00:00,svq1,24073,Bocadillo,Pan de horno,,0.13,kg,0.45,3.462,kg
2026-09-26T15:29:09.962639+00:00,svq1,24076,Limpiahogar elimina olores Bosque Verde con bicarbonato,Limpiahogar y friegasuelos,Botella,1.5,l,2.50,1.667,L
2026-09-26T15:29:09.962639+00:00,svq1,24077,Vino blanco semidulce verdejo Finca La Malcriada,Vino blanco,Botella,0.75,l,1.70,2.267,L
2026-09-26T15:29:09.962639+00:00,svq1,24080,Postre de soja con caramelo Hacendado,Postres de soja,,0.4,kg,1.55,3.875,kg
2026-09-26T15:29:09.962639+00:00,svq1,24083,Ensalada de pasta al estilo Italiana Hacendado,Platos preparados fríos,Tarrina,0.2,kg,2.00,10.000,kg
2026-09-26T15:29:09.962639+00:00,svq1,24102,Colas de gambón crudo Hacendado congelado,Marisco,Bandeja,0.25,kg,6.15,24.600,kg
2026-09-26T15:29:09.962639+00:00,svq1,24147,Gambón congelado,Marisco,Granel,,kg,1282.05,12.950,kg
2026-09-26T15:29:09.962639+00:00,svq1,24181,Gamba pelada cruda tamaño mediano Hacendado ultracongelada,Marisco,Paquete,,kg,4.90,13.612,kg
2026-09-26T15:29:09.962639+00:00,svq1,24200,Sepia faraónica limpia Hacendado congelada,Pescado,Pieza,,kg,6.40,16.000,kg
2026-09-26T15:29:09.962639+00:00,svq1,24203,Tubo de pota Argentina limpio Hacendado congelado,Pescado,Pieza,,kg,1.50,15.000,kg
2026-09-26T15:29:09.962639+00:00,svq1,24230,Gamba pelada cruda tamaño grande Hacendado ultracongelada,Marisco,Paquete,,kg,5.95,16.528,kg
2026-09-26T15:29:09.962639+00:00,svq1,24234,Rodaja de potón del Pacífico cocido Hacendado congelado,Pescado,Paquete,,kg,6.50,13.685,kg
2026-09-26T15:29:09.962639+00:00,svq1,24242,Calamar troceado limpio Hacendado congelado,Pescado,Paquete,,kg,5.90,12.422,kg
2026-09-26T15:29:09.962639+00:00,svq1,24249,Anillas de pota Argentina Hacendado congeladas,Pescado,Paquete,,kg,5.75,15.973,kg
2026-09-26T15:29:09.962639+00:00,svq1,24256,Tinta de sepia Nortindal congelada,Pescado,Paquete,0.032,kg,2.75,8.594,100 g
2026-09-26T15:29:09.962639+00:00,svq1,24260,Gambón grande congelado,Marisco,Caja,2.0,kg,22.00,11.000,kg
2026-09-26T15:29:09.962639+00:00,svq1,24267,Camarón boreal cocido y pelado Royal Greenland ultracongelado,Marisco,Paquete,0.2,kg,4.75,23.750,kg
2026-09-26T15:29:09.962639+00:00,svq1,24274,Sepia faraónica troceada limpia Hacendado congelada,Pescado,Paquete,,kg,5.90,16.389,kg
2026-09-26T15:29:09.962639+00:00,svq1,24324,Merluza del Cabo sin cabeza Hacendado ultracongelada,Pescado,Pieza,,kg,5.77,8.250,kg
2026-09-26T15:29:09.962639+00:00,svq1,24340,Cola de rape del Cabo sin piel Hacendado ultracongelada,Pescado,Pieza,,kg,9.25,18.500,kg
2026-09-26T15:29:09.962639+00:00,svq1,24341,Tiras de potón del Pacífico Hacendado congeladas,Pescado,Paquete,,kg,4.95,12.375,kg
2026-09-26T15:29:09.962639+00:00,svq1,24345,Rodaja de emperador Hacendado ultracongelado,Pescado,Pieza,,kg,4.47,14.900,kg
2026-09-26T15:29:09.962639+00:00,svq1,24350,Filete de salmón rosado salvaje con piel Hacendado ultracongelado,Pescado,Pieza,,kg,4.99,13.500,kg
2026-09-26T15:29:09.962639+00:00,svq1,24357,Rodajas de atún de aleta amarilla Hacendado congelado,Pescado,Bandeja,0.25,kg,4.38,17.500,kg
2026-09-26T15:29:09.962639+00:00,svq1,24383,Rodaja de tintorera sin piel Hacendado ultracongelada,Pescado,Pieza,,kg,3.71,8.250,kg
2026-09-26T15:29:09.962639+00:00,svq1,24384,Rodaja de marrajo Hacendado ultracongelado,Pescado,Pieza,0.24,kg,3.58,14.900,kg
2026-09-26T15:29:09.962639+00:00,svq1,2439,Bolsa de rafia,Menaje y conservación de alimentos,,1.0,ud,0.65,0.650,ud
2026-09-26T15:29:09.962639+00:00,svq1,24412,Huevas de sepia Hacendado congeladas,Pescado,Bandeja,0.35,kg,6.95,19.858,kg
2026-09-26T15:29:09.962639+00:00,svq1,24417,Calamar grande Hacendado congelado,Pescado,Pieza,0.2,kg,3.50,17.500,kg
2026-09-26T15:29:09.962639+00:00,svq1,24458,Tacos de atún Hacendado congelado,Pescado,Bandeja,0.28,kg,3.85,13.750,kg
2026-09-26T15:29:09.962639+00:00,svq1,24477,Langostino cocido y pelado Hacendado ultracongelado,Marisco,Bandeja,,kg,5.00,22.728,kg
2026-09-26T15:29:09.962639+00:00,svq1,24486,Langostino crudo y pelado Hacendado ultracongelado,Marisco,Bandeja,,kg,3.95,17.955,kg
2026-09-26T15:29:09.962639+00:00,svq1,24511,Lomos de salmón sin piel Hacendado congelado,Pescado,Paquete,0.25,kg,5.95,23.800,kg
2026-09-26T15:29:09.962639+00:00,svq1,24527,Pasta Piedra blanca multiusos Power Paste Scrub Daddy con estropajo Scrub Mommy,Limpieza muebles y multiusos,Tarro,0.2,kg,3.00,15.000,kg
2026-09-26T15:29:09.962639+00:00,svq1,24529,Vino tinto roble Pata Negra DO Ribera del Duero,Vino tinto,Botella,0.75,l,3.25,4.334,L
2026-09-26T15:29:09.962639+00:00,svq1,24532,Frizzante dulce sin alcohol Piccolo Giovanni,Vino lambrusco y espumoso,Botella,0.75,l,2.60,3.467,L
2026-09-26T15:29:09.962639+00:00,svq1,24534,Ensaladilla al estilo Portuguesa Hacendado,Platos preparados fríos,Tarrina,0.25,kg,1.70,6.800,kg
2026-09-26T15:29:09.962639+00:00,svq1,24537,Chicles gragea original frutas sin azúcar Hacendado,Chicles y caramelos,Bote,0.1,kg,1.95,19.500,kg
2026-09-26T15:29:09.962639+00:00,svq1,24538,Encendedor cocina largo Clipper recargable,Menaje y conservación de alimentos,Paquete,1.0,ud,2.40,2.400,ud
2026-09-26T15:29:09.962639+00:00,svq1,24541,Golosinas tubos rellenos Hacendado sabor nata y fresa,Golosinas,Caja,0.32,kg,1.75,5.469,kg
2026-09-26T15:29:09.962639+00:00,svq1,24543,Snacks de golosinas Top Xuxes Hacendado,Golosinas,Caja,0.2,kg,1.60,8.000,kg
2026-09-26T15:29:09.962639+00:00,svq1,24545,Mini sándwich de pavo y huevo revuelto Mini & Go Hacendado,Platos preparados fríos,Paquete,0.07,kg,1.00,14.286,kg
2026-09-26T15:29:09.962639+00:00,svq1,24547,Bebida energética Red Bull,Isotónico y energético,,2.0,l,7.99,3.995,L
2026-09-26T15:29:09.962639+00:00,svq1,24549,Bizcocho relleno de caramelo salado,Bollería de horno,Paquete,0.485,kg,3.60,7.423,kg
2026-09-26T15:29:09.962639+00:00,svq1,24550,Cava semi seco Jaume Serra,Sidra y cava,Botella,0.75,l,3.95,5.267,L
2026-09-26T15:29:09.962639+00:00,svq1,24551,Fruta + leche tropical Don Simón sin azúcares añadidos y zero materia grasa,Fruta variada,,0.99,l,1.40,1.415,L
2026-09-26T15:29:09.962639+00:00,svq1,24558,Exfoliante corporal Berry & Ácido Hialurónico Deliplus,Cuidado corporal,Bote,0.25,l,4.00,1.600,100 ml
2026-09-26T15:29:09.962639+00:00,svq1,24563,Muesli Crunchy Hacendado con legumbres,Cereales,Paquete,0.4,kg,2.65,6.625,kg
2026-09-26T15:29:09.962639+00:00,svq1,24565,Barritas de cereales avellana y cacao Hacendado,Cereales,Caja,0.115,kg,1.55,12.917,kg
2026-09-26T15:29:09.962639+00:00,svq1,24568,Barritas de barquillo Cheesecake Caramel Hacendado con cobertura blanca y relleno sabor cheesecake,Chocolate,Paquete,0.115,kg,1.80,15.653,kg
2026-09-26T15:29:09.962639+00:00,svq1,24576,Jamón de bellota ibérico 100% cortado a máquina,Jamón serrano,Paquete,0.16,kg,22.40,140.000,kg
2026-09-26T15:29:09.962639+00:00,svq1,24585,Bizcocho con zanahoria Hacendado,Bollería envasada,Paquete,0.29,kg,1.90,6.552,kg
2026-09-26T15:29:09.962639+00:00,svq1,24586,Fruta + leche Proteína 20 gr Don Simón con colágeno y vitamina C,Fruta variada,Brik,0.33,l,1.65,5.000,L
2026-09-26T15:29:09.962639+00:00,svq1,24712,Langostino crudo Hacendado ultracongelado,Marisco,Caja,,kg,5.95,9.917,kg
2026-09-26T15:29:09.962639+00:00,svq1,25182,Cuartos traseros de pollo congelados,Carne congelada,Paquete,2.0,kg,5.70,2.850,kg
2026-09-26T15:29:09.962639+00:00,svq1,25183,Jamoncitos de pollo congelados,Carne congelada,Paquete,1.0,kg,3.50,3.500,kg
2026-09-26T15:29:09.962639+00:00,svq1,25184,Alas de pollo congeladas,Carne congelada,Paquete,1.0,kg,3.70,3.700,kg
2026-09-26T15:29:09.962639+00:00,svq1,25243,Patas de pollo,Aves y pollo,Bandeja,0.45,kg,2.07,4.600,kg
2026-09-26T15:29:09.962639+00:00,svq1,25258,Contramuslos deshuesados y sin piel de pollo certificado alimentado con un 50% de maíz,Aves y pollo,Bandeja,0.5,kg,4.50,9.000,kg
2026-09-26T15:29:09.962639+00:00,svq1,25353,Solomillo de pavo marinado congelado,Carne congelada,Paquete,0.4,kg,3.12,7.800,kg
2026-09-26T15:29:09.962639+00:00,svq1,25376,Jamoncitos de pavo duplo congelados,Carne congelada,Paquete,0.86,kg,3.74,4.350,kg
2026-09-26T15:29:09.962639+00:00,svq1,25629,Magret de pato,Aves y pollo,Pieza,0.38,kg,9.12,24.000,kg
2026-09-26T15:29:09.962639+00:00,svq1,25972,Medio conejo troceado,Conejo y cordero,Bandeja,0.66,kg,6.20,9.400,kg
2026-09-26T15:29:09.962639+00:00,svq1,26000,Alubia cocida roja Hacendado,Legumbres,Tarro,0.57,kg,1.20,3.000,kg
2026-09-26T15:29:09.962639+00:00,svq1,26002,Alubia cocida granja Hacendado,Legumbres,Tarro,0.57,kg,1.75,4.375,kg
2026-09-26T15:29:09.962639+00:00,svq1,26011,Lenteja cocida Hacendado,Legumbres,Tarro,0.295,kg,0.75,3.572,kg
2026-09-26T15:29:09.962639+00:00,svq1,26019,Alubia cocida blanca Hacendado,Legumbres,Tarro,0.57,kg,0.75,1.875,kg
2026-09-26T15:29:09.962639+00:00,svq1,26028,Alubia cocida blanca Hacendado,Legumbres,Tarro,0.295,kg,0.70,3.334,kg
2026-09-26T15:29:09.962639+00:00,svq1,26029,Garbanzo cocido Hacendado,Legumbres,Tarro,0.57,kg,0.80,2.000,kg
2026-09-26T15:29:09.962639+00:00,svq1,26030,Lenteja cocida Hacendado,Legumbres,Tarro,0.57,kg,0.90,2.250,kg
2026-09-26T15:29:09.962639+00:00,svq1,26039,Garbanzo cocido Hacendado,Legumbres,Tarro,0.295,kg,0.75,3.572,kg
2026-09-26T15:29:09.962639+00:00,svq1,26101,Lentejas a la riojana Hacendado,Platos preparados calientes,Bote,0.42,kg,1.35,3.215,kg
2026-09-26T15:29:09.962639+00:00,svq1,26108,Fabada Hacendado,Platos preparados calientes,Bote,0.86,kg,2.90,3.373,kg
2026-09-26T15:29:09.962639+00:00,svq1,26110,Garbanzos a la jardinera Hacendado,Platos preparados calientes,Bote,0.42,kg,1.20,2.858,kg
2026-09-26T15:29:09.962639+00:00,svq1,26114,Alubias a la jardinera Hacendado,Platos preparados calientes,Bote,0.42,kg,1.20,2.858,kg
2026-09-26T15:29:09.962639+00:00,svq1,26116,Lentejas a la jardinera Hacendado,Platos preparados calientes,Bote,0.42,kg,1.20,2.858,kg
2026-09-26T15:29:09.962639+00:00,svq1,26138,Alubias con tomate Heinz,Platos preparados calientes,Bote,0.415,kg,1.30,3.133,kg
2026-09-26T15:29:09.962639+00:00,svq1,26174,Garbanzos a la riojana Hacendado,Platos preparados calientes,Bote,0.42,kg,1.35,3.215,kg
2026-09-26T15:29:09.962639+00:00,svq1,2622,Burger de pollo,Hamburguesas y picadas,Bandeja,0.54,kg,3.80,7.038,kg
2026-09-26T15:29:09.962639+00:00,svq1,2632,Carpaccio de vacuno,Vacuno,Bandeja,0.11,kg,4.10,37.273,kg
2026-09-26T15:29:09.962639+00:00,svq1,26496,Vinagre balsámico de Módena Hacendado,"Aceite, vinagre y sal",Botella,0.5,l,2.30,4.600,L
2026-09-26T15:29:09.962639+00:00,svq1,26749,Medallones de salmón Hacendado cocinar congelados,Pescado,Paquete,0.25,kg,3.95,15.800,kg
2026-09-26T15:29:09.962639+00:00,svq1,26760,Filetes de merluza  grandes del Cabo sin piel Hacendado ultracongelados,Pescado,Paquete,,kg,13.25,13.250,kg
2026-09-26T15:29:09.962639+00:00,svq1,26762,Medallones de merluza Argentina Hacendado ultracongelados,Pescado,Paquete,,kg,4.00,8.000,kg
2026-09-26T15:29:09.962639+00:00,svq1,26764,Rodajas de merluza Argentina Hacendado ultracongeladas,Pescado,Paquete,,kg,4.70,7.834,kg
2026-09-26T15:29:09.962639+00:00,svq1,26774,Camarón cocido,Marisco,Bandeja,0.15,kg,2.70,18.000,kg
2026-09-26T15:29:09.962639+00:00,svq1,2692,Trozo de vacuno para cocido,Arreglos,Bandeja,0.3,kg,4.53,15.100,kg
2026-09-26T15:29:09.962639+00:00,svq1,26951,Champiñones blancos,Verdura,Bandeja,0.3,kg,1.56,5.200,kg
2026-09-26T15:29:09.962639+00:00,svq1,26995,Migas de bacalao desaladas Hacendado,Salazones y ahumados,Bandeja,0.285,kg,7.64,26.800,kg
2026-09-26T15:29:09.962639+00:00,svq1,26997,Refresco Coca-Cola zero azúcar zero cafeína,Refresco de cola,,3.96,l,10.20,2.576,L
2026-09-26T15:29:09.962639+00:00,svq1,27074,Cerveza Victoria Málaga,Cerveza,Lata,0.33,l,0.64,1.940,L
2026-09-26T15:29:09.962639+00:00,svq1,27099,Agua mineral grande Nestlé Aquarel,Agua,,9.0,l,2.94,0.327,L
2026-09-26T15:29:09.962639+00:00,svq1,27100,Cerveza Heineken,Cerveza,Lata,0.33,l,0.79,2.394,L
2026-09-26T15:29:09.962639+00:00,svq1,27103,Cerveza especial San Miguel,Cerveza,Lata,0.33,l,0.50,1.516,L
2026-09-26T15:29:09.962639+00:00,svq1,27114,Cerveza Heineken,Cerveza,Pack-6,1.5,l,3.72,2.480,L
2026-09-26T15:29:09.962639+00:00,svq1,27119,Cerveza Pilsen Cruzcampo,Cerveza,Lata,0.33,l,0.55,1.667,L
2026-09-26T15:29:09.962639+00:00,svq1,2712,Filetes de vacuno 1º B añojo para plancha o guisar,Vacuno,Bandeja,0.56,kg,10.08,18.000,kg
2026-09-26T15:29:09.962639+00:00,svq1,27136,Cerveza especial Mahou,Cerveza,Lata,0.33,l,0.89,2.697,L
2026-09-26T15:29:09.962639+00:00,svq1,2715,Filetes lomo de cerdo adobado,Cerdo,Bandeja,0.52,kg,3.61,6.950,kg
2026-09-26T15:29:09.962639+00:00,svq1,27150,Cerveza reserva 1925 Alhambra,Cerveza,Pack-6,1.98,l,7.98,4.031,L
2026-09-26T15:29:09.962639+00:00,svq1,27184,Refresco Coca-Cola light,Refresco de cola,Pack-9,2.97,l,7.38,2.485,L
2026-09-26T15:29:09.962639+00:00,svq1,27197,Cerveza Pilsen Cruzcampo,Cerveza,Pack-24,6.0,l,9.99,1.665,L
2026-09-26T15:29:09.962639+00:00,svq1,27204,Agua mineral grande Font Vella,Agua,Botella,1.5,l,0.77,0.514,L
2026-09-26T15:29:09.962639+00:00,svq1,27213,Agua mineral con gas grande Vichy Catalan,Agua,Botella,1.0,l,1.65,1.650,L
2026-09-26T15:29:09.962639+00:00,svq1,27216,Agua mineral grande Lanjarón,Agua,Botella,1.5,l,0.75,0.500,L
2026-09-26T15:29:09.962639+00:00,svq1,27232,Agua mineral grande Nestlé Aquarel,Agua,Botella,1.5,l,0.49,0.327,L
2026-09-26T15:29:09.962639+00:00,svq1,27268,Agua mineral grande Font Natura,Agua,Garrafa,8.0,l,0.95,0.119,L
2026-09-26T15:29:09.962639+00:00,svq1,27291,Agua mineral grande Lanjarón,Agua,,9.0,l,4.32,0.480,L
2026-09-26T15:29:09.962639+00:00,svq1,27321,Refresco Coca-Cola,Refresco de cola,Pack-12,3.96,l,10.20,2.576,L
2026-09-26T15:29:09.962639+00:00,svq1,27326,Refresco Coca-Cola,Refresco de cola,Lata,0.33,l,0.95,2.879,L
2026-09-26T15:29:09.962639+00:00,svq1,27327,Agua mineral grande Solán de Cabras,Agua,,9.0,l,5.10,0.567,L
2026-09-26T15:29:09.962639+00:00,svq1,27342,Refresco Coca-Cola,Refresco de cola,Botella,2.0,l,2.15,1.075,L
2026-09-26T15:29:09.962639+00:00,svq1,27348,Refresco Coca-Cola,Refresco de cola,Pack-2,4.0,l,3.80,0.950,L
2026-09-26T15:29:09.962639+00:00,svq1,27350,Agua mineral grande Font Vella,Agua,,9.0,l,4.44,0.494,L
2026-09-26T15:29:09.962639+00:00,svq1,27356,Agua mineral grande Solán de Cabras,Agua,Botella,1.5,l,0.85,0.567,L
2026-09-26T15:29:09.962639+00:00,svq1,27357,Cerveza especial Estrella Galicia,Cerveza,Lata,0.33,l,0.90,2.728,L
2026-09-26T15:29:09.962639+00:00,svq1,27360,"Cerveza 0,0% sin alcohol Cruzcampo",Cerveza sin alcohol,,1.5,l,2.52,1.680,L
2026-09-26T15:29:09.962639+00:00,svq1,27406,Refresco Coca-Cola light,Refresco de cola,Lata,0.33,l,0.95,2.879,L
2026-09-26T15:29:09.962639+00:00,svq1,27414,Refresco Coca-Cola zero azúcar,Refresco de cola,Lata,0.33,l,0.95,2.879,L
2026-09-26T15:29:09.962639+00:00,svq1,27426,Refresco Coca-Cola zero azúcar,Refresco de cola,,3.96,l,10.20,2.576,L
2026-09-26T15:29:09.962639+00:00,svq1,27445,Refresco Coca-Cola zero azúcar,Refresco de cola,Botella,2.0,l,2.15,1.075,L
2026-09-26T15:29:09.962639+00:00,svq1,27449,Refresco Coca-Cola zero azúcar,Refresco de cola,,4.0,l,4.10,1.025,L
2026-09-26T15:29:09.962639+00:00,svq1,27456,Cerveza El Águila sin filtrar,Cerveza,Botellín,0.33,l,0.89,2.697,L
2026-09-26T15:29:09.962639+00:00,svq1,27462,Refresco Coca-Cola zero azúcar zero cafeína,Refresco de cola,Botella,2.0,l,2.15,1.075,L
2026-09-26T15:29:09.962639+00:00,svq1,27479,Agua mineral grande Lanjarón,Agua,Garrafa,6.25,l,2.49,0.399,L
2026-09-26T15:29:09.962639+00:00,svq1,27487,Tónica Zero Schweppes,Tónica y bitter,,2.64,l,7.68,2.910,L
2026-09-26T15:29:09.962639+00:00,svq1,27488,Tónica Zero Schweppes,Tónica y bitter,Lata,0.33,l,0.96,2.910,L
2026-09-26T15:29:09.962639+00:00,svq1,27493,Refresco cola Pepsi,Refresco de cola,Lata,0.33,l,0.79,2.394,L
2026-09-26T15:29:09.962639+00:00,svq1,27502,Refresco Fanta naranja,Refresco de naranja y de limón,Lata,0.33,l,0.80,2.425,L
2026-09-26T15:29:09.962639+00:00,svq1,27508,Refresco Fanta naranja,Refresco de naranja y de limón,Botella,2.0,l,1.85,0.925,L
2026-09-26T15:29:09.962639+00:00,svq1,27510,Refresco Fanta naranja zero azúcares añadidos,Refresco de naranja y de limón,Lata,0.33,l,0.80,2.425,L
2026-09-26T15:29:09.962639+00:00,svq1,27545,Refresco Fanta naranja zero azúcares añadidos,Refresco de naranja y de limón,Botella,2.0,l,1.59,0.795,L
2026-09-26T15:29:09.962639+00:00,svq1,27548,Elaborado de merluza y langostino,Pescado fresco,Bandeja,0.2,kg,2.95,14.750,kg
2026-09-26T15:29:09.962639+00:00,svq1,27559,Refresco Coca-Cola zero azúcar zero cafeína,Refresco de cola,Lata,0.33,l,0.95,2.879,L
2026-09-26T15:29:09.962639+00:00,svq1,27571,Refresco Fanta naranja,Refresco de naranja y de limón,Pack-9,2.97,l,6.93,2.334,L
2026-09-26T15:29:09.962639+00:00,svq1,27602,Refresco Fanta limón,Refresco de naranja y de limón,Lata,0.33,l,0.80,2.425,L
2026-09-26T15:29:09.962639+00:00,svq1,27608,Refresco Fanta limón zero azúcares añadidos,Refresco de naranja y de limón,Lata,0.33,l,0.80,2.425,L
2026-09-26T15:29:09.962639+00:00,svq1,27610,Refresco Fanta limón,Refresco de naranja y de limón,Botella,2.0,l,1.85,0.925,L
2026-09-26T15:29:09.962639+00:00,svq1,27660,Refresco cola Pepsi,Refresco de cola,Pack-12,3.96,l,9.00,2.273,L
2026-09-26T15:29:09.962639+00:00,svq1,27666,Tónica original Schweppes,Tónica y bitter,Pack-8,2.64,l,7.68,2.910,L
2026-09-26T15:29:09.962639+00:00,svq1,27667,Tónica original Schweppes,Tónica y bitter,Lata,0.33,l,0.96,2.910,L
2026-09-26T15:29:09.962639+00:00,svq1,27679,Cerveza Heineken,Cerveza,Pack-8,2.64,l,5.44,2.061,L
2026-09-26T15:29:09.962639+00:00,svq1,27691,Agua mineral pequeña Font Natura,Agua,,3.0,l,1.56,0.520,L
2026-09-26T15:29:09.962639+00:00,svq1,27692,Agua mineral pequeña Font Natura,Agua,Botella,0.5,l,0.26,0.520,L
2026-09-26T15:29:09.962639+00:00,svq1,27733,Gaseosa grande La Casera,Agua,,3.0,l,1.92,0.640,L
2026-09-26T15:29:09.962639+00:00,svq1,27735,Gaseosa grande La Casera,Agua,Botella,1.5,l,1.00,0.667,L
2026-09-26T15:29:09.962639+00:00,svq1,27759,Bebida Florida Sunny Delight,Refresco de té y sin gas,Botella,1.25,l,1.25,1.000,L
2026-09-26T15:29:09.962639+00:00,svq1,27761,Refresco limón Schweppes original,Refresco de naranja y de limón,Pack-8,2.64,l,5.04,1.910,L
2026-09-26T15:29:09.962639+00:00,svq1,27762,Refresco limón Schweppes original,Refresco de naranja y de limón,Lata,0.33,l,0.97,2.940,L
2026-09-26T15:29:09.962639+00:00,svq1,27763,Refresco lima limón 7 Up,Refresco de naranja y de limón,Botella,2.0,l,1.29,0.645,L
2026-09-26T15:29:09.962639+00:00,svq1,2777,Contramuslos de pollo sin piel,Aves y pollo,Bandeja,0.74,kg,3.11,4.200,kg
2026-09-26T15:29:09.962639+00:00,svq1,27770,Refresco lima limón 7 Up,Refresco de naranja y de limón,Lata,0.33,l,0.65,1.970,L
2026-09-26T15:29:09.962639+00:00,svq1,2778,Jamoncitos de pollo,Aves y pollo,Bandeja,0.92,kg,3.50,3.800,kg
2026-09-26T15:29:09.962639+00:00,svq1,2779,Medio pollo troceado,Aves y pollo,Bandeja,1.08,kg,4.32,4.000,kg
2026-09-26T15:29:09.962639+00:00,svq1,2781,Pollo entero,Aves y pollo,Bandeja,2.0,kg,7.00,3.500,kg
2026-09-26T15:29:09.962639+00:00,svq1,2782,Pollo certificado entero alimentado con un 50% de maíz,Aves y pollo,Bandeja,1.8,kg,9.00,5.000,kg
2026-09-26T15:29:09.962639+00:00,svq1,2783,Cuartos traseros de pollo certificado alimentado con un 50% de maíz,Aves y pollo,Bandeja,0.84,kg,3.95,4.700,kg
2026-09-26T15:29:09.962639+00:00,svq1,27832,Refresco té verde Hacendado,Refresco de té y sin gas,Botella,1.5,l,1.00,0.667,L
2026-09-26T15:29:09.962639+00:00,svq1,2784,Alas de pollo,Aves y pollo,Bandeja,0.98,kg,4.36,4.450,kg
2026-09-26T15:29:09.962639+00:00,svq1,27842,Refresco sin gas de naranja Hacendado,Refresco de té y sin gas,,1.32,l,1.60,1.213,L
2026-09-26T15:29:09.962639+00:00,svq1,27843,Tinto de verano sabor limón La Casera,Tinto de verano y sangría,Botella,1.5,l,2.45,1.634,L
2026-09-26T15:29:09.962639+00:00,svq1,2785,Alas partidas de pollo,Aves y pollo,Bandeja,0.6,kg,3.12,5.200,kg
2026-09-26T15:29:09.962639+00:00,svq1,2786,Solomillos de pollo,Aves y pollo,Bandeja,0.35,kg,2.80,8.000,kg
2026-09-26T15:29:09.962639+00:00,svq1,2787,Filetes pechuga de pollo,Aves y pollo,Bandeja,0.59,kg,4.31,7.300,kg
2026-09-26T15:29:09.962639+00:00,svq1,2788,Muslos de pollo deshuesados con piel,Aves y pollo,Bandeja,0.44,kg,2.44,5.550,kg
2026-09-26T15:29:09.962639+00:00,svq1,2789,Contramuslos de pollo deshuesados y sin piel,Aves y pollo,Bandeja,0.62,kg,4.22,6.800,kg
2026-09-26T15:29:09.962639+00:00,svq1,27905,Bebida energética Red Bull,Isotónico y energético,Lata,0.25,l,1.59,6.360,L
2026-09-26T15:29:09.962639+00:00,svq1,2791,Filetes pechuga de pollo certificado alimentado con un 50% de maíz,Aves y pollo,Bandeja,0.5,kg,4.80,9.600,kg
2026-09-26T15:29:09.962639+00:00,svq1,2794,Filetes pechuga de pavo,Aves y pollo,Bandeja,0.59,kg,4.99,8.450,kg
2026-09-26T15:29:09.962639+00:00,svq1,27951,Refresco sin gas de naranja Simon Life,Refresco de té y sin gas,Botella,1.5,l,1.85,1.234,L
2026-09-26T15:29:09.962639+00:00,svq1,2796,Codornices,Aves y pollo,Bandeja,0.35,kg,4.20,12.000,kg
2026-09-26T15:29:09.962639+00:00,svq1,27965,Limonada natural sin gas light Don Simón,Refresco de té y sin gas,Botella,1.5,l,1.35,0.900,L
2026-09-26T15:29:09.962639+00:00,svq1,27971,Gaseosa pequeña Hacendado,Agua,Botella,0.5,l,0.34,0.680,L
2026-09-26T15:29:09.962639+00:00,svq1,27972,Gaseosa pequeña Hacendado,Agua,,3.0,l,2.04,0.680,L
2026-09-26T15:29:09.962639+00:00,svq1,2800,Filetes lomo de vacuno añojo para plancha,Vacuno,Bandeja,0.5,kg,11.60,23.200,kg
2026-09-26T15:29:09.962639+00:00,svq1,28016,Bebida energética Monster Energy,Isotónico y energético,Lata,0.5,l,1.45,2.900,L
2026-09-26T15:29:09.962639+00:00,svq1,28031,Vino blanco semidulce Tierra Blanca,Vino blanco,Botella,0.75,l,4.65,6.200,L
2026-09-26T15:29:09.962639+00:00,svq1,28032,Ginebra Dry Gin Seagram's,Licores,Botella,0.7,l,15.45,22.072,L
2026-09-26T15:29:09.962639+00:00,svq1,2804,Solomillo de vacuno añojo para plancha,Vacuno,Bandeja,0.3,kg,12.36,41.200,kg
2026-09-26T15:29:09.962639+00:00,svq1,28059,Tinto de verano limón La Casera,Tinto de verano y sangría,,3.0,l,3.66,1.220,L
2026-09-26T15:29:09.962639+00:00,svq1,2807,Tacos de vacuno añojo para guisar,Vacuno,Bandeja,0.54,kg,8.75,16.200,kg
2026-09-26T15:29:09.962639+00:00,svq1,28089,Agua mineral grande Font Natura,Agua,,9.0,l,1.62,0.180,L
2026-09-26T15:29:09.962639+00:00,svq1,28090,Agua mineral grande Font Natura,Agua,Botella,1.5,l,0.27,0.180,L
2026-09-26T15:29:09.962639+00:00,svq1,28091,Agua mineral mediana Font Natura,Agua,,6.0,l,2.40,0.400,L
2026-09-26T15:29:09.962639+00:00,svq1,28092,Agua mineral mediana Font Natura,Agua,Botella,1.0,l,0.40,0.400,L
2026-09-26T15:29:09.962639+00:00,svq1,2810,Carrillada de cerdo,Cerdo,Bandeja,0.44,kg,5.76,13.100,kg
2026-09-26T15:29:09.962639+00:00,svq1,2811,Costillas de cerdo carnosas a tacos,Cerdo,Bandeja,0.62,kg,4.96,8.000,kg
2026-09-26T15:29:09.962639+00:00,svq1,28113,Refresco Coca-Cola,Refresco de cola,Pack-4,2.0,l,5.60,2.800,L
2026-09-26T15:29:09.962639+00:00,svq1,28115,Refresco Coca-Cola zero azúcar,Refresco de cola,,2.0,l,5.60,2.800,L
2026-09-26T15:29:09.962639+00:00,svq1,28116,Gel energético con cafeína Enervit Sport sabor cítricos,Isotónico y energético,Caja,0.096,kg,3.75,40.761,kg
2026-09-26T15:29:09.962639+00:00,svq1,28119,Bebida energética Monster Energy Ultra zero azúcar,Isotónico y energético,Lata,0.5,l,1.45,2.900,L
2026-09-26T15:29:09.962639+00:00,svq1,2813,Cerdo a tacos,Cerdo,Bandeja,0.56,kg,3.22,5.750,kg
2026-09-26T15:29:09.962639+00:00,svq1,2815,Panceta de cerdo,Cerdo,Bandeja,0.57,kg,3.13,5.500,kg
2026-09-26T15:29:09.962639+00:00,svq1,2817,Filetes lomo de cerdo cabeza,Cerdo,Bandeja,0.66,kg,4.16,6.300,kg
2026-09-26T15:29:09.962639+00:00,svq1,28180,Refresco Coca-Cola zero azúcar zero cafeína,Refresco de cola,,4.0,l,4.10,1.025,L
2026-09-26T15:29:09.962639+00:00,svq1,28181,Refresco Coca-Cola,Refresco de cola,Botella,1.25,l,1.55,1.240,L
2026-09-26T15:29:09.962639+00:00,svq1,28185,Agua mineral con gas pequeña Vichy Catalan,Agua,Pack-6,1.8,l,6.49,3.606,L
2026-09-26T15:29:09.962639+00:00,svq1,28198,Agua de coco 100% Hacendado,Agua,Brik,1.0,l,2.30,2.300,L
2026-09-26T15:29:09.962639+00:00,svq1,28268,Refresco cola Pepsi zero azúcar,Refresco de cola,Lata,0.33,l,0.79,2.394,L
2026-09-26T15:29:09.962639+00:00,svq1,28285,Agua mineral pequeña Aguadoy tapón infantil,Agua,,1.98,l,1.68,0.849,L
2026-09-26T15:29:09.962639+00:00,svq1,28287,Agua mineral pequeña Aguadoy tapón infantil,Agua,Botella,0.33,l,0.28,0.849,L
2026-09-26T15:29:09.962639+00:00,svq1,2832,Alas de pollo adobadas,Aves y pollo,Bandeja,0.62,kg,3.47,5.600,kg
2026-09-26T15:29:09.962639+00:00,svq1,2833,Filetes pechuga de pollo finas hierbas marinadas,Aves y pollo,Bandeja,0.6,kg,4.92,8.200,kg
2026-09-26T15:29:09.962639+00:00,svq1,28335,Licor de limoncello Franzini,Licores,Botella,0.7,l,6.60,9.429,L
2026-09-26T15:29:09.962639+00:00,svq1,28381,Licor de anís dulce La Castellana,Licores,Botella,0.7,l,6.95,9.929,L
2026-09-26T15:29:09.962639+00:00,svq1,2839,Pinchos de cerdo adobado sin varilla,Cerdo,Bandeja,0.51,kg,3.98,7.800,kg
2026-09-26T15:29:09.962639+00:00,svq1,28401,Vermouth rojo Martini,Licores,Botella,1.0,l,11.65,11.650,L
2026-09-26T15:29:09.962639+00:00,svq1,28432,Licor dulce Amaretto Del Patriarca,Licores,Botella,0.7,l,4.80,6.858,L
2026-09-26T15:29:09.962639+00:00,svq1,28435,Bitter Kas sin alcohol,Tónica y bitter,Lata,0.33,l,0.99,3.000,L
2026-09-26T15:29:09.962639+00:00,svq1,28467,Agua mineral con gas grande Aguadoy,Agua,Pack-6,9.0,l,2.52,0.280,L
2026-09-26T15:29:09.962639+00:00,svq1,28468,Agua mineral con gas grande Aguadoy,Agua,Botella,1.5,l,0.42,0.280,L
2026-09-26T15:29:09.962639+00:00,svq1,28469,Agua mineral con gas pequeña Aguadoy,Agua,,3.0,l,1.56,0.520,L
2026-09-26T15:29:09.962639+00:00,svq1,28470,Agua mineral con gas pequeña Aguadoy,Agua,Botella,0.5,l,0.26,0.520,L
2026-09-26T15:29:09.962639+00:00,svq1,2849,Filetes lomo de cerdo extra tiernos,Cerdo,Bandeja,0.53,kg,4.08,7.700,kg
2026-09-26T15:29:09.962639+00:00,svq1,28496,"Yogur azucarado YogoMix Hacendado variado de copos maíz, bolitas y disquitos chocolateados",Gelatina y otros postres,,0.9,kg,3.15,3.500,kg
2026-09-26T15:29:09.962639+00:00,svq1,28506,Licor crema Puente Pazos,Licores,Botella,0.7,l,6.25,8.929,L
2026-09-26T15:29:09.962639+00:00,svq1,28508,Licor de hierbas Puente Pazos,Licores,Botella,0.7,l,6.10,8.715,L
2026-09-26T15:29:09.962639+00:00,svq1,2851,Manos de cerdo,Arreglos,Bandeja,0.5,kg,3.90,7.800,kg
2026-09-26T15:29:09.962639+00:00,svq1,28515,Sidra asturiana El Mayu,Sidra y cava,Botella,0.75,l,1.70,2.267,L
2026-09-26T15:29:09.962639+00:00,svq1,28525,Brandy de Jerez solera reserva Convidado de Baco,Licores,Botella,0.7,l,6.00,8.572,L
2026-09-26T15:29:09.962639+00:00,svq1,28527,Bebida espirituosa Convidado de Baco,Licores,Botella,1.0,l,6.00,6.000,L
2026-09-26T15:29:09.962639+00:00,svq1,2853,Carcasa y espinazo de pollo,Aves y pollo,Bandeja,0.85,kg,1.10,1.300,kg
2026-09-26T15:29:09.962639+00:00,svq1,2854,Gallina,Arreglos,Bandeja,0.68,kg,3.94,5.800,kg
2026-09-26T15:29:09.962639+00:00,svq1,2856,Mollejas de pollo,Aves y pollo,Tarrina,0.39,kg,2.09,5.350,kg
2026-09-26T15:29:09.962639+00:00,svq1,2857,Hígados y corazones de pollo,Aves y pollo,Bandeja,0.38,kg,1.52,4.000,kg
2026-09-26T15:29:09.962639+00:00,svq1,28571,Licor crema Royal Swan,Licores,Botella,0.7,l,5.85,8.358,L
2026-09-26T15:29:09.962639+00:00,svq1,28574,Bebida isotónica sabor cítrico Iso drink,Isotónico y energético,Lata,0.33,l,0.45,1.364,L
2026-09-26T15:29:09.962639+00:00,svq1,28575,Bebida isotónica sabor cítrico Iso drink,Isotónico y energético,Pack-6,1.98,l,2.70,1.364,L
2026-09-26T15:29:09.962639+00:00,svq1,28576,Bebida isotónica sabor cítrico Iso drink,Isotónico y energético,Botella,1.5,l,1.00,0.667,L
2026-09-26T15:29:09.962639+00:00,svq1,2859,Filetes hígado de cerdo,Cerdo,Bandeja,0.51,kg,3.37,6.600,kg
2026-09-26T15:29:09.962639+00:00,svq1,28600,Whisky DYC,Licores,Botella,0.7,l,8.95,12.786,L
2026-09-26T15:29:09.962639+00:00,svq1,28604,Whisky escocés Ballantine's,Licores,Botella,0.7,l,13.25,18.929,L
2026-09-26T15:29:09.962639+00:00,svq1,2861,Filetes hígado de vacuno,Vacuno,Bandeja,0.44,kg,4.58,10.400,kg
2026-09-26T15:29:09.962639+00:00,svq1,28610,Whisky escocés Red Label Johnnie Walker,Licores,Botella,0.7,l,14.65,20.929,L
2026-09-26T15:29:09.962639+00:00,svq1,28613,Whisky escocés J&B,Licores,Botella,0.7,l,10.95,15.643,L
2026-09-26T15:29:09.962639+00:00,svq1,28630,Whisky escocés Black Label Johnnie Walker,Licores,Botella,0.7,l,28.90,41.286,L
2026-09-26T15:29:09.962639+00:00,svq1,2864,Chistorra,Embutido,Paquete,0.22,kg,1.40,6.364,kg
2026-09-26T15:29:09.962639+00:00,svq1,28662,Whisky escocés James Webb,Licores,Botella,0.7,l,6.10,8.715,L
2026-09-26T15:29:09.962639+00:00,svq1,28664,Bebida energética Monster Energy,Isotónico y energético,,2.0,l,5.28,2.640,L
2026-09-26T15:29:09.962639+00:00,svq1,2867,Preparado de carne picada cerdo,Hamburguesas y picadas,Bandeja,0.5,kg,2.75,5.500,kg
2026-09-26T15:29:09.962639+00:00,svq1,28670,Bebida energética Monster Energy Ultra zero azúcar,Isotónico y energético,,2.0,l,5.28,2.640,L
2026-09-26T15:29:09.962639+00:00,svq1,2868,Preparado de carne picada vacuno,Hamburguesas y picadas,Bandeja,0.5,kg,5.50,11.000,kg
2026-09-26T15:29:09.962639+00:00,svq1,28688,Bebida isotónica de naranja Iso drink,Isotónico y energético,Botella,1.5,l,1.00,0.667,L
2026-09-26T15:29:09.962639+00:00,svq1,28689,Bebida isotónica de naranja Iso drink,Isotónico y energético,Lata,0.33,l,0.45,1.364,L
2026-09-26T15:29:09.962639+00:00,svq1,2869,Preparado de carne picada vacuno y cerdo,Hamburguesas y picadas,Bandeja,0.5,kg,4.10,8.200,kg
2026-09-26T15:29:09.962639+00:00,svq1,28690,Bebida isotónica de naranja Iso drink,Isotónico y energético,Pack-6,1.98,l,2.70,1.364,L
2026-09-26T15:29:09.962639+00:00,svq1,28701,Ginebra dry gin Rives,Licores,Botella,1.0,l,12.00,12.000,L
2026-09-26T15:29:09.962639+00:00,svq1,2871,Albóndigas de cerdo,Hamburguesas y picadas,Bandeja,0.84,kg,4.55,5.417,kg
2026-09-26T15:29:09.962639+00:00,svq1,28712,Ginebra London Dry Gin Beefeater,Licores,Botella,0.7,l,13.50,19.286,L
2026-09-26T15:29:09.962639+00:00,svq1,28715,Ginebra London Dry Gin Larios,Licores,Botella,1.0,l,10.95,10.950,L
2026-09-26T15:29:09.962639+00:00,svq1,2872,Burger de vacuno y cerdo,Hamburguesas y picadas,Bandeja,0.54,kg,3.95,7.315,kg
2026-09-26T15:29:09.962639+00:00,svq1,28724,Licor de hierbas Jägermeister,Licores,Botella,0.7,l,14.95,21.358,L
2026-09-26T15:29:09.962639+00:00,svq1,2873,Burger de vacuno,Hamburguesas y picadas,Bandeja,0.54,kg,5.90,10.926,kg
2026-09-26T15:29:09.962639+00:00,svq1,28731,Ron añejo Negrita,Licores,Botella,0.7,l,9.30,13.286,L
2026-09-26T15:29:09.962639+00:00,svq1,28757,Ron dominicano añejo Ron Barceló,Licores,Botella,0.7,l,15.45,22.072,L
2026-09-26T15:29:09.962639+00:00,svq1,2876,Morcilla de arroz y cebolla,Embutido,Paquete,0.36,kg,2.07,5.750,kg
2026-09-26T15:29:09.962639+00:00,svq1,28775,Ginebra London Dry Gin Tanqueray,Licores,Botella,0.7,l,13.70,19.572,L
2026-09-26T15:29:09.962639+00:00,svq1,28822,Vodka Knebep,Licores,Botella,1.0,l,6.70,6.700,L
2026-09-26T15:29:09.962639+00:00,svq1,28848,Ginebra strawberry Gin Glivery,Licores,Botella,0.7,l,7.15,10.215,L
2026-09-26T15:29:09.962639+00:00,svq1,28898,Sidra natural Polían,Sidra y cava,Botella,0.7,l,2.10,3.000,L
2026-09-26T15:29:09.962639+00:00,svq1,28921,Cava brut Cabré & Sabaté,Sidra y cava,Botella,0.75,l,3.30,4.400,L
2026-09-26T15:29:09.962639+00:00,svq1,28938,Cava brut nature vintage Cabré & Sabaté,Sidra y cava,Botella,0.75,l,4.70,6.267,L
2026-09-26T15:29:09.962639+00:00,svq1,28939,Cava semi seco Cabré & Sabaté,Sidra y cava,Botella,0.75,l,3.00,4.000,L
2026-09-26T15:29:09.962639+00:00,svq1,28969,Cava brut Anna Codorníu,Sidra y cava,Botella,0.75,l,9.95,13.267,L
2026-09-26T15:29:09.962639+00:00,svq1,28999,Bebida zumo de manzana El Lagar sin alcohol,Sidra y cava,Botella,0.75,l,2.50,3.334,L
2026-09-26T15:29:09.962639+00:00,svq1,2900,Filetes de vacuno añojo para plancha,Vacuno,Bandeja,0.55,kg,10.01,18.200,kg
2026-09-26T15:29:09.962639+00:00,svq1,29006,Bicarbonato de sódio Hacendado,"Aceite, vinagre y sal",Bote,0.3,kg,1.10,3.667,kg
2026-09-26T15:29:09.962639+00:00,svq1,29007,Bicarbonato de sódio Hacendado,"Aceite, vinagre y sal",Paquete,1.0,kg,1.45,1.450,kg
2026-09-26T15:29:09.962639+00:00,svq1,29016,Sal de frutas sabor limón Hacendado,"Aceite, vinagre y sal",Bote,0.25,kg,2.10,8.400,kg
2026-09-26T15:29:09.962639+00:00,svq1,29017,Preparado para repostería con impulsor incorporado Hacendado,Harina y preparado repostería,Paquete,1.0,kg,1.00,1.000,kg
2026-09-26T15:29:09.962639+00:00,svq1,29019,Harina de fuerza Hacendado,Harina y preparado repostería,Paquete,1.0,kg,0.95,0.950,kg
2026-09-26T15:29:09.962639+00:00,svq1,29043,Refresco de limón Hacendado fresh gas,Refresco de naranja y de limón,Pack-6,1.98,l,2.22,1.122,L
2026-09-26T15:29:09.962639+00:00,svq1,29044,Refresco de limón Hacendado fresh gas,Refresco de naranja y de limón,Lata,0.33,l,0.37,1.122,L
2026-09-26T15:29:09.962639+00:00,svq1,29045,Refresco de limón Hacendado zero azúcar fresh gas,Refresco de naranja y de limón,Pack-6,1.98,l,2.22,1.122,L
2026-09-26T15:29:09.962639+00:00,svq1,29046,Refresco de limón Hacendado zero azúcar fresh gas,Refresco de naranja y de limón,Lata,0.33,l,0.37,1.122,L
2026-09-26T15:29:09.962639+00:00,svq1,29062,Chocolate negro 72% de cacao Hacendado con almendras enteras,Chocolate,Tableta,0.2,kg,2.75,13.750,kg
2026-09-26T15:29:09.962639+00:00,svq1,29077,Refresco de limón Hacendado fresh gas,Refresco de naranja y de limón,Botella,2.0,l,0.95,0.475,L
2026-09-26T15:29:09.962639+00:00,svq1,29078,Refresco de limón Hacendado zero azúcar fresh gas,Refresco de naranja y de limón,Botella,2.0,l,0.95,0.475,L
2026-09-26T15:29:09.962639+00:00,svq1,29100,Harina de trigo Hacendado,Harina y preparado repostería,Paquete,1.0,kg,0.72,0.720,kg
2026-09-26T15:29:09.962639+00:00,svq1,29106,Harina de trigo grande Hacendado,Harina y preparado repostería,Paquete,5.0,kg,2.95,0.590,kg
2026-09-26T15:29:09.962639+00:00,svq1,29117,Harina semolosa de trigo Las Panaeras Sevillanas para freír,Harina y preparado repostería,Paquete,1.0,kg,1.46,1.460,kg
2026-09-26T15:29:09.962639+00:00,svq1,29130,Harina de arroz Hacendado,Harina y preparado repostería,Paquete,0.5,kg,1.31,2.620,kg
2026-09-26T15:29:09.962639+00:00,svq1,29134,Harina integral de trigo Hacendado,Harina y preparado repostería,Paquete,1.0,kg,0.90,0.900,kg
2026-09-26T15:29:09.962639+00:00,svq1,29165,Harina de maíz blanco precocida Hacendado,Harina y preparado repostería,Paquete,1.0,kg,1.60,1.600,kg
2026-09-26T15:29:09.962639+00:00,svq1,29174,Harina de espelta Hacendado 100% integral,Harina y preparado repostería,Paquete,1.0,kg,1.45,1.450,kg
2026-09-26T15:29:09.962639+00:00,svq1,29180,Harina semolosa de trigo Hacendado especial para fritos,Harina y preparado repostería,Paquete,1.0,kg,1.20,1.200,kg
2026-09-26T15:29:09.962639+00:00,svq1,29225,Impulsor gasificante en polvo Royal uso alimentario,Harina y preparado repostería,Caja,0.08,kg,2.25,28.125,kg
2026-09-26T15:29:09.962639+00:00,svq1,29314,Bebida de soja 0% azúcar Hacendado,Leche y bebidas vegetales,Brik,1.0,l,0.75,0.750,L
2026-09-26T15:29:09.962639+00:00,svq1,29322,Bebida de soja 0% azúcar Hacendado,Leche y bebidas vegetales,,6.0,l,4.50,0.750,L
2026-09-26T15:29:09.962639+00:00,svq1,29360,Refresco Coca-Cola,Refresco de cola,Botella,0.5,l,1.50,3.000,L
2026-09-26T15:29:09.962639+00:00,svq1,29361,Refresco Coca-Cola zero azúcar,Refresco de cola,Botella,0.5,l,1.50,3.000,L
2026-09-26T15:29:09.962639+00:00,svq1,29368,Cerveza Pilsen Cruzcampo,Cerveza,Pack-12,3.0,l,4.92,1.640,L
2026-09-26T15:29:09.962639+00:00,svq1,29373,Harina de garbanzo Hacendado,Harina y preparado repostería,Paquete,0.5,kg,2.00,4.000,kg
2026-09-26T15:29:09.962639+00:00,svq1,29410,Bebida isotónica Iso On blue Hacendado,Isotónico y energético,Botella,1.5,l,1.55,1.034,L
2026-09-26T15:29:09.962639+00:00,svq1,29411,Cerveza Pilsen Cruzcampo,Cerveza,Botellín,0.25,l,0.55,2.200,L
2026-09-26T15:29:09.962639+00:00,svq1,29540,Pepinillos pequeños Hacendado,Aceitunas y encurtidos,Tarro,0.4,kg,1.45,6.305,kg
2026-09-26T15:29:09.962639+00:00,svq1,29604,Bebida isotónica naranja Aquarius,Isotónico y energético,Pack-8,2.64,l,7.44,2.819,L
2026-09-26T15:29:09.962639+00:00,svq1,29605,Bebida isotónica limón Aquarius,Isotónico y energético,Pack-8,2.64,l,7.44,2.819,L
2026-09-26T15:29:09.962639+00:00,svq1,29606,Panceta curada sin corteza La Selva lonchas,Bacón y salchichas,Paquete,0.2,kg,2.50,12.500,kg
2026-09-26T15:29:09.962639+00:00,svq1,29608,Bebida isotónica limón Aquarius,Isotónico y energético,Botella,1.5,l,2.10,1.400,L
2026-09-26T15:29:09.962639+00:00,svq1,29609,Bebida isotónica naranja Aquarius,Isotónico y energético,Botella,1.5,l,2.10,1.400,L
2026-09-26T15:29:09.962639+00:00,svq1,29612,Bebida isotónica limón Aquarius zero azúcar,Isotónico y energético,Botella,1.5,l,1.69,1.127,L
2026-09-26T15:29:09.962639+00:00,svq1,29624,Bebida isotónica naranja Aquarius,Isotónico y energético,Lata,0.33,l,0.99,3.000,L
2026-09-26T15:29:09.962639+00:00,svq1,29625,Bebida isotónica limón Aquarius,Isotónico y energético,Lata,0.33,l,0.99,3.000,L
2026-09-26T15:29:09.962639+00:00,svq1,30006,Pechugas de pollo enteras congeladas,Carne congelada,Paquete,1.2,kg,6.96,5.800,kg
2026-09-26T15:29:09.962639+00:00,svq1,30167,Huevos,Huevos,Paquete,24.0,ud,5.25,2.625,dz
2026-09-26T15:29:09.962639+00:00,svq1,3021,Manzana Granny Smith,Fruta,Pieza,0.17,kg,0.43,2.500,kg
2026-09-26T15:29:09.962639+00:00,svq1,3024,Piña natural a rodajas,Fruta,Bote,0.58,kg,3.80,6.550,kg
2026-09-26T15:29:09.962639+00:00,svq1,3026,Papaya,Fruta,Pieza,0.62,kg,3.26,5.250,kg
2026-09-26T15:29:09.962639+00:00,svq1,3028,Manzana Golden,Fruta,Pieza,0.2,kg,0.48,2.400,kg
2026-09-26T15:29:09.962639+00:00,svq1,3050,Mango,Fruta,Pieza,0.43,kg,1.16,2.700,kg
2026-09-26T15:29:09.962639+00:00,svq1,3076,Piña,Fruta,Pieza,2.05,kg,4.10,2.000,kg
2026-09-26T15:29:09.962639+00:00,svq1,31010,Huevos cocidos,Huevos,Paquete,6.0,ud,2.20,4.400,dc
2026-09-26T15:29:09.962639+00:00,svq1,31011,Huevos de codorniz,Huevos,Paquete,18.0,ud,1.85,1.234,dc
2026-09-26T15:29:09.962639+00:00,svq1,3119,Pera Conferencia,Fruta,Pieza,0.19,kg,0.52,2.750,kg
2026-09-26T15:29:09.962639+00:00,svq1,31309,Claras de huevo líquidas pasteurizadas,Huevos,Botella,0.3,l,1.70,5.667,L
2026-09-26T15:29:09.962639+00:00,svq1,31310,Huevos de gallinas camperas,Huevos,Paquete,6.0,ud,1.95,3.900,dc
2026-09-26T15:29:09.962639+00:00,svq1,31312,Claras de huevo líquidas pasteurizadas,Huevos,Botella,1.0,l,2.85,2.850,L
2026-09-26T15:29:09.962639+00:00,svq1,3132,Plátano macho,Fruta,Pieza,0.28,kg,0.81,2.900,kg
2026-09-26T15:29:09.962639+00:00,svq1,31504,Huevos grandes L,Huevos,Paquete,12.0,ud,3.05,3.050,dc
2026-09-26T15:29:09.962639+00:00,svq1,31505,Huevos medianos M,Huevos,Paquete,12.0,ud,2.85,2.850,dc
2026-09-26T15:29:09.962639+00:00,svq1,31540,Huevos grandes L,Huevos,Paquete,6.0,ud,1.80,3.600,dc
2026-09-26T15:29:09.962639+00:00,svq1,31592,Huevos super grandes XL,Huevos,Paquete,12.0,ud,4.30,4.300,dc
2026-09-26T15:29:09.962639+00:00,svq1,3170,Pera Ercolina,Fruta,Pieza,0.1,kg,0.29,2.900,kg
2026-09-26T15:29:09.962639+00:00,svq1,32045,Preparado en polvo flan Hacendado,Harina y preparado repostería,Caja,0.19,kg,1.40,7.369,kg
2026-09-26T15:29:09.962639+00:00,svq1,3210,Limón,Fruta,Pieza,0.17,kg,0.48,2.850,kg
2026-09-26T15:29:09.962639+00:00,svq1,32227,Fideos de chocolate Hacendado,Chocolate,Paquete,0.1,kg,1.75,17.500,kg
2026-09-26T15:29:09.962639+00:00,svq1,32316,Caramelo líquido Hacendado,Velas y decoración,Bote,0.3,kg,1.75,5.834,kg
2026-09-26T15:29:09.962639+00:00,svq1,32329,Preparado en polvo natillas Hacendado,Harina y preparado repostería,Caja,0.089,kg,1.40,15.731,kg
2026-09-26T15:29:09.962639+00:00,svq1,3235,Naranja de mesa,Fruta,Pieza,0.35,kg,0.88,2.500,kg
2026-09-26T15:29:09.962639+00:00,svq1,32358,Preparado en polvo cuajada azucarada Royal sabor lácteo,Harina y preparado repostería,Caja,0.048,kg,1.45,3.021,100 g
2026-09-26T15:29:09.962639+00:00,svq1,3236,Limones,Fruta,Malla,1.0,kg,2.65,2.650,kg
2026-09-26T15:29:09.962639+00:00,svq1,3238,Mandarina,Fruta,Pieza,0.11,kg,0.29,2.650,kg
2026-09-26T15:29:09.962639+00:00,svq1,32524,Aroma de vainilla Hacendado,Harina y preparado repostería,Bote,0.15,l,2.00,13.334,L
2026-09-26T15:29:09.962639+00:00,svq1,32525,Azúcar vainillado Hacendado,Velas y decoración,Paquete,0.12,kg,1.35,11.250,kg
2026-09-26T15:29:09.962639+00:00,svq1,3269,Manzanas Golden,Fruta,,1.5,kg,3.30,2.200,kg
2026-09-26T15:29:09.962639+00:00,svq1,3277,Naranjas,Fruta,Malla,3.0,kg,5.85,1.950,kg
2026-09-26T15:29:09.962639+00:00,svq1,33022,Ajos aliñados Hacendado,Aceitunas y encurtidos,Tarro,0.345,kg,2.60,11.064,kg
2026-09-26T15:29:09.962639+00:00,svq1,33026,Mix de pepinillos y cebollitas Hacendado,Aceitunas y encurtidos,Tarro,0.67,kg,1.75,4.730,kg
2026-09-26T15:29:09.962639+00:00,svq1,33053,Aceitunas verdes sin hueso Hacendado,Aceitunas y encurtidos,Tarro,0.81,kg,2.80,7.000,kg
2026-09-26T15:29:09.962639+00:00,svq1,33114,Aceitunas verdes sin hueso Hacendado,Aceitunas y encurtidos,,0.525,kg,1.85,8.223,kg
2026-09-26T15:29:09.962639+00:00,svq1,33121,Aceitunas verdes sin hueso aliñadas Hacendado,Aceitunas y encurtidos,Tarro,0.42,kg,1.90,9.500,kg
2026-09-26T15:29:09.962639+00:00,svq1,3313,Uva blanca sin semillas,Fruta,Bandeja,0.6,kg,1.65,2.750,kg
2026-09-26T15:29:09.962639+00:00,svq1,33136,Altramuces Hacendado,Aceitunas y encurtidos,Tarro,0.69,kg,1.75,3.978,kg
2026-09-26T15:29:09.962639+00:00,svq1,33141,Cebollitas Hacendado,Aceitunas y encurtidos,Tarro,0.35,kg,1.65,8.685,kg
2026-09-26T15:29:09.962639+00:00,svq1,33168,Aceitunas verdes Chupadedos Huerta de Barros partidas aliñadas,Aceitunas y encurtidos,Tarro,0.98,kg,3.30,5.500,kg
2026-09-26T15:29:09.962639+00:00,svq1,33178,Aceitunas verdes rellenas de jalapeño Hacendado,Aceitunas y encurtidos,Bote,0.35,kg,1.75,11.667,kg
2026-09-26T15:29:09.962639+00:00,svq1,33189,Jalapeños picantes en vinagre Hacendado,Aceitunas y encurtidos,Tarro,0.135,kg,1.65,27.500,kg
2026-09-26T15:29:09.962639+00:00,svq1,33190,Alcaparras Hacendado,Aceitunas y encurtidos,Tarro,0.135,kg,1.35,16.875,kg
2026-09-26T15:29:09.962639+00:00,svq1,33205,Aceitunas verdes con hueso Hacendado,Aceitunas y encurtidos,Tarro,0.43,kg,1.40,5.600,kg
2026-09-26T15:29:09.962639+00:00,svq1,3321,Uva roja sin semillas,Fruta,Bandeja,0.6,kg,2.25,3.750,kg
2026-09-26T15:29:09.962639+00:00,svq1,33235,Banderillas picantes Hacendado,Aceitunas y encurtidos,Tarro,0.345,kg,1.70,10.625,kg
2026-09-26T15:29:09.962639+00:00,svq1,33357,Solución única para lentes de contacto blandas Deliplus con ácido hialurónico,Parafarmacia,Bote,0.36,l,4.00,1.112,100 ml
2026-09-26T15:29:09.962639+00:00,svq1,33436,Cortezas de cerdo fritas sabor barbacoa Hacendado,Patatas fritas y snacks,Paquete,0.1,kg,1.40,14.000,kg
2026-09-26T15:29:09.962639+00:00,svq1,33440,Piña deshidratada Hacendado,Frutos secos y fruta desecada,Paquete,0.05,kg,1.60,32.000,kg
2026-09-26T15:29:09.962639+00:00,svq1,33555,Aperitivo de patata sabor original Pringles,Patatas fritas y snacks,Bote,0.165,kg,2.00,12.122,kg
2026-09-26T15:29:09.962639+00:00,svq1,33556,Aperitivo de patata sabor crema agria y cebolla Pringles,Patatas fritas y snacks,Bote,0.165,kg,2.00,12.122,kg
2026-09-26T15:29:09.962639+00:00,svq1,33581,Cuquis Hacendado,Patatas fritas y snacks,Paquete,0.08,kg,0.75,9.375,kg
2026-09-26T15:29:09.962639+00:00,svq1,3362,Zumo de naranja recién exprimido Hacendado,Naranja,Botella,1.0,l,5.95,5.950,L
2026-09-26T15:29:09.962639+00:00,svq1,33624,Patatas fritas paja Hacendado,Patatas fritas y snacks,Paquete,0.2,kg,1.50,7.500,kg
2026-09-26T15:29:09.962639+00:00,svq1,3363,Zumo de naranja recién exprimido Hacendado,Naranja,Botella,0.5,l,3.95,7.900,L
2026-09-26T15:29:09.962639+00:00,svq1,33633,Trigo snack sabor ahumado Hacendado,Patatas fritas y snacks,Paquete,0.08,kg,0.85,10.625,kg
2026-09-26T15:29:09.962639+00:00,svq1,33639,Tiras de maíz frito sabor barbacoa Hacendado,Patatas fritas y snacks,Paquete,0.15,kg,0.80,5.334,kg
2026-09-26T15:29:09.962639+00:00,svq1,33640,Nachos Hacendado,Patatas fritas y snacks,Paquete,0.15,kg,0.90,6.000,kg
2026-09-26T15:29:09.962639+00:00,svq1,33641,Nachos tex-mex sabor queso Hacendado,Patatas fritas y snacks,Paquete,0.15,kg,0.95,6.334,kg
2026-09-26T15:29:09.962639+00:00,svq1,33642,Cuquitos sabor queso Hacendado,Patatas fritas y snacks,Paquete,0.1,kg,0.85,8.500,kg
2026-09-26T15:29:09.962639+00:00,svq1,3390,Callos de cerdo Moreno Plaza,Platos preparados calientes,Paquete,0.5,kg,3.40,6.800,kg
2026-09-26T15:29:09.962639+00:00,svq1,3391,Tocino de cerdo ibérico con secreto salado,Arreglos,Bandeja,0.32,kg,2.40,7.500,kg
2026-09-26T15:29:09.962639+00:00,svq1,3395,Filetes lomo de cerdo familiar,Cerdo,Bandeja,1.0,kg,6.30,6.300,kg
2026-09-26T15:29:09.962639+00:00,svq1,3400,Filetes pechuga de pollo corte fino,Aves y pollo,Bandeja,0.57,kg,4.39,7.700,kg
2026-09-26T15:29:09.962639+00:00,svq1,34009,Almendra frita y salada Hacendado pelada,Frutos secos y fruta desecada,Paquete,0.2,kg,2.95,14.750,kg
2026-09-26T15:29:09.962639+00:00,svq1,34014,Almendra tostada Hacendado 0% sal añadida con piel,Frutos secos y fruta desecada,Paquete,0.2,kg,2.95,14.750,kg
2026-09-26T15:29:09.962639+00:00,svq1,34016,Cacahuete tostado con sal Hacendado,Frutos secos y fruta desecada,Paquete,0.4,kg,1.65,4.125,kg
2026-09-26T15:29:09.962639+00:00,svq1,34024,Nuez natural Hacendado pelada,Frutos secos y fruta desecada,Paquete,0.2,kg,2.50,12.500,kg
2026-09-26T15:29:09.962639+00:00,svq1,34025,Avellana tostada Hacendado 0% sal añadida,Frutos secos y fruta desecada,Paquete,0.2,kg,4.30,21.500,kg
2026-09-26T15:29:09.962639+00:00,svq1,34027,Anacardo frito salado Hacendado,Frutos secos y fruta desecada,Paquete,0.2,kg,2.80,14.000,kg
2026-09-26T15:29:09.962639+00:00,svq1,34031,Cacahuete tostado Hacendado 0% sal añadida,Frutos secos y fruta desecada,Paquete,0.4,kg,1.55,3.875,kg
2026-09-26T15:29:09.962639+00:00,svq1,34035,Coco rallado Hacendado,Velas y decoración,Paquete,0.125,kg,1.30,10.400,kg
2026-09-26T15:29:09.962639+00:00,svq1,34043,Pipas girasol barbacoa Hacendado,Frutos secos y fruta desecada,Paquete,0.2,kg,1.35,6.750,kg
2026-09-26T15:29:09.962639+00:00,svq1,34047,"Cocktail frutos secos Crunchy Hacendado sabores a barbacoa, Tex-Mex, miel y sal",Frutos secos y fruta desecada,Paquete,0.2,kg,1.60,8.000,kg
2026-09-26T15:29:09.962639+00:00,svq1,34078,Pipas girasol tostadas Hacendado gigante aguasal,Frutos secos y fruta desecada,Paquete,0.2,kg,1.10,5.500,kg
2026-09-26T15:29:09.962639+00:00,svq1,34079,Pipas girasol tostadas Hacendado gigante con sal,Frutos secos y fruta desecada,Paquete,0.2,kg,1.10,5.500,kg
2026-09-26T15:29:09.962639+00:00,svq1,34095,Pipas calabaza tostadas Hacendado aguasal,Frutos secos y fruta desecada,Paquete,0.125,kg,1.55,12.400,kg
2026-09-26T15:29:09.962639+00:00,svq1,34102,Pimentón dulce de la Vera Hacendado,Especias,Bote,0.075,kg,1.85,24.667,kg
2026-09-26T15:29:09.962639+00:00,svq1,34113,Ñoras Hacendado,Especias,Paquete,0.025,kg,1.56,6.240,100 g
2026-09-26T15:29:09.962639+00:00,svq1,34116,Azafrán molido Hacendado,Especias,Paquete,0.0004,kg,1.90,475.000,100 g
2026-09-26T15:29:09.962639+00:00,svq1,34120,Comino molido Hacendado,Especias,Bote,0.058,kg,1.15,19.828,kg
2026-09-26T15:29:09.962639+00:00,svq1,34121,Comino en grano Hacendado,Especias,Bote,0.056,kg,1.95,34.822,kg
2026-09-26T15:29:09.962639+00:00,svq1,34122,Clavo en grano Hacendado,Especias,Bote,0.042,kg,1.75,4.167,100 g
2026-09-26T15:29:09.962639+00:00,svq1,34125,Curry Hacendado,Especias,Bote,0.057,kg,1.10,19.299,kg
2026-09-26T15:29:09.962639+00:00,svq1,34128,Albahaca Hacendado,Especias,Bote,0.02,kg,1.25,6.250,100 g
2026-09-26T15:29:09.962639+00:00,svq1,34130,Sal de ajo Hacendado,"Aceite, vinagre y sal",Bote,0.13,kg,1.80,13.847,kg
2026-09-26T15:29:09.962639+00:00,svq1,34131,Hierbas provenzales Hacendado,Especias,Bote,0.025,kg,1.20,4.800,100 g
2026-09-26T15:29:09.962639+00:00,svq1,34138,Cebolla en polvo Hacendado,Especias,Bote,0.06,kg,0.94,15.667,kg
2026-09-26T15:29:09.962639+00:00,svq1,34143,Cacahuete frito con miel Hacendado,Frutos secos y fruta desecada,Paquete,0.2,kg,1.65,8.250,kg
2026-09-26T15:29:09.962639+00:00,svq1,34145,Pipas de girasol fritas Hacendado peladas,Frutos secos y fruta desecada,Paquete,0.2,kg,1.10,5.500,kg
2026-09-26T15:29:09.962639+00:00,svq1,34149,Jengibre molido Hacendado,Especias,Bote,0.049,kg,1.60,3.266,100 g
2026-09-26T15:29:09.962639+00:00,svq1,34157,Carne de pimiento choricero Hacendado,Otras salsas,Tarro,0.14,kg,1.60,11.429,kg
2026-09-26T15:29:09.962639+00:00,svq1,34163,Cúrcuma molida Hacendado,Especias,Bote,0.06,kg,1.30,21.667,kg
2026-09-26T15:29:09.962639+00:00,svq1,34170,Pimienta blanca molida Hacendado,Especias,Bote,0.07,kg,2.30,32.858,kg
2026-09-26T15:29:09.962639+00:00,svq1,34171,Pimienta negra molida Hacendado,Especias,Bote,0.07,kg,1.30,18.572,kg
2026-09-26T15:29:09.962639+00:00,svq1,34172,Pimienta negra en grano Hacendado,Especias,Bote,0.07,kg,1.70,24.286,kg
2026-09-26T15:29:09.962639+00:00,svq1,34173,Nuez moscada molida Hacendado,Especias,Bote,0.058,kg,1.65,28.449,kg
2026-09-26T15:29:09.962639+00:00,svq1,34177,Canela molida Hacendado,Especias,Bote,0.052,kg,1.00,19.231,kg
2026-09-26T15:29:09.962639+00:00,svq1,34182,Colorante alimentario Hacendado,Especias,Bote,0.085,kg,0.95,11.177,kg
2026-09-26T15:29:09.962639+00:00,svq1,34183,Pimentón picante Hacendado,Especias,Bote,0.06,kg,1.35,22.500,kg
2026-09-26T15:29:09.962639+00:00,svq1,34188,Pipas de calabaza natural Hacendado peladas,Frutos secos y fruta desecada,Paquete,0.15,kg,1.70,11.334,kg
2026-09-26T15:29:09.962639+00:00,svq1,34193,Pipas girasol naturales Hacendado peladas,Frutos secos y fruta desecada,Paquete,0.2,kg,1.15,5.750,kg
2026-09-26T15:29:09.962639+00:00,svq1,34194,Castañas cocidas y peladas Hacendado,Frutos secos y fruta desecada,Paquete,0.1,kg,1.30,13.000,kg
2026-09-26T15:29:09.962639+00:00,svq1,34208,Cebolla frita crujiente Hacendado,Especias,Bote,0.15,kg,1.15,7.667,kg
2026-09-26T15:29:09.962639+00:00,svq1,34212,Palomitas de maíz sabor mantequilla Hacendado para microondas,Frutos secos y fruta desecada,Paquete,0.27,kg,1.20,4.445,kg
2026-09-26T15:29:09.962639+00:00,svq1,3422,Melocotones amarillos,Fruta,,0.75,kg,2.18,2.900,kg
2026-09-26T15:29:09.962639+00:00,svq1,34231,Cocktail frutos secos mezcla Hacendado,Frutos secos y fruta desecada,Paquete,0.3,kg,1.60,5.334,kg
2026-09-26T15:29:09.962639+00:00,svq1,34236,Nuez de Brasil natural Hacendado,Frutos secos y fruta desecada,Paquete,0.2,kg,3.50,17.500,kg
2026-09-26T15:29:09.962639+00:00,svq1,34262,Pistacho natural Hacendado pelado,Frutos secos y fruta desecada,Paquete,0.1,kg,2.95,29.500,kg
2026-09-26T15:29:09.962639+00:00,svq1,3427,Nectarina pulpa amarilla,Fruta,Pieza,0.19,kg,0.52,2.750,kg
2026-09-26T15:29:09.962639+00:00,svq1,3433,Melocotón amarillo,Fruta,Pieza,0.19,kg,0.63,3.300,kg
2026-09-26T15:29:09.962639+00:00,svq1,3453,Preparado de carne picada vacuno y cerdo,Hamburguesas y picadas,Bandeja,1.0,kg,8.00,8.000,kg
2026-09-26T15:29:09.962639+00:00,svq1,3454,Preparado de carne picada vacuno,Hamburguesas y picadas,Bandeja,1.0,kg,10.80,10.800,kg
2026-09-26T15:29:09.962639+00:00,svq1,3456,Pinchos de pollo sin varilla adobados,Aves y pollo,Bandeja,0.5,kg,4.30,8.600,kg
2026-09-26T15:29:09.962639+00:00,svq1,3460,Entrecot de vacuno añojo grueso para barbacoa o plancha,Vacuno,Bandeja,0.38,kg,9.99,26.300,kg
2026-09-26T15:29:09.962639+00:00,svq1,34605,Arándanos deshidratados Hacendado,Frutos secos y fruta desecada,Paquete,0.2,kg,2.10,10.500,kg
2026-09-26T15:29:09.962639+00:00,svq1,34606,Nuez natural Hacendado,Frutos secos y fruta desecada,Paquete,0.6,kg,3.70,6.167,kg
2026-09-26T15:29:09.962639+00:00,svq1,3461,Entrecot de vacuno añojo fino para barbacoa o plancha,Vacuno,Bandeja,0.5,kg,13.15,26.300,kg
2026-09-26T15:29:09.962639+00:00,svq1,34702,Sazonador para paella con azafrán Hacendado,Especias,Caja,0.02,kg,1.55,7.750,100 g
2026-09-26T15:29:09.962639+00:00,svq1,34721,Cilantro Hacendado,Especias,Bote,0.012,kg,1.85,15.417,100 g
2026-09-26T15:29:09.962639+00:00,svq1,34811,Palomitas caramelo Hacendado,Patatas fritas y snacks,Paquete,0.12,kg,1.50,12.500,kg
2026-09-26T15:29:09.962639+00:00,svq1,34820,Cacahuete frito con sal Hacendado pelado,Frutos secos y fruta desecada,Paquete,0.25,kg,0.90,3.600,kg
2026-09-26T15:29:09.962639+00:00,svq1,34821,Maíz frito crujiente y tierno Hacendado,Frutos secos y fruta desecada,Paquete,0.17,kg,1.00,5.883,kg
2026-09-26T15:29:09.962639+00:00,svq1,34822,Palomitas de maíz con sal Hacendado para microondas,Frutos secos y fruta desecada,Paquete,0.27,kg,1.10,4.075,kg
2026-09-26T15:29:09.962639+00:00,svq1,34865,Almendra natural Hacendado,Frutos secos y fruta desecada,Paquete,0.2,kg,2.30,11.500,kg
2026-09-26T15:29:09.962639+00:00,svq1,34868,Cacahuete frito y salado Hacendado con piel,Frutos secos y fruta desecada,Paquete,0.25,kg,1.30,5.200,kg
2026-09-26T15:29:09.962639+00:00,svq1,34924,Cocktail de fruta deshidratada Hacendado,Frutos secos y fruta desecada,Paquete,0.2,kg,1.90,9.500,kg
2026-09-26T15:29:09.962639+00:00,svq1,34962,Semillas lino dorado Hacendado,Frutos secos y fruta desecada,Paquete,0.15,kg,1.19,7.934,kg
2026-09-26T15:29:09.962639+00:00,svq1,34963,Mezcla semillas Hacendado,Frutos secos y fruta desecada,Paquete,0.2,kg,1.46,7.300,kg
2026-09-26T15:29:09.962639+00:00,svq1,34964,Semillas sésamo tostado Hacendado,Frutos secos y fruta desecada,Paquete,0.15,kg,1.50,10.000,kg
2026-09-26T15:29:09.962639+00:00,svq1,34997,Nuez Pecana natural Hacendado pelada,Frutos secos y fruta desecada,Paquete,0.2,kg,3.90,19.500,kg
2026-09-26T15:29:09.962639+00:00,svq1,3506,Melón piel de sapo,Fruta,Pieza,4.47,kg,4.02,0.900,kg
2026-09-26T15:29:09.962639+00:00,svq1,35100,Crema de manos reparadora Deliplus,Cuidado corporal,Bote,0.075,l,1.20,1.600,100 ml
2026-09-26T15:29:09.962639+00:00,svq1,3515,Medio melón piel de sapo,Fruta,1/2 Pieza,2.39,kg,3.23,1.350,kg
2026-09-26T15:29:09.962639+00:00,svq1,35183,Salsa fresca Carbonara Hacendado,Otras salsas,Tarrina,0.2,kg,1.45,7.250,kg
2026-09-26T15:29:09.962639+00:00,svq1,35186,Salsa fresca Pesto con albahaca Hacendado,Otras salsas,Tarrina,0.15,kg,1.90,12.667,kg
2026-09-26T15:29:09.962639+00:00,svq1,35216,Eau de parfum hombre My Soul Enchanted,Perfume y colonia,Frasco,0.1,l,9.50,9.500,100 ml
2026-09-26T15:29:09.962639+00:00,svq1,35221,Pimiento rojo y verde Hacendado ultracongelado,Fruta y verdura,Paquete,0.45,kg,1.20,2.667,kg
2026-09-26T15:29:09.962639+00:00,svq1,35243,Pañal adulto talla M Deliplus,Higiene íntima,Paquete,1.0,ud,13.55,0.678,ud
2026-09-26T15:29:09.962639+00:00,svq1,35245,Pañal adulto talla L Deliplus,Higiene íntima,Paquete,1.0,ud,14.80,0.740,ud
2026-09-26T15:29:09.962639+00:00,svq1,35266,Gelatina selección de aves gato adulto Quartett,Gato,Paquete,0.34,kg,1.85,5.442,kg
2026-09-26T15:29:09.962639+00:00,svq1,35267,Gelatina selección de pescado gato adulto Quartett,Gato,Paquete,0.34,kg,1.85,5.442,kg
2026-09-26T15:29:09.962639+00:00,svq1,3527,Calabaza cacahuete cortada a trozos,Verdura,Bandeja,0.52,kg,1.82,3.500,kg
2026-09-26T15:29:09.962639+00:00,svq1,35286,Costilla de cerdo churrasco,Cerdo,Pieza,0.9,kg,5.13,5.700,kg
2026-09-26T15:29:09.962639+00:00,svq1,35287,Tratamiento para uñas endurecedor Deliplus,Manicura y pedicura,,0.01,l,3.50,3.500,ud
2026-09-26T15:29:09.962639+00:00,svq1,35289,Tratamiento para uñas y cutículas Sérum SOS Deliplus,Manicura y pedicura,,0.01,l,3.50,3.500,ud
2026-09-26T15:29:09.962639+00:00,svq1,35304,Gel de baño exfoliante Té Chai Deliplus piel normal,Gel y jabón de manos,Botella,0.5,l,2.60,0.520,100 ml
2026-09-26T15:29:09.962639+00:00,svq1,35306,Gel de baño hidratante Natural Honey,Gel y jabón de manos,Botella,0.9,l,2.95,0.328,100 ml
2026-09-26T15:29:09.962639+00:00,svq1,35342,Maquinillas de afeitar desechables Deliplus Active 2 hojas,Afeitado y cuidado para hombre,Paquete,1.0,ud,1.40,0.140,ud
2026-09-26T15:29:09.962639+00:00,svq1,35343,Salsa de tomate Zero sin azúcares añadidos Hacendado,"Mayonesa, ketchup y mostaza",Bote,0.6,kg,1.60,2.667,kg
2026-09-26T15:29:09.962639+00:00,svq1,35344,Salsa de Queso Hacendado,Otras salsas,Tarro,0.28,l,1.65,5.893,L
2026-09-26T15:29:09.962639+00:00,svq1,35345,Perfilador de ojos Waterproof Deliplus 06 marrón,Ojos,,1.0,ud,2.50,2.500,ud
2026-09-26T15:29:09.962639+00:00,svq1,35346,Perfilador de ojos Waterproof Deliplus 07 verde turquesa,Ojos,,1.0,ud,2.50,2.500,ud
2026-09-26T15:29:09.962639+00:00,svq1,35347,Perfilador de ojos Waterproof Deliplus 09 azul metalizado,Ojos,,1.0,ud,2.50,2.500,ud
2026-09-26T15:29:09.962639+00:00,svq1,35356,Toallitas bebé Aqua Deliplus,Toallitas y pañales,Paquete,60.0,ud,1.50,0.025,ud
2026-09-26T15:29:09.962639+00:00,svq1,35359,Perfilador de ojos Waterproof Deliplus 12 verde oliva,Ojos,,1.0,ud,2.50,2.500,ud
2026-09-26T15:29:09.962639+00:00,svq1,35360,Perfilador de ojos Waterproof Deliplus 13 gris,Ojos,,1.0,ud,2.50,2.500,ud
2026-09-26T15:29:09.962639+00:00,svq1,35362,Desodorante aloe Deliplus antitranspirante,Desodorante,Spray,0.2,l,1.65,0.825,100 ml
2026-09-26T15:29:09.962639+00:00,svq1,35363,Desodorante aloe Deliplus antitranspirante,Desodorante,Spray,0.075,l,1.45,1.934,100 ml
2026-09-26T15:29:09.962639+00:00,svq1,35377,Brillo de labios Volumizer gloss Deliplus 01 transparente,Labios,,0.004,l,5.00,5.000,ud
2026-09-26T15:29:09.962639+00:00,svq1,35379,Brillo de labios Volumizer gloss Deliplus 03 nude rosa,Labios,,0.004,l,5.00,5.000,ud
2026-09-26T15:29:09.962639+00:00,svq1,35381,Brillo de labios Volumizer gloss Deliplus 05 rosa,Labios,,0.004,l,5.00,5.000,ud
2026-09-26T15:29:09.962639+00:00,svq1,35382,Brillo de labios Volumizer gloss Deliplus 06 morado,Labios,,0.004,l,5.00,5.000,ud
2026-09-26T15:29:09.962639+00:00,svq1,35383,Brillo de labios Volumizer gloss Deliplus 07 transparente con destellos,Labios,,0.004,l,5.00,5.000,ud
2026-09-26T15:29:09.962639+00:00,svq1,35390,Pañales bebé talla 4 Dodot de 9-14 kg,Toallitas y pañales,Paquete,58.0,ud,18.95,0.327,ud
2026-09-26T15:29:09.962639+00:00,svq1,35391,Pañales bebé talla 5 Dodot de 11-16 kg,Toallitas y pañales,Paquete,54.0,ud,18.95,0.351,ud
2026-09-26T15:29:09.962639+00:00,svq1,35397,Champú anticaspa Citric Ultrex cabello graso,Champú,Bote,0.36,l,2.00,0.556,100 ml
2026-09-26T15:29:09.962639+00:00,svq1,35398,Champú anticaspa Menthol Ultrex todo tipo de cabello,Champú,Bote,0.36,l,2.00,0.556,100 ml
2026-09-26T15:29:09.962639+00:00,svq1,35399,Champú y acondicionador anticaspa Classic 2 en 1 Ultrex todo tipo de cabello,Champú,Bote,0.36,l,2.00,0.556,100 ml
2026-09-26T15:29:09.962639+00:00,svq1,35402,Tijera uñas Deliplus,Manicura y pedicura,Paquete,1.0,ud,4.20,4.200,ud
2026-09-26T15:29:09.962639+00:00,svq1,35404,Espárragos blancos gruesos Hacendado cortos,Conservas de verdura y frutas,Tarro,0.345,kg,3.40,16.586,kg
2026-09-26T15:29:09.962639+00:00,svq1,35405,Gel para depilar con cuchilla Deliplus piel sensible,Depilación,Bote,0.2,l,2.60,1.300,100 ml
2026-09-26T15:29:09.962639+00:00,svq1,35406,Cepillo dental Infantil Deliplus,Higiene bucal,Paquete,1.0,ud,0.90,0.900,ud
2026-09-26T15:29:09.962639+00:00,svq1,35407,Perfilador de labios Deliplus 08 rojo,Labios,,1.0,ud,2.50,2.500,ud
2026-09-26T15:29:09.962639+00:00,svq1,35412,Salsa curry Tikka Masala Hacendado picante,Otras salsas,Paquete,0.18,kg,2.00,11.112,kg
2026-09-26T15:29:09.962639+00:00,svq1,35419,Champú protección y brillo Deliplus todo tipo de cabello,Champú,Botella,1.0,l,1.35,0.135,100 ml
2026-09-26T15:29:09.962639+00:00,svq1,35420,Acondicionador Suavidad y Brillo Deliplus todo tipo de cabello,Acondicionador y mascarilla,Botella,1.0,l,1.50,0.150,100 ml
2026-09-26T15:29:09.962639+00:00,svq1,35438,Salsa Pesto con albahaca Hacendado,Otras salsas,Tarro,0.19,kg,1.95,10.264,kg
2026-09-26T15:29:09.962639+00:00,svq1,35457,Vela perfumada Fruta Tropical Bosque Verde,Insecticida y ambientador,Caja,1.0,ud,1.85,0.103,ud
2026-09-26T15:29:09.962639+00:00,svq1,35466,Postre de soja sabor chocolate Hacendado,Postres de soja,,0.4,kg,1.55,3.875,kg
2026-09-26T15:29:09.962639+00:00,svq1,3547,Burger de vacuno gruesas,Hamburguesas y picadas,Bandeja,0.36,kg,5.40,15.000,kg
2026-09-26T15:29:09.962639+00:00,svq1,35504,Sal lavavajillas Bosque Verde en grano,Limpieza vajilla,Paquete,2.0,kg,0.95,0.475,kg
2026-09-26T15:29:09.962639+00:00,svq1,35516,Agua de colonia bebé Nenuco,Higiene y cuidado,Botella,0.5,l,2.85,0.570,100 ml
2026-09-26T15:29:09.962639+00:00,svq1,35530,Insecticida moscas y mosquitos Bosque Verde sin perfume,Insecticida y ambientador,Spray,0.75,l,2.35,3.134,L
2026-09-26T15:29:09.962639+00:00,svq1,35534,Mini helado sándwich choco cream Hacendado,Helados,Caja,0.51,l,3.00,5.883,L
2026-09-26T15:29:09.962639+00:00,svq1,35538,Laca de uñas base brillo Deliplus 67,Manicura y pedicura,,0.011,l,2.50,2.500,ud
2026-09-26T15:29:09.962639+00:00,svq1,35539,Perfilador de labios Long Lasting Deliplus 01 rosa nude,Labios,,1.0,ud,2.50,2.500,ud
2026-09-26T15:29:09.962639+00:00,svq1,3554,Pieza cabeza lomo de cerdo,Cerdo,Pieza,1.09,kg,5.34,4.900,kg
2026-09-26T15:29:09.962639+00:00,svq1,35541,Arroz negro Hacendado ultracongelado,Arroz y pasta,Paquete,0.6,kg,3.10,5.167,kg
2026-09-26T15:29:09.962639+00:00,svq1,35550,Vela citronela antimosquitos y moscas Bosque Verde,Insecticida y ambientador,Vaso,1.0,ud,2.00,2.000,ud
2026-09-26T15:29:09.962639+00:00,svq1,35575,Lavavajillas Bosque Verde en gel,Limpieza vajilla,Botella,0.72,l,3.65,0.102,lv
2026-09-26T15:29:09.962639+00:00,svq1,35588,Colágeno soluble sabor limón Colagen,Fitoterapia,Bote,0.25,kg,5.30,2.120,100 g
2026-09-26T15:29:09.962639+00:00,svq1,35590,Fabada Hacendado,Platos preparados calientes,Bote,0.42,kg,1.45,3.453,kg
2026-09-26T15:29:09.962639+00:00,svq1,35593,Piedra pómez Deliplus,Manicura y pedicura,Paquete,1.0,ud,2.90,2.900,ud
2026-09-26T15:29:09.962639+00:00,svq1,35595,Polvos de talco Deliplus,Higiene y cuidado,Bote,0.2,kg,1.80,9.000,kg
2026-09-26T15:29:09.962639+00:00,svq1,35601,Papilla 8 cereales con miel Nestlé +6 meses,Alimentación infantil,Caja,0.725,kg,4.95,6.828,kg
2026-09-26T15:29:09.962639+00:00,svq1,35602,Papilla 8 cereales con galleta María Nestlé +6 meses,Alimentación infantil,Caja,0.725,kg,4.95,6.828,kg
2026-09-26T15:29:09.962639+00:00,svq1,35608,Pintalabios Fluido Mate Deliplus 11 rosa medio,Labios,,0.0055,l,4.50,4.500,ud
2026-09-26T15:29:09.962639+00:00,svq1,35610,Espuma de afeitar piel sensible Gillette con aloe vera,Afeitado y cuidado para hombre,Bote,0.25,l,2.15,0.860,100 ml
2026-09-26T15:29:09.962639+00:00,svq1,35611,Gel de afeitar piel sensible Gillette con aloe vera,Afeitado y cuidado para hombre,Bote,0.2,l,2.60,1.300,100 ml
2026-09-26T15:29:09.962639+00:00,svq1,35612,Champú Repara & Protege Pantene cabello débil y dañado,Champú,Bote,0.3,l,3.00,1.000,100 ml
2026-09-26T15:29:09.962639+00:00,svq1,35613,Mascarilla Repara & Protege Pantene cabello dañado y seco,Acondicionador y mascarilla,Tarro,0.2,l,2.50,1.250,100 ml
2026-09-26T15:29:09.962639+00:00,svq1,35614,Ampollas tratamiento intensivo Repara & Protege Pantene cabello dañado,Acondicionador y mascarilla,Caja,0.045,l,3.75,1.250,ud
2026-09-26T15:29:09.962639+00:00,svq1,35615,Acondicionador Repara & Protege Pantene,Acondicionador y mascarilla,Bote,0.25,l,3.40,1.360,100 ml
2026-09-26T15:29:09.962639+00:00,svq1,35618,Pasta estrellas sin gluten Felicia,Pasta y fideos,Paquete,0.5,kg,2.05,4.100,kg
2026-09-26T15:29:09.962639+00:00,svq1,35620,Comprimidos efervescentes vitamina C y zinc Deliplus sabor limón,Fitoterapia,Tubo,0.08,kg,1.95,2.438,100 g
2026-09-26T15:29:09.962639+00:00,svq1,35627,Vaso mediano Bosque Verde apto para bebida caliente,Menaje y conservación de alimentos,Paquete,10.0,ud,2.35,0.235,ud
2026-09-26T15:29:09.962639+00:00,svq1,35639,Cera cabello Brillo Deliplus fijación 4,Fijación cabello,Bote,0.1,l,3.05,3.050,100 ml
2026-09-26T15:29:09.962639+00:00,svq1,35643,Pasta fusilli sin gluten Felicia,Pasta y fideos,Paquete,0.5,kg,2.05,4.100,kg
2026-09-26T15:29:09.962639+00:00,svq1,35649,Azúcar glas Hacendado,Azúcar y edulcorante,Bote,0.5,kg,2.60,5.200,kg
2026-09-26T15:29:09.962639+00:00,svq1,35652,Pasta fresca girasoles rellena de queso de cabra y cebolla caramelizada Hacendado,Pasta y fideos,Bandeja,0.25,kg,1.95,7.800,kg
2026-09-26T15:29:09.962639+00:00,svq1,35653,Pisto de verduras Hacendado ultracongelado,Fruta y verdura,Paquete,0.45,kg,2.10,4.667,kg
2026-09-26T15:29:09.962639+00:00,svq1,35654,Dentífrico reparación activa de encías Parodontax menta fresca,Higiene bucal,Tubo,0.075,l,4.95,6.600,100 ml
2026-09-26T15:29:09.962639+00:00,svq1,35660,Espuma cabello Ondas Curly Deliplus fijación 3,Fijación cabello,Bote,0.3,l,1.85,0.617,100 ml
2026-09-26T15:29:09.962639+00:00,svq1,35662,Crema de setas Starlux con champiñones,Gazpacho y cremas,Brik,0.5,l,1.70,3.400,L
2026-09-26T15:29:09.962639+00:00,svq1,35668,Gel de baño nutritivo Lactovit piel normal y seca,Gel y jabón de manos,Botella,0.75,l,2.95,0.394,100 ml
2026-09-26T15:29:09.962639+00:00,svq1,35670,Spaghetti sin gluten Felicia,Pasta y fideos,Paquete,0.5,kg,2.05,4.100,kg
2026-09-26T15:29:09.962639+00:00,svq1,35677,Compresa de incontinencia normal Deliplus sin alas,Higiene íntima,Paquete,24.0,ud,3.35,0.140,ud
2026-09-26T15:29:09.962639+00:00,svq1,35678,Compresa de incontinencia extra Deliplus sin alas,Higiene íntima,Paquete,20.0,ud,3.35,0.168,ud
2026-09-26T15:29:09.962639+00:00,svq1,35679,Compresa de incontinencia maxi Deliplus sin alas,Higiene íntima,Paquete,12.0,ud,3.35,0.280,ud
2026-09-26T15:29:09.962639+00:00,svq1,35681,Fideos orientales sabor pollo Hacendado,Platos preparados calientes,Paquete,0.065,kg,0.55,8.462,kg
2026-09-26T15:29:09.962639+00:00,svq1,35683,"Gelatina 0% azúcar sabores fresa, mandarina y limón Hacendado",Gelatina y otros postres,Pack-6,0.6,kg,1.00,1.667,kg
2026-09-26T15:29:09.962639+00:00,svq1,35703,Cepillos interdentales Micro Deliplus,Higiene bucal,Paquete,1.0,ud,1.50,0.250,ud
2026-09-26T15:29:09.962639+00:00,svq1,35707,Cereales copos de trigo integral y arroz Special K Classic,Cereales,Caja,0.45,kg,3.25,7.223,kg
2026-09-26T15:29:09.962639+00:00,svq1,35710,Vino tinto crianza Comportillo DO Rioja,Vino tinto,Botella,0.75,l,2.90,3.867,L
2026-09-26T15:29:09.962639+00:00,svq1,35711,Pan de molde sin gluten blanco Hacendado,Pan de molde y otras especialidades,Paquete,0.5,kg,2.74,5.480,kg
2026-09-26T15:29:09.962639+00:00,svq1,35714,Cepillos interdentales Extrafinos cónicos Deliplus,Higiene bucal,Paquete,1.0,ud,1.50,0.250,ud
2026-09-26T15:29:09.962639+00:00,svq1,35727,Té negro con canela Hacendado,Té e infusiones,Caja,0.03,kg,1.40,4.667,100 g
2026-09-26T15:29:09.962639+00:00,svq1,35730,Vino tinto tempranillo crianza Señorío de los Llanos DO Valdepeñas,Vino tinto,Botella,0.75,l,2.00,2.667,L
2026-09-26T15:29:09.962639+00:00,svq1,35733,Cepillos interdentales Finos cónicos Deliplus,Higiene bucal,Paquete,1.0,ud,1.50,0.250,ud
2026-09-26T15:29:09.962639+00:00,svq1,35734,Tiras adhesivas protectoras de espuma acolchado Deliplus protección extra,Parafarmacia,Caja,1.0,ud,1.30,1.300,ud
2026-09-26T15:29:09.962639+00:00,svq1,35735,Apósitos hidrocoloides adhesivos para ampollas y rozaduras Deliplus surtidos,Parafarmacia,Caja,1.0,ud,4.30,0.717,ud
2026-09-26T15:29:09.962639+00:00,svq1,35763,Mascarilla cabello negro Color Mask,Coloración cabello,Caja,0.06,l,2.00,2.000,ud
2026-09-26T15:29:09.962639+00:00,svq1,35767,Lasaña boloñesa familiar Hacendado ultracongelada,Arroz y pasta,Bandeja,1.1,kg,5.20,4.728,kg
2026-09-26T15:29:09.962639+00:00,svq1,35768,Mascarilla cabello violín Color Mask,Coloración cabello,Caja,0.06,l,2.00,2.000,ud
2026-09-26T15:29:09.962639+00:00,svq1,35769,Mascarilla cabello chocolate Color Mask,Coloración cabello,Caja,0.06,l,2.00,2.000,ud
2026-09-26T15:29:09.962639+00:00,svq1,35770,Mascarilla cabello rojo Color Mask,Coloración cabello,Caja,0.06,l,2.00,2.000,ud
2026-09-26T15:29:09.962639+00:00,svq1,35771,Mascarilla cabello cobre Color Mask,Coloración cabello,Caja,1.0,ud,2.00,2.000,ud
2026-09-26T15:29:09.962639+00:00,svq1,35772,Mascarilla cabello rubio miel Color Mask,Coloración cabello,Caja,0.06,l,2.00,2.000,ud
2026-09-26T15:29:09.962639+00:00,svq1,35773,Migas de coliflor Hacendado ultracongeladas,Fruta y verdura,Paquete,0.45,kg,1.55,3.445,kg
2026-09-26T15:29:09.962639+00:00,svq1,35774,Preparado de carne picada pollo,Hamburguesas y picadas,Bandeja,0.5,kg,3.95,7.900,kg
2026-09-26T15:29:09.962639+00:00,svq1,35776,Tortitas de maíz con sabor a jamón Hacendado,Tortitas,Paquete,0.14,kg,1.75,12.500,kg
2026-09-26T15:29:09.962639+00:00,svq1,35777,Macarrón rayado integral Hacendado,Pasta y fideos,Paquete,0.5,kg,1.15,2.300,kg
2026-09-26T15:29:09.962639+00:00,svq1,35778,Spaghetti integral Hacendado,Pasta y fideos,Paquete,0.5,kg,1.15,2.300,kg
2026-09-26T15:29:09.962639+00:00,svq1,35781,Espinaca picada en porciones Hacendado ultracongelada,Fruta y verdura,Paquete,0.5,kg,1.30,2.600,kg
2026-09-26T15:29:09.962639+00:00,svq1,35785,Recambios maquinilla depilación Gillette Venus 3 hojas Comfortglide,Depilación,Caja,1.0,ud,10.80,2.700,ud
2026-09-26T15:29:09.962639+00:00,svq1,35798,Bálsamo after shave Sensitive Deliplus con aloe vera y 0% alcohol,Afeitado y cuidado para hombre,Bote,0.1,l,1.60,1.600,100 ml
2026-09-26T15:29:09.962639+00:00,svq1,35806,Papada de cerdo,Arreglos,Paquete,0.33,kg,2.28,6.900,kg
2026-09-26T15:29:09.962639+00:00,svq1,35822,"Rosca lomo, bacón y queso emmental Hacendado",Pizzas,,0.48,kg,3.40,7.084,kg
2026-09-26T15:29:09.962639+00:00,svq1,35839,Salsa Original Ligeresa,"Mayonesa, ketchup y mostaza",Tarro,0.425,l,2.00,4.706,L
2026-09-26T15:29:09.962639+00:00,svq1,35840,Mayonesa Hellmann's,"Mayonesa, ketchup y mostaza",Tarro,0.45,l,2.65,5.889,L
2026-09-26T15:29:09.962639+00:00,svq1,35846,Dulce de membrillo Hacendado 0% azúcares añadidos,Conservas de verdura y frutas,Tarrina,0.4,kg,2.40,6.000,kg
2026-09-26T15:29:09.962639+00:00,svq1,35847,Bebida láctea sabor açaí plátano +Proteínas 20 g 0% MG,Yogures líquidos,Botella,0.28,kg,1.15,4.108,kg
2026-09-26T15:29:09.962639+00:00,svq1,35849,Pan redondo sin gluten Hacendado,Pan de molde y otras especialidades,Paquete,0.16,kg,1.93,12.063,kg
2026-09-26T15:29:09.962639+00:00,svq1,3585,Magro para cocido,Arreglos,Bandeja,0.35,kg,2.52,7.200,kg
2026-09-26T15:29:09.962639+00:00,svq1,35851,Rosca jamón serrano y queso emmental Hacendado,Pizzas,,0.45,kg,3.70,8.223,kg
2026-09-26T15:29:09.962639+00:00,svq1,35856,Golosinas Mix con pica Hacendado,Golosinas,Paquete,0.3,kg,1.60,5.334,kg
2026-09-26T15:29:09.962639+00:00,svq1,35858,Difusor ambientador spray manual Bosque Verde con recambio,Insecticida y ambientador,Caja,1.0,ud,2.90,2.900,ud
2026-09-26T15:29:09.962639+00:00,svq1,35859,Recambio ambientador spray Brisa Azul Bosque Verde,Insecticida y ambientador,Caja,0.03,l,1.80,6.000,100 ml
2026-09-26T15:29:09.962639+00:00,svq1,35870,Crema de calabacín Hacendado,Gazpacho y cremas,Bol,0.35,kg,1.70,4.858,kg
2026-09-26T15:29:09.962639+00:00,svq1,35871,Perfilador de labios Long Lasting Deliplus 06 fucsia,Labios,,1.0,ud,2.50,2.500,ud
2026-09-26T15:29:09.962639+00:00,svq1,35872,Perfilador de labios Long Lasting Deliplus 07 rojo,Labios,,1.0,ud,2.50,2.500,ud
2026-09-26T15:29:09.962639+00:00,svq1,35873,Perfilador de labios Long Lasting Deliplus 08 granate,Labios,,1.0,ud,2.50,2.500,ud
2026-09-26T15:29:09.962639+00:00,svq1,35876,Perfilador de labios Long Lasting Deliplus 11 nude,Labios,,1.0,ud,2.50,2.500,ud
2026-09-26T15:29:09.962639+00:00,svq1,35880,Cápsulas Gases Deliplus,Fitoterapia,Caja,0.01695,kg,4.50,0.150,ud
2026-09-26T15:29:09.962639+00:00,svq1,35882,Limpiador de Muebles con ceras Bosque Verde,Limpieza muebles y multiusos,Spray,0.4,l,1.65,4.125,L
2026-09-26T15:29:09.962639+00:00,svq1,35884,Hamburguesa de lomo de vacuno,Hamburguesas y picadas,Paquete,0.24,kg,4.00,16.667,kg
2026-09-26T15:29:09.962639+00:00,svq1,35892,Muesli Crunchy Hacendado sin azúcares añadidos,Cereales,Paquete,0.5,kg,1.90,3.800,kg
2026-09-26T15:29:09.962639+00:00,svq1,35894,Recipiente hermético de plástico rectangular 1L Bosque Verde,Menaje y conservación de alimentos,Paquete,1.0,ud,3.00,3.000,ud
2026-09-26T15:29:09.962639+00:00,svq1,35900,"Salteado de gambas, espárragos verdes, ajos tiernos, champiñón y cebolla Hacendado ultracongelado",Fruta y verdura,Paquete,0.45,kg,2.90,6.445,kg
2026-09-26T15:29:09.962639+00:00,svq1,35902,"Brochetas de pollo, pimiento verde y tocino de cerdo con varilla",Aves y pollo,Bandeja,0.37,kg,3.11,8.400,kg
2026-09-26T15:29:09.962639+00:00,svq1,35904,Spaghetti Armando,Pasta y fideos,Paquete,0.5,kg,1.40,2.800,kg
2026-09-26T15:29:09.962639+00:00,svq1,35909,Bombones cereza al licor Hacendado con chocolate,Chocolate,Paquete,0.15,kg,2.20,14.667,kg
2026-09-26T15:29:09.962639+00:00,svq1,35919,Ron blanco superior La Recompensa,Licores,Botella,0.7,l,5.70,8.143,L
2026-09-26T15:29:09.962639+00:00,svq1,35920,Cubo con ruedas 13L Bosque Verde,Utensilios de limpieza y calzado,,1.0,ud,3.70,3.700,ud
2026-09-26T15:29:09.962639+00:00,svq1,35921,Escurridor para cubo ovalado Bosque Verde escurrebien,Utensilios de limpieza y calzado,,1.0,ud,2.70,2.700,ud
2026-09-26T15:29:09.962639+00:00,svq1,35923,Tinte cabello hombre 0% amoníaco 3 moreno 4 castaño Colorcor,Coloración cabello,Caja,1.0,ud,4.85,4.850,ud
2026-09-26T15:29:09.962639+00:00,svq1,35926,Colgador WC Power Activ Pino Bref,Limpieza baño y WC,Paquete,0.1,kg,2.95,29.500,kg
2026-09-26T15:29:09.962639+00:00,svq1,35932,Mermelada de arándanos Hacendado,Mermelada y miel,Tarro,0.33,kg,1.95,5.910,kg
2026-09-26T15:29:09.962639+00:00,svq1,35934,Tónico facial vitamina C y niacinamida Facial Clean iluminador y antioxidante,Cuidado e higiene facial,Bote,0.255,l,3.20,1.255,100 ml
2026-09-26T15:29:09.962639+00:00,svq1,35935,Tónico facial árbol de té y prebióticos Facial Clean renovador y purificante,Cuidado e higiene facial,Bote,0.255,l,3.20,1.255,100 ml
2026-09-26T15:29:09.962639+00:00,svq1,35940,Povidona yodada 10% Deliplus,Parafarmacia,Botella,0.125,l,2.00,1.600,100 ml
2026-09-26T15:29:09.962639+00:00,svq1,35941,Mini magdalenas con pepitas de chocolate con leche Hacendado,Bollería envasada,Paquete,0.27,kg,1.90,7.038,kg
2026-09-26T15:29:09.962639+00:00,svq1,35943,Cápsulas Colagen Antiox piel Deliplus,Fitoterapia,Caja,0.0171,kg,4.95,0.165,ud
2026-09-26T15:29:09.962639+00:00,svq1,35944,Cápsulas Articular Forte Deliplus,Fitoterapia,Caja,0.01545,kg,4.20,0.140,ud
2026-09-26T15:29:09.962639+00:00,svq1,35945,Cápsulas Memory Forte Deliplus,Fitoterapia,Caja,0.01785,kg,3.95,0.132,ud
2026-09-26T15:29:09.962639+00:00,svq1,35947,Quitamanchas de tinte capilar Deliplus,Coloración cabello,Bote,0.085,l,2.40,2.824,100 ml
2026-09-26T15:29:09.962639+00:00,svq1,35950,Paño seca vajillas Bosque Verde,"Estropajo, bayeta y guantes",Paquete,1.0,ud,1.90,1.900,ud
2026-09-26T15:29:09.962639+00:00,svq1,35955,Helado Dochi cheesecake Hacendado con salsa de frambuesa,Helados,Caja,0.216,l,3.00,13.889,L
2026-09-26T15:29:09.962639+00:00,svq1,35961,Papilla tres frutas con yogur Hacendado +8 meses,Alimentación infantil,,0.52,kg,2.95,5.674,kg
2026-09-26T15:29:09.962639+00:00,svq1,35962,Limpiador concentrado Las 3 Brujas,Limpiahogar y friegasuelos,Botella,1.0,l,2.85,2.850,L
2026-09-26T15:29:09.962639+00:00,svq1,35963,Limpiador de Ollas y Cacerolas Bosque Verde,Limpieza vajilla,Bote,0.25,l,1.90,7.600,L
2026-09-26T15:29:09.962639+00:00,svq1,35964,Desodorante original Dove antitranspirante,Desodorante,Spray,0.2,l,3.75,1.875,100 ml
2026-09-26T15:29:09.962639+00:00,svq1,35965,Desodorante roll-on original Dove antitranspirante,Desodorante,,0.05,l,2.65,5.300,100 ml
2026-09-26T15:29:09.962639+00:00,svq1,35969,Licor de anís dulce Dama Mayor,Licores,Botella,0.7,l,5.50,7.858,L
2026-09-26T15:29:09.962639+00:00,svq1,35980,Pastillas antical para lavadora Bosque Verde,Detergente y suavizante ropa,Caja,1.0,ud,3.25,6.771,kg
2026-09-26T15:29:09.962639+00:00,svq1,35981,Noodles de arroz Hacendado,Pasta y fideos,Paquete,0.2,kg,1.45,7.250,kg
2026-09-26T15:29:09.962639+00:00,svq1,35982,Dentífrico 3 action Deliplus,Higiene bucal,Tubo,0.1,l,1.05,1.050,100 ml
2026-09-26T15:29:09.962639+00:00,svq1,35983,Dentífrico Anticaries Deliplus,Higiene bucal,Tubo,0.1,l,1.05,1.050,100 ml
2026-09-26T15:29:09.962639+00:00,svq1,35987,Cereales de arroz inflado Choco Krispies Kellogg's con chocolate,Cereales,Caja,0.42,kg,3.65,8.691,kg
2026-09-26T15:29:09.962639+00:00,svq1,35997,Lavavajillas Ultra concentrado Bosque Verde,Limpieza vajilla,Botella,0.6,l,1.10,1.834,L
2026-09-26T15:29:09.962639+00:00,svq1,35998,Lavavajillas Ultra concentrado Bosque Verde,Limpieza vajilla,Botella,1.3,l,1.90,1.462,L
2026-09-26T15:29:09.962639+00:00,svq1,3601,Ciruela roja,Fruta,Pieza,0.16,kg,0.56,3.500,kg
2026-09-26T15:29:09.962639+00:00,svq1,36014,Turrón blando Hacendado,Turrones,Tableta,0.25,kg,2.90,11.600,kg
2026-09-26T15:29:09.962639+00:00,svq1,36017,Turrón duro Hacendado,Turrones,Tableta,0.25,kg,2.90,11.600,kg
2026-09-26T15:29:09.962639+00:00,svq1,36127,Turrón de chocolate blanco crujiente Hacendado,Turrones,Tableta,0.25,kg,2.00,8.000,kg
2026-09-26T15:29:09.962639+00:00,svq1,36143,Turrón de pistacho Hacendado,Turrones,Tableta,0.15,kg,2.90,19.334,kg
2026-09-26T15:29:09.962639+00:00,svq1,36205,Tubitos Hacendado,Galletas,Bote,0.175,kg,2.05,11.715,kg
2026-09-26T15:29:09.962639+00:00,svq1,3649,Ciruela amarilla,Fruta,Pieza,0.13,kg,0.49,3.800,kg
2026-09-26T15:29:09.962639+00:00,svq1,3653,Filetes pechuga de pollo extra tiernos,Aves y pollo,Bandeja,0.56,kg,4.09,7.300,kg
2026-09-26T15:29:09.962639+00:00,svq1,3680,Cuartos traseros familiar de pollo,Aves y pollo,Bandeja,1.6,kg,4.96,3.100,kg
2026-09-26T15:29:09.962639+00:00,svq1,3682,Pechugas enteras familiar de pollo,Aves y pollo,Bandeja,1.09,kg,6.76,6.200,kg
2026-09-26T15:29:09.962639+00:00,svq1,3699,Arreglo de pringa,Arreglos,Bandeja,1.0,kg,6.60,6.600,kg
2026-09-26T15:29:09.962639+00:00,svq1,37134,Vino tinto crianza Viña Albali DO Valdepeñas,Vino tinto,Botella,0.75,l,3.00,4.000,L
2026-09-26T15:29:09.962639+00:00,svq1,37138,Vino blanco Airén Sauvignon Blanc Fidencio DO La Mancha,Vino blanco,Botella,0.75,l,1.45,1.934,L
2026-09-26T15:29:09.962639+00:00,svq1,37153,Vino rosado tempranillo syrah Fidencio DO La Mancha,Vino rosado,Botella,0.75,l,1.65,2.200,L
2026-09-26T15:29:09.962639+00:00,svq1,37156,Vino tinto tempranillo The Guv'Nor El Mandamás,Vino tinto,Botella,0.75,l,3.00,4.000,L
2026-09-26T15:29:09.962639+00:00,svq1,37164,Vino tinto crianza Fidencio DO La Mancha,Vino tinto,Botella,0.75,l,1.75,2.334,L
2026-09-26T15:29:09.962639+00:00,svq1,37217,Vino tinto roble Fariña DO Dama de Toro,Vino tinto,Botella,0.75,l,2.90,3.867,L
2026-09-26T15:29:09.962639+00:00,svq1,37229,Vino blanco verdejo Arribeño DO Rueda,Vino blanco,Botella,0.75,l,2.00,2.667,L
2026-09-26T15:29:09.962639+00:00,svq1,3724,Pechugas enteras de pollo,Aves y pollo,Bandeja,0.65,kg,4.32,6.650,kg
2026-09-26T15:29:09.962639+00:00,svq1,3727,Cuartos traseros de pollo,Aves y pollo,Bandeja,0.8,kg,2.64,3.300,kg
2026-09-26T15:29:09.962639+00:00,svq1,37277,Vino tinto reserva Abadía Mantrús DO Ribera del Duero,Vino tinto,Botella,0.75,l,5.90,7.867,L
2026-09-26T15:29:09.962639+00:00,svq1,37417,Cayena molida Hacendado,Especias,Bote,0.055,kg,1.65,30.000,kg
2026-09-26T15:29:09.962639+00:00,svq1,37805,Vino tinto Dominio de Borgia,Vino tinto,Garrafa,5.0,l,6.35,1.270,L
2026-09-26T15:29:09.962639+00:00,svq1,37808,Vino tinto Dominio de Borgia,Vino tinto,Botella,2.0,l,2.90,1.450,L
2026-09-26T15:29:09.962639+00:00,svq1,38007,Alimento completo conejos enanos Granzoo,Otros,Paquete,0.8,kg,1.70,2.125,kg
2026-09-26T15:29:09.962639+00:00,svq1,38111,Barritas de fruta y miel para canarios Natura,Otros,Caja,0.09,kg,2.30,25.556,kg
2026-09-26T15:29:09.962639+00:00,svq1,38130,Alimento completo para canarios y jilgueros Granzoo,Otros,Paquete,1.0,kg,1.88,1.880,kg
2026-09-26T15:29:09.962639+00:00,svq1,38131,Alimento completo para periquitos Granzoo,Otros,Paquete,1.0,kg,1.90,1.900,kg
2026-09-26T15:29:09.962639+00:00,svq1,38145,Barritas de fruta y miel para periquitos Natura,Otros,Caja,0.09,kg,2.30,25.556,kg
2026-09-26T15:29:09.962639+00:00,svq1,3817,Chirimoya,Fruta,Pieza,0.55,kg,1.76,3.200,kg
2026-09-26T15:29:09.962639+00:00,svq1,3819,Plátano de Canarias IGP,Fruta,Pieza,0.17,kg,0.39,2.300,kg
2026-09-26T15:29:09.962639+00:00,svq1,3820,Kiwi verde,Fruta,Pieza,0.12,kg,0.56,4.650,kg
2026-09-26T15:29:09.962639+00:00,svq1,3824,Banana,Fruta,Pieza,0.18,kg,0.28,1.550,kg
2026-09-26T15:29:09.962639+00:00,svq1,38297,"Comida con ternera, pollo, verduras y arroz perro adulto Compy",Perro,Saco,18.0,kg,16.50,0.917,kg
2026-09-26T15:29:09.962639+00:00,svq1,3830,Aguacate,Fruta,Pieza,0.25,kg,1.25,5.000,kg
2026-09-26T15:29:09.962639+00:00,svq1,3832,Kiwis verdes,Fruta,Bandeja,1.1,kg,5.01,4.550,kg
2026-09-26T15:29:09.962639+00:00,svq1,3839,Kiwis amarillos,Fruta,Bandeja,0.5,kg,3.25,6.500,kg
2026-09-26T15:29:09.962639+00:00,svq1,3840,Guacamole Hacendado,Otras salsas,Tarrina,0.5,kg,3.95,7.900,kg
2026-09-26T15:29:09.962639+00:00,svq1,3852,Guacamole Hacendado,Otras salsas,Tarrina,0.2,kg,1.80,9.000,kg
2026-09-26T15:29:09.962639+00:00,svq1,3858,Aguacates,Fruta,,0.65,kg,3.25,5.000,kg
2026-09-26T15:29:09.962639+00:00,svq1,3897,Lima,Fruta,Pieza,0.09,kg,0.40,4.400,kg
2026-09-26T15:29:09.962639+00:00,svq1,39010,Zumo pura naranja Hacendado,Naranja,Brik,1.0,l,1.85,1.850,L
2026-09-26T15:29:09.962639+00:00,svq1,39032,Zumo pura naranja con pulpa Hacendado,Naranja,Brik,1.0,l,1.85,1.850,L
2026-09-26T15:29:09.962639+00:00,svq1,39033,Zumo pura naranja Hacendado,Naranja,Pack-6,1.2,l,2.80,2.334,L
2026-09-26T15:29:09.962639+00:00,svq1,39100,Néctar de piña La Verja,Melocotón y piña,Botella,1.5,l,1.80,1.200,L
2026-09-26T15:29:09.962639+00:00,svq1,39106,Bebida de piña Hacendado sin azúcares añadidos,Melocotón y piña,Pack-6,1.2,l,1.60,1.334,L
2026-09-26T15:29:09.962639+00:00,svq1,39109,Bebida Bahamas Hacendado,Fruta variada,Brik,2.0,l,1.25,0.625,L
2026-09-26T15:29:09.962639+00:00,svq1,39119,Bebida de piña Hacendado sin azúcares añadidos,Melocotón y piña,Brik,1.0,l,0.95,0.950,L
2026-09-26T15:29:09.962639+00:00,svq1,39127,Bebida Florida Hacendado,Naranja,Brik,2.0,l,1.40,0.700,L
2026-09-26T15:29:09.962639+00:00,svq1,39129,Zumo de piña y uva Hacendado,Melocotón y piña,Brik,1.0,l,1.20,1.200,L
2026-09-26T15:29:09.962639+00:00,svq1,39130,Zumo de piña y uva Hacendado,Melocotón y piña,Pack-6,1.2,l,1.65,1.375,L
2026-09-26T15:29:09.962639+00:00,svq1,39191,Zumo de piña Hacendado,Melocotón y piña,Brik,1.0,l,1.75,1.750,L
2026-09-26T15:29:09.962639+00:00,svq1,39216,Zumo de melocotón y uva Hacendado,Melocotón y piña,Pack-6,1.2,l,1.50,1.250,L
2026-09-26T15:29:09.962639+00:00,svq1,39224,Bebida 5 frutas Hacendado sin azúcares añadidos,Fruta variada,Pack-6,1.2,l,1.75,1.459,L
2026-09-26T15:29:09.962639+00:00,svq1,39280,Néctar de guayaba Hacendado,Tomate y otros sabores,Brik,1.0,l,1.30,1.300,L
2026-09-26T15:29:09.962639+00:00,svq1,39394,Zumo de tomate Hacendado,Tomate y otros sabores,Brik,1.0,l,1.05,1.050,L
2026-09-26T15:29:09.962639+00:00,svq1,39403,Zumo de manzana Hacendado,Tomate y otros sabores,Brik,1.0,l,0.80,0.800,L
2026-09-26T15:29:09.962639+00:00,svq1,39404,Zumo de manzana Hacendado,Tomate y otros sabores,,1.2,l,1.30,1.084,L
2026-09-26T15:29:09.962639+00:00,svq1,39488,Bebida refrescante aromatizada tinto sin alcohol light Castillo de Salobreña,Vino blanco,Botella,1.0,l,1.70,1.700,L
2026-09-26T15:29:09.962639+00:00,svq1,39604,Bebida de pomelo Hacendado sin azúcares añadidos,Tomate y otros sabores,Brik,1.0,l,1.30,1.300,L
2026-09-26T15:29:09.962639+00:00,svq1,39606,Bebida tropical Hacendado sin azúcares añadidos,Fruta variada,Brik,1.0,l,1.00,1.000,L
2026-09-26T15:29:09.962639+00:00,svq1,39627,Bebida de arándanos y frutas rojas Hacendado sin azúcares añadidos,Fruta variada,Brik,1.0,l,1.75,1.750,L
2026-09-26T15:29:09.962639+00:00,svq1,39640,Bebida de frutas rojas antioxidante Hacendado sin azúcares añadidos,Fruta variada,Brik,1.0,l,1.95,1.950,L
2026-09-26T15:29:09.962639+00:00,svq1,39643,"Néctar de maracuyá Hacendado fruta de la pasión, mango, uva y manzana",Tomate y otros sabores,Brik,1.0,l,1.50,1.500,L
2026-09-26T15:29:09.962639+00:00,svq1,39650,"Bebida de zumo de naranja, mango y zanahoria La Verja sin azúcares añadidos",Fruta variada,Botella,1.5,l,1.80,1.200,L
2026-09-26T15:29:09.962639+00:00,svq1,39651,Bebida multivitaminas Hacendado sin azúcares añadidos,Fruta variada,Brik,1.0,l,1.00,1.000,L
2026-09-26T15:29:09.962639+00:00,svq1,3976,Burger de pavo y espinacas,Hamburguesas y picadas,Bandeja,0.24,kg,2.40,10.000,kg
2026-09-26T15:29:09.962639+00:00,svq1,3979,Burger americana gruesas,Hamburguesas y picadas,Bandeja,0.36,kg,3.20,8.889,kg
2026-09-26T15:29:09.962639+00:00,svq1,39900,Gazpacho fresco Hacendado,Gazpacho y cremas,Botella,1.0,l,2.65,2.650,L
2026-09-26T15:29:09.962639+00:00,svq1,39901,Salmorejo fresco Hacendado,Gazpacho y cremas,Botella,1.0,l,2.90,2.900,L
2026-09-26T15:29:09.962639+00:00,svq1,39902,Salmorejo al estilo cordobés Hacendado,Gazpacho y cremas,Brik,1.0,l,2.20,2.200,L
2026-09-26T15:29:09.962639+00:00,svq1,39903,Salmorejo al estilo cordobés Hacendado,Gazpacho y cremas,Pack-3,0.99,l,2.65,2.677,L
2026-09-26T15:29:09.962639+00:00,svq1,39904,Gazpacho blanco de almendras Hacendado con ajo blanco,Gazpacho y cremas,Pack-3,0.99,l,3.40,3.435,L
2026-09-26T15:29:09.962639+00:00,svq1,39905,Salmorejo fresco García Millán,Gazpacho y cremas,Botella,1.0,l,3.85,3.850,L
2026-09-26T15:29:09.962639+00:00,svq1,39931,Gazpacho fresco García Millán,Gazpacho y cremas,Botella,1.0,l,3.75,3.750,L
2026-09-26T15:29:09.962639+00:00,svq1,39934,Gazpacho tradicional Hacendado,Gazpacho y cremas,Pack-3,0.99,l,2.15,2.172,L
2026-09-26T15:29:09.962639+00:00,svq1,39946,Zumo de piña selección Hacendado,Melocotón y piña,Brik,1.0,l,2.60,2.600,L
2026-09-26T15:29:09.962639+00:00,svq1,39965,Gazpacho fresco Hacendado,Gazpacho y cremas,Botella,0.33,l,1.10,3.334,L
2026-09-26T15:29:09.962639+00:00,svq1,39966,Salmorejo fresco Hacendado,Gazpacho y cremas,Botella,0.33,l,1.25,3.788,L
2026-09-26T15:29:09.962639+00:00,svq1,39968,Gazpacho fresco García Millán,Gazpacho y cremas,Botella,0.33,l,1.55,4.697,L
2026-09-26T15:29:09.962639+00:00,svq1,39969,Salmorejo fresco García Millán,Gazpacho y cremas,Botella,0.33,l,1.65,5.000,L
2026-09-26T15:29:09.962639+00:00,svq1,40055,Pintalabios Creamy Deliplus 213 marsala,Labios,,1.0,ud,4.65,4.650,ud
2026-09-26T15:29:09.962639+00:00,svq1,40135,Jabón blando 100% natural Beltrán quitamanchas,Detergente y suavizante ropa,Bote,0.5,kg,3.05,6.100,kg
2026-09-26T15:29:09.962639+00:00,svq1,40178,Disuelve manchas Bosque Verde,Detergente y suavizante ropa,Botella,0.75,l,2.00,2.667,L
2026-09-26T15:29:09.962639+00:00,svq1,40230,Activador Blanqueante ropa blanca Oxi Active Bosque Verde en gel,Detergente y suavizante ropa,Botella,2.0,l,1.80,0.900,L
2026-09-26T15:29:09.962639+00:00,svq1,40233,Activador Quitamanchas ropa de color Oxi Active Bosque Verde en gel,Detergente y suavizante ropa,Botella,2.0,l,1.80,0.900,L
2026-09-26T15:29:09.962639+00:00,svq1,40315,Activador Blanqueante ropa blanca Oxi Active Bosque Verde en polvo,Detergente y suavizante ropa,Bote,1.0,kg,3.25,3.250,kg
2026-09-26T15:29:09.962639+00:00,svq1,40317,Activador Quitamanchas ropa de color Oxi Active Bosque Verde en polvo,Detergente y suavizante ropa,Bote,1.0,kg,3.25,3.250,kg
2026-09-26T15:29:09.962639+00:00,svq1,40339,11 Panecillos,Pan de horno,Bolsa,0.495,kg,1.14,2.304,kg
2026-09-26T15:29:09.962639+00:00,svq1,40358,Chocolate negro 55% cacao Hacendado con almendras,Chocolate,Tableta,0.2,kg,2.50,12.500,kg
2026-09-26T15:29:09.962639+00:00,svq1,40361,Mortadela Hacendado,Chopped y mortadela,Pieza,0.9,kg,3.60,4.000,kg
2026-09-26T15:29:09.962639+00:00,svq1,4040,"Aceite de girasol refinado 0,2º Hacendado","Aceite, vinagre y sal",Botella,1.0,l,1.85,1.850,L
2026-09-26T15:29:09.962639+00:00,svq1,40404,Detergente ropa Blanca y de Color Bosque Verde en gel concentrado,Detergente y suavizante ropa,Botella,0.81,l,3.65,0.136,lv
2026-09-26T15:29:09.962639+00:00,svq1,4041,"Aceite de girasol refinado 0,2º Hacendado","Aceite, vinagre y sal",Garrafa,5.0,l,8.60,1.720,L
2026-09-26T15:29:09.962639+00:00,svq1,40475,Picada de ajo y perejil,Verdura,Bandeja,0.1,kg,1.50,15.000,kg
2026-09-26T15:29:09.962639+00:00,svq1,40530,Detergente ropa Prendas Delicadas Bosque Verde líquido,Detergente y suavizante ropa,Botella,1.98,l,2.50,0.038,lv
2026-09-26T15:29:09.962639+00:00,svq1,40552,Eliminador de olores tejidos Bosque Verde,Detergente y suavizante ropa,Botella,0.5,l,2.00,4.000,L
2026-09-26T15:29:09.962639+00:00,svq1,40567,Desinfectante Tejidos y Lavadora Bosque Verde sin lejía,Detergente y suavizante ropa,Botella,1.0,l,2.20,2.200,L
2026-09-26T15:29:09.962639+00:00,svq1,40583,Arcos dentales para higiene interdental Deliplus,Higiene bucal,Caja,1.0,ud,1.80,0.030,ud
2026-09-26T15:29:09.962639+00:00,svq1,4073,Pierna de lechal entera congelada,Carne congelada,Pieza,0.65,kg,11.64,17.900,kg
2026-09-26T15:29:09.962639+00:00,svq1,40752,Perfumador ropa Bosque Verde intensificador de fragancia,Detergente y suavizante ropa,Botella,0.72,l,3.25,0.091,lv
2026-09-26T15:29:09.962639+00:00,svq1,4079,Burger Crunchy Chicken,Hamburguesas y picadas,Bandeja,0.24,kg,2.00,8.334,kg
2026-09-26T15:29:09.962639+00:00,svq1,4106,Sándwich atún y huevo Hacendado,Platos preparados fríos,Paquete,0.185,kg,1.80,9.730,kg
2026-09-26T15:29:09.962639+00:00,svq1,4109,Filetes de pavo contramuslo,Aves y pollo,Bandeja,0.6,kg,4.92,8.200,kg
2026-09-26T15:29:09.962639+00:00,svq1,41151,Pintalabios Creamy Deliplus 212 marrón crema,Labios,,1.0,ud,4.65,4.650,ud
2026-09-26T15:29:09.962639+00:00,svq1,41258,Pintalabios Creamy Deliplus 207 ciruela,Labios,,1.0,ud,4.65,4.650,ud
2026-09-26T15:29:09.962639+00:00,svq1,4152,Medallones preparado de solomillo cerdo provenzal,Cerdo,Bandeja,0.4,kg,4.44,11.100,kg
2026-09-26T15:29:09.962639+00:00,svq1,4155,Burger de vacuno y cerdo con jamón y cebolla caramelizada,Hamburguesas y picadas,Bandeja,0.24,kg,2.80,11.667,kg
2026-09-26T15:29:09.962639+00:00,svq1,41685,Laca de uñas manicura francesa Deliplus 03 rosa,Manicura y pedicura,,0.011,l,2.75,27.500,100 ml
2026-09-26T15:29:09.962639+00:00,svq1,41692,Laca de uñas manicura francesa Deliplus 01 blanco punta,Manicura y pedicura,,0.011,l,2.75,27.500,100 ml
2026-09-26T15:29:09.962639+00:00,svq1,4176,Medallones preparado de solomillo cerdo congelados marinados,Carne congelada,Paquete,0.3,kg,3.11,10.360,kg
2026-09-26T15:29:09.962639+00:00,svq1,4193,Aceite de coco virgen Hacendado,"Aceite, vinagre y sal",Bote,0.45,l,5.10,11.334,L
2026-09-26T15:29:09.962639+00:00,svq1,4195,Alas partidas de pollo,Aves y pollo,Bandeja,0.99,kg,5.05,5.100,kg
2026-09-26T15:29:09.962639+00:00,svq1,42135,Lavavajillas Ultra Original Fairy líquido,Limpieza vajilla,Botella,0.9,l,3.95,4.389,L
2026-09-26T15:29:09.962639+00:00,svq1,42203,Limpiador WC Flor de Cerezo Bosque Verde en gel,Limpieza baño y WC,Botella,1.0,l,1.15,1.150,L
2026-09-26T15:29:09.962639+00:00,svq1,42204,Limpiahogar Multiusos Pino Bosque Verde líquido,Limpiahogar y friegasuelos,Botella,1.5,l,1.75,1.167,L
2026-09-26T15:29:09.962639+00:00,svq1,42222,Tratamiento para uñas base 9 en 1 Deliplus vitaminada y alisadora,Manicura y pedicura,,0.01,l,3.50,35.000,100 ml
2026-09-26T15:29:09.962639+00:00,svq1,42286,Tratamiento para uñas gel brillo top coat Deliplus secado rápido,Manicura y pedicura,,0.01,l,3.50,35.000,100 ml
2026-09-26T15:29:09.962639+00:00,svq1,42293,Laca de uñas alto brillo Deliplus 15 perla rosada,Manicura y pedicura,,0.011,l,2.50,22.728,100 ml
2026-09-26T15:29:09.962639+00:00,svq1,42294,Laca de uñas alto brillo Deliplus 18 suave peonia,Manicura y pedicura,,0.011,l,2.50,22.728,100 ml
2026-09-26T15:29:09.962639+00:00,svq1,42295,Laca de uñas alto brillo Deliplus 20 rosa magnético,Manicura y pedicura,,0.011,l,2.50,22.728,100 ml
2026-09-26T15:29:09.962639+00:00,svq1,42296,Laca de uñas alto brillo Deliplus 22 granate sublime,Manicura y pedicura,,0.011,l,2.50,22.728,100 ml
2026-09-26T15:29:09.962639+00:00,svq1,42298,Laca de uñas alto brillo Deliplus 31 negro místico,Manicura y pedicura,,0.011,l,2.50,22.728,100 ml
2026-09-26T15:29:09.962639+00:00,svq1,42314,Abrillantador lavavajillas líquido Bosque Verde,Limpieza vajilla,Botella,0.75,l,1.20,1.600,L
2026-09-26T15:29:09.962639+00:00,svq1,42318,Limpiamáquinas lavavajillas líquido Bosque Verde,Limpieza vajilla,Botella,0.25,l,1.55,6.200,L
2026-09-26T15:29:09.962639+00:00,svq1,42321,Laca de uñas alto brillo Deliplus 39 dulce fresa,Manicura y pedicura,,0.011,l,2.50,22.728,100 ml
2026-09-26T15:29:09.962639+00:00,svq1,42371,Limpiamáquinas lavavajillas Finish líquido,Limpieza vajilla,Botella,0.25,l,3.75,15.000,L
2026-09-26T15:29:09.962639+00:00,svq1,42384,Lavavajillas Todo en 1 Bosque Verde en pastillas,Limpieza vajilla,Paquete,0.51,kg,2.95,0.099,lv
2026-09-26T15:29:09.962639+00:00,svq1,4240,"Aceite de oliva 0,4º Hacendado","Aceite, vinagre y sal",Botella,1.0,l,3.70,3.700,L
2026-09-26T15:29:09.962639+00:00,svq1,4241,"Aceite de oliva 0,4º Hacendado","Aceite, vinagre y sal",Garrafa,5.0,l,17.25,3.450,L
2026-09-26T15:29:09.962639+00:00,svq1,42441,Lavavajillas a mano Bosque Verde,Limpieza vajilla,Botella,1.3,l,1.15,0.885,L
2026-09-26T15:29:09.962639+00:00,svq1,4265,Spaghetti carbonara Hacendado,Platos preparados calientes,Bandeja,0.28,kg,2.20,7.858,kg
2026-09-26T15:29:09.962639+00:00,svq1,4270,Sangre hervida de pollo,Aves y pollo,Paquete,0.5,kg,2.20,4.400,kg
2026-09-26T15:29:09.962639+00:00,svq1,43011,Lejía normal Tradicional Bosque Verde,Lejía y líquidos fuertes,Garrafa,5.0,l,1.85,0.370,L
2026-09-26T15:29:09.962639+00:00,svq1,43022,Lejía ropa blanca denso Bosque Verde,Lejía y líquidos fuertes,Botella,2.0,l,1.25,0.625,L
2026-09-26T15:29:09.962639+00:00,svq1,43024,Lejía Perfumada con detergente Bosque Verde,Lejía y líquidos fuertes,Botella,2.0,l,1.15,0.575,L
2026-09-26T15:29:09.962639+00:00,svq1,43025,Limpiador Antical Bosque Verde,Limpieza baño y WC,Botella,0.75,l,1.70,2.267,L
2026-09-26T15:29:09.962639+00:00,svq1,43028,Limpiador WC Desincrustante Bosque Verde en gel,Limpieza baño y WC,Botella,1.0,l,1.65,1.650,L
2026-09-26T15:29:09.962639+00:00,svq1,43042,Desatascador Turbo Bosque Verde en gel,Lejía y líquidos fuertes,Botella,0.5,l,1.70,3.400,L
2026-09-26T15:29:09.962639+00:00,svq1,43054,Lejía Perfumada con detergente limón Bosque Verde,Lejía y líquidos fuertes,Botella,2.0,l,1.15,0.575,L
2026-09-26T15:29:09.962639+00:00,svq1,43057,Pastillas desinfectantes multiusos Bosque Verde,Lejía y líquidos fuertes,Bote,0.16,kg,1.60,9.951,kg
2026-09-26T15:29:09.962639+00:00,svq1,43058,Ambientador lavavajillas Limón Bosque Verde,Limpieza vajilla,Paquete,1.0,ud,1.50,12.500,100 ml
2026-09-26T15:29:09.962639+00:00,svq1,43060,Lejía Multiusos Bosque Verde,Lejía y líquidos fuertes,Botella,0.75,l,1.70,2.267,L
2026-09-26T15:29:09.962639+00:00,svq1,43070,Friegasuelos Insecticida Bosque Verde líquido,Limpiahogar y friegasuelos,Botella,1.0,l,2.35,2.350,L
2026-09-26T15:29:09.962639+00:00,svq1,43075,Lejía normal Tradicional Bosque Verde,Lejía y líquidos fuertes,Botella,2.0,l,0.80,0.400,L
2026-09-26T15:29:09.962639+00:00,svq1,43088,Toallitas Limpiagafas Bosque Verde monodosis,Limpiacristales,Caja,32.0,ud,1.60,0.050,ud
2026-09-26T15:29:09.962639+00:00,svq1,43089,Limpiador Baños desinfectante Bosque Verde,Limpieza baño y WC,Botella,0.75,l,1.55,2.067,L
2026-09-26T15:29:09.962639+00:00,svq1,43112,70% Alcohol limpieza hogar Bosque Verde,Limpiahogar y friegasuelos,Botella,0.75,l,2.60,3.467,L
2026-09-26T15:29:09.962639+00:00,svq1,43113,Limpiador WC con lejía Bosque Verde en gel,Limpieza baño y WC,Botella,1.0,l,0.95,0.950,L
2026-09-26T15:29:09.962639+00:00,svq1,43204,Lavaparabrisas Bosque Verde,Limpiacristales,Botella,2.0,l,2.50,1.250,L
2026-09-26T15:29:09.962639+00:00,svq1,43218,Limpiacristales y multiusos Bosque Verde,Limpiacristales,Botella,1.0,l,1.20,1.200,L
2026-09-26T15:29:09.962639+00:00,svq1,43223,Toallitas limpiadoras de Cristales y Espejos Bosque Verde,Limpiacristales,Paquete,30.0,ud,1.40,0.047,ud
2026-09-26T15:29:09.962639+00:00,svq1,43301,Limpiahogar con lejía Bosque Verde en gel,Limpiahogar y friegasuelos,Botella,1.5,l,1.90,1.267,L
2026-09-26T15:29:09.962639+00:00,svq1,43320,Friegasuelos Spa Bosque Verde líquido,Limpiahogar y friegasuelos,Botella,1.5,l,0.95,0.634,L
2026-09-26T15:29:09.962639+00:00,svq1,43329,Limpiahogar PH Neutro Bosque Verde delicado,Limpiahogar y friegasuelos,Botella,1.5,l,1.70,1.134,L
2026-09-26T15:29:09.962639+00:00,svq1,43338,Limpiahogar Oxi Active Bosque Verde sin lejía,Limpiahogar y friegasuelos,Botella,1.0,l,1.30,1.300,L
2026-09-26T15:29:09.962639+00:00,svq1,4334,Chuletas cordero de lechal congeladas,Carne congelada,Paquete,0.55,kg,15.95,29.000,kg
2026-09-26T15:29:09.962639+00:00,svq1,43347,Friegasuelos Pino Bosque Verde líquido,Limpiahogar y friegasuelos,Botella,1.5,l,0.95,0.634,L
2026-09-26T15:29:09.962639+00:00,svq1,43421,Limpiador Ducha Bosque Verde,Limpieza baño y WC,Botella,1.0,l,2.10,2.100,L
2026-09-26T15:29:09.962639+00:00,svq1,43482,Toallitas limpiadoras de baños Bosque Verde,Limpieza baño y WC,Paquete,50.0,ud,1.30,0.026,ud
2026-09-26T15:29:09.962639+00:00,svq1,43484,Colgador WC Azul limpieza activa Bosque Verde,Limpieza baño y WC,Paquete,0.08,kg,1.25,15.625,kg
2026-09-26T15:29:09.962639+00:00,svq1,43496,Limpiador Baños Bosque Verde en gel,Limpieza baño y WC,Botella,1.5,l,1.45,0.967,L
2026-09-26T15:29:09.962639+00:00,svq1,43705,Algodón mágico Aladdin,Limpieza muebles y multiusos,Bote,0.075,kg,3.80,50.667,kg
2026-09-26T15:29:09.962639+00:00,svq1,43802,Amoníaco con detergente Bosque Verde,Lejía y líquidos fuertes,Botella,1.5,l,1.00,0.667,L
2026-09-26T15:29:09.962639+00:00,svq1,43806,Limpiador de Tuberías Bosque Verde,Lejía y líquidos fuertes,Botella,1.0,l,3.80,3.800,L
2026-09-26T15:29:09.962639+00:00,svq1,43810,Salfumant,Lejía y líquidos fuertes,Botella,1.0,l,1.20,1.200,L
2026-09-26T15:29:09.962639+00:00,svq1,43813,Amoníaco concentrado Bosque Verde con detergente,Lejía y líquidos fuertes,Botella,0.75,l,1.25,1.667,L
2026-09-26T15:29:09.962639+00:00,svq1,43818,Amoníaco perfumado Bosque Verde,Lejía y líquidos fuertes,Botella,1.5,l,0.80,0.534,L
2026-09-26T15:29:09.962639+00:00,svq1,43820,Limpiador Potente Bosque Verde cal y suciedad,Limpieza baño y WC,Botella,0.75,l,1.70,2.267,L
2026-09-26T15:29:09.962639+00:00,svq1,43861,70% Alcohol de Limpieza Perfumado Bosque Verde,Limpieza muebles y multiusos,Botella,1.0,l,2.30,2.300,L
2026-09-26T15:29:09.962639+00:00,svq1,43906,Quitagrasas Bosque Verde perfumado,Limpieza cocina,Botella,0.75,l,1.50,2.000,L
2026-09-26T15:29:09.962639+00:00,svq1,43914,Quitagrasas Bosque Verde perfume Marsella,Limpieza cocina,Botella,0.75,l,1.50,2.000,L
2026-09-26T15:29:09.962639+00:00,svq1,43931,Desincrustante de Cementos y Limpiajuntas Bosque Verde,Limpieza muebles y multiusos,Botella,0.75,l,4.00,5.334,L
2026-09-26T15:29:09.962639+00:00,svq1,43935,Toallitas limpiadoras desengrasantes de Cocina Bosque Verde,Limpieza cocina,Paquete,50.0,ud,1.30,0.026,ud
2026-09-26T15:29:09.962639+00:00,svq1,44000,Limpiador Vitrocerámicas Bosque Verde 3 en 1,Limpieza cocina,Botella,0.5,l,1.70,3.400,L
2026-09-26T15:29:09.962639+00:00,svq1,44001,Multiusos pH Neutro Las 3 Brujas,Limpieza muebles y multiusos,Botella,0.75,l,2.55,3.400,L
2026-09-26T15:29:09.962639+00:00,svq1,44019,Multiusos Desinfectante antibacterias Bosque Verde,Limpiahogar y friegasuelos,Botella,0.75,l,1.95,2.600,L
2026-09-26T15:29:09.962639+00:00,svq1,44110,Limpiador Muebles jabonoso para Madera Bosque Verde,Limpieza muebles y multiusos,Botella,1.0,l,1.55,1.550,L
2026-09-26T15:29:09.962639+00:00,svq1,44116,Limpiador de Muebles y Parquet Bosque Verde,Limpieza muebles y multiusos,Botella,0.75,l,2.00,2.667,L
2026-09-26T15:29:09.962639+00:00,svq1,44127,Toallitas limpiadoras de Muebles Bosque Verde,Limpieza muebles y multiusos,Paquete,30.0,ud,1.50,0.050,ud
2026-09-26T15:29:09.962639+00:00,svq1,44138,Multiusos Perfumado Bosque Verde,Limpieza muebles y multiusos,Botella,1.0,l,1.30,1.300,L
2026-09-26T15:29:09.962639+00:00,svq1,44210,Limpiador de Hornos Bosque Verde,Limpieza cocina,Spray,0.3,l,1.35,4.500,L
2026-09-26T15:29:09.962639+00:00,svq1,44215,Limpiador Placas de Inducción Bosque Verde líquido,Limpieza cocina,Botella,0.5,l,1.75,3.500,L
2026-09-26T15:29:09.962639+00:00,svq1,44216,Mascarilla sin aclarado Repair & Nutrition Deliplus cabello seco y dañado,Acondicionador y mascarilla,Bote,0.15,l,3.80,2.534,100 ml
2026-09-26T15:29:09.962639+00:00,svq1,44218,Mascarilla sin aclarado Argan Oil Deliplus cabello seco y dañado,Acondicionador y mascarilla,Bote,0.15,l,3.80,2.534,100 ml
2026-09-26T15:29:09.962639+00:00,svq1,44232,Limpiador desincrustante y chimeneas Bosque Verde,Limpieza cocina,Botella,0.75,l,3.55,4.734,L
2026-09-26T15:29:09.962639+00:00,svq1,44233,Champú seco O'lysee,Champú,Bote,0.2,l,1.80,0.900,100 ml
2026-09-26T15:29:09.962639+00:00,svq1,4425,Carrillada de cerdo congelada,Carne congelada,Paquete,0.46,kg,5.75,12.500,kg
2026-09-26T15:29:09.962639+00:00,svq1,44262,Limpiahogar desinfectante Bosque Verde,Limpiahogar y friegasuelos,Botella,1.5,l,2.10,1.400,L
2026-09-26T15:29:09.962639+00:00,svq1,44275,Gel fijador cabello Forte Deliplus fijación 3,Fijación cabello,Bote,0.4,l,1.75,0.438,100 ml
2026-09-26T15:29:09.962639+00:00,svq1,44276,Gel fijador cabello Xtra Forte Deliplus fijación 4,Fijación cabello,Bote,0.25,l,1.60,0.640,100 ml
2026-09-26T15:29:09.962639+00:00,svq1,44280,Champú Extra Suave Deliplus todo tipo de cabello,Champú,Botella,0.75,l,1.80,0.240,100 ml
2026-09-26T15:29:09.962639+00:00,svq1,44281,Champú Liss Frizz Control Deliplus cabello rebelde,Champú,Bote,0.4,l,1.90,0.475,100 ml
2026-09-26T15:29:09.962639+00:00,svq1,44283,Mascarilla Liss Frizz Control Deliplus cabello rebelde,Acondicionador y mascarilla,Tarro,0.4,l,2.40,0.600,100 ml
2026-09-26T15:29:09.962639+00:00,svq1,44284,Hidrocrema Liss Frizz Control Deliplus cabello rebelde,Acondicionador y mascarilla,Bote,0.2,l,2.75,1.375,100 ml
2026-09-26T15:29:09.962639+00:00,svq1,44286,Champú Zero Deliplus todo tipo de cabello,Champú,Bote,0.4,l,1.90,0.475,100 ml
2026-09-26T15:29:09.962639+00:00,svq1,44289,Sérum Be Radiant 10 en 1 Deliplus cabello apagado,Acondicionador y mascarilla,Bote,0.1,l,4.10,4.100,100 ml
2026-09-26T15:29:09.962639+00:00,svq1,44296,Champú Detox Deliplus cabello graso,Champú,Bote,0.4,l,1.90,0.475,100 ml
2026-09-26T15:29:09.962639+00:00,svq1,44300,Friegasuelos Classic Bosque Verde concentrado,Limpiahogar y friegasuelos,Botella,1.0,l,1.70,1.700,L
2026-09-26T15:29:09.962639+00:00,svq1,44303,Limpia Tapicerías y Alfombras con espuma activa Bosque Verde,Limpieza muebles y multiusos,Botella,0.75,l,1.75,2.334,L
2026-09-26T15:29:09.962639+00:00,svq1,44310,Limpia Mopas Bosque Verde,Limpieza muebles y multiusos,Spray,0.75,l,2.85,3.800,L
2026-09-26T15:29:09.962639+00:00,svq1,44313,Agua de peinado cabello Aqua Styling Deliplus,Fijación cabello,Spray,0.2,l,2.00,1.000,100 ml
2026-09-26T15:29:09.962639+00:00,svq1,44316,Gel fijador cabello X-trem Deliplus fijación 6,Fijación cabello,Bote,0.25,l,1.60,0.640,100 ml
2026-09-26T15:29:09.962639+00:00,svq1,44317,Protector térmico cabello Termo Protect Deliplus,Fijación cabello,Spray,0.2,l,3.00,1.500,100 ml
2026-09-26T15:29:09.962639+00:00,svq1,44320,Champú infantil Kids 3 en 1 Deliplus,Champú,Bote,0.3,l,1.70,0.567,100 ml
2026-09-26T15:29:09.962639+00:00,svq1,44326,Acondicionador instantáneo Repair & Nutrition Deliplus cabello seco y dañado,Acondicionador y mascarilla,Botella,0.4,l,3.30,0.825,100 ml
2026-09-26T15:29:09.962639+00:00,svq1,44330,Champú Dermo Sensitive Deliplus cuero cabelludo sensible,Champú,Bote,0.4,l,1.90,0.475,100 ml
2026-09-26T15:29:09.962639+00:00,svq1,44335,Champú Natural Deliplus todo tipo de cabello,Champú,Bote,0.4,l,1.90,0.475,100 ml
2026-09-26T15:29:09.962639+00:00,svq1,44337,Champú Argan Oil Deliplus cabello seco y dañado,Champú,Bote,0.4,l,1.90,0.475,100 ml
2026-09-26T15:29:09.962639+00:00,svq1,44338,Mascarilla Argan Oil Deliplus cabello seco y dañado,Acondicionador y mascarilla,Tarro,0.4,l,2.40,0.600,100 ml
2026-09-26T15:29:09.962639+00:00,svq1,44342,Mousse fijador cabello Deliplus fijación 2,Fijación cabello,Bote,0.2,l,2.50,1.250,100 ml
2026-09-26T15:29:09.962639+00:00,svq1,44363,Acondicionador Repair & Nutrition Deliplus cabello seco y dañado,Acondicionador y mascarilla,Bote,0.3,l,1.50,0.500,100 ml
2026-09-26T15:29:09.962639+00:00,svq1,44365,"Mascarilla Silver Blond Deliplus cabello rubio, decolorado y grises,",Acondicionador y mascarilla,Bote,0.2,l,3.95,1.975,100 ml
2026-09-26T15:29:09.962639+00:00,svq1,44398,Desodorante invisible black + white Rexona antimanchas,Desodorante,Spray,0.2,l,2.90,1.450,100 ml
2026-09-26T15:29:09.962639+00:00,svq1,44399,Desodorante cobalt dry Rexona Men antitranspirante,Desodorante,Spray,0.2,l,2.90,1.450,100 ml
2026-09-26T15:29:09.962639+00:00,svq1,44400,Desodorante invisible ice fresh Rexona Men antitranspirante y antimanchas,Desodorante,Spray,0.2,l,2.90,1.450,100 ml
2026-09-26T15:29:09.962639+00:00,svq1,44404,Planchado fácil Bosque Verde,Detergente y suavizante ropa,Botella,0.75,l,2.20,2.934,L
2026-09-26T15:29:09.962639+00:00,svq1,4487,Lasaña boloñesa Hacendado,Platos preparados calientes,Bandeja,0.35,kg,2.75,7.858,kg
2026-09-26T15:29:09.962639+00:00,svq1,4488,Lasaña boloñesa familiar Hacendado,Platos preparados calientes,Bandeja,0.7,kg,4.80,6.858,kg
2026-09-26T15:29:09.962639+00:00,svq1,44907,Gel de baño argán Deliplus piel muy seca,Gel y jabón de manos,Botella,0.5,l,1.65,0.330,100 ml
2026-09-26T15:29:09.962639+00:00,svq1,4491,Lasaña de espinacas y requesón Hacendado,Platos preparados calientes,Bandeja,0.35,kg,2.75,7.858,kg
2026-09-26T15:29:09.962639+00:00,svq1,44912,Gel de higiene íntima Deliplus,Higiene íntima,Bote,0.5,l,1.30,0.260,100 ml
2026-09-26T15:29:09.962639+00:00,svq1,44913,Gel de higiene íntima hidratante Deliplus,Higiene íntima,Bote,0.5,l,2.25,0.450,100 ml
2026-09-26T15:29:09.962639+00:00,svq1,44914,Gel aceite de baño Deliplus piel atópica,Gel y jabón de manos,Botella,0.5,l,3.60,0.720,100 ml
2026-09-26T15:29:09.962639+00:00,svq1,44915,Gel de baño 10% urea Deliplus piel áspera y deshidratada,Gel y jabón de manos,Botella,0.5,l,2.20,0.440,100 ml
2026-09-26T15:29:09.962639+00:00,svq1,44973,Esponja de baño infantil Disney,Gel y jabón de manos,Paquete,1.0,ud,1.90,1.900,ud
2026-09-26T15:29:09.962639+00:00,svq1,4498,Pollo al curry Hacendado con arroz basmati,Platos preparados calientes,Bandeja,0.28,kg,2.85,10.179,kg
2026-09-26T15:29:09.962639+00:00,svq1,45078,Desodorante roll-on Active control Sanex men antitranspirante,Desodorante,,0.05,l,1.90,3.800,100 ml
2026-09-26T15:29:09.962639+00:00,svq1,45204,Gel-Champú de baño 2 en 1 dermoprotector Deliplus para cuerpo y cabello,Gel y jabón de manos,Botella,0.25,l,1.10,0.440,100 ml
2026-09-26T15:29:09.962639+00:00,svq1,4529,Cerdo a tacos familiar,Cerdo,Bandeja,0.9,kg,5.09,5.650,kg
2026-09-26T15:29:09.962639+00:00,svq1,45297,Envase rellenable Deliplus tamaño viaje,Champú,Botella,0.1,l,1.05,1.050,ud
2026-09-26T15:29:09.962639+00:00,svq1,45483,Desodorante en crema original Dove antitranspirante,Desodorante,,0.05,l,2.55,5.100,100 ml
2026-09-26T15:29:09.962639+00:00,svq1,4570,Solomillo de cerdo,Cerdo,Paquete,0.56,kg,4.37,7.800,kg
2026-09-26T15:29:09.962639+00:00,svq1,45710,Esponja de baño suave Deliplus,Gel y jabón de manos,Paquete,1.0,ud,1.30,0.650,ud
2026-09-26T15:29:09.962639+00:00,svq1,45711,Esponja de baño doble acción suave masaje Deliplus,Gel y jabón de manos,Paquete,1.0,ud,1.30,0.650,ud
2026-09-26T15:29:09.962639+00:00,svq1,45716,Esponja de baño dermo agua Deliplus,Gel y jabón de manos,Paquete,1.0,ud,1.50,1.500,ud
2026-09-26T15:29:09.962639+00:00,svq1,45717,Esponjas de baño con jabón Deliplus,Gel y jabón de manos,Paquete,1.0,ud,1.25,0.125,ud
2026-09-26T15:29:09.962639+00:00,svq1,4590,Lomo de cerdo trozo,Cerdo,Pieza,1.19,kg,5.35,4.500,kg
2026-09-26T15:29:09.962639+00:00,svq1,46001,Desodorante Lactovit anti irritaciones,Desodorante,Spray,0.2,l,2.75,1.375,100 ml
2026-09-26T15:29:09.962639+00:00,svq1,46016,Desodorante roll-on Dry impact Nivea Men antitranspirante,Desodorante,,0.05,l,2.50,5.000,100 ml
2026-09-26T15:29:09.962639+00:00,svq1,46019,Desodorante para pies en polvo Deliplus antitranspirante,Desodorante,Bote,0.075,kg,2.20,2.934,100 g
2026-09-26T15:29:09.962639+00:00,svq1,46025,Desodorante roll-on Sensitive Byly,Desodorante,,0.05,l,1.85,3.700,100 ml
2026-09-26T15:29:09.962639+00:00,svq1,46028,Desodorante roll-on Dermo extra control Sanex antitranspirante,Desodorante,,0.05,l,1.90,3.800,100 ml
2026-09-26T15:29:09.962639+00:00,svq1,46029,Desodorante roll-on Invisible Black & White Nivea antitranspirante,Desodorante,,0.05,l,2.50,5.000,100 ml
2026-09-26T15:29:09.962639+00:00,svq1,46030,Desodorante roll-on Invisible Black & White Nivea Men antitranspirante,Desodorante,,0.05,l,2.50,5.000,100 ml
2026-09-26T15:29:09.962639+00:00,svq1,46087,Desodorante stick original Tulipán Negro,Desodorante,,0.1,l,2.85,2.850,100 ml
2026-09-26T15:29:09.962639+00:00,svq1,46107,Desodorante dermo extra control Sanex antitranspirante,Desodorante,Spray,0.2,l,2.35,1.175,100 ml
2026-09-26T15:29:09.962639+00:00,svq1,46156,Desodorante roll-on Dermo Sensitive Sanex antitranspirante,Desodorante,,0.05,l,2.30,4.600,100 ml
2026-09-26T15:29:09.962639+00:00,svq1,46204,Agua de colonia S3 Classic fresh,Perfume y colonia,Botella,0.75,l,3.90,0.520,100 ml
2026-09-26T15:29:09.962639+00:00,svq1,4640,Aceite de oliva 1º Hacendado,"Aceite, vinagre y sal",Botella,1.0,l,3.90,3.900,L
2026-09-26T15:29:09.962639+00:00,svq1,4641,Aceite de oliva 1º Hacendado,"Aceite, vinagre y sal",Garrafa,5.0,l,17.25,3.450,L
2026-09-26T15:29:09.962639+00:00,svq1,46415,Desodorante invisible men Deliplus antitranspirante y antimanchas,Desodorante,Spray,0.2,l,1.65,0.825,100 ml
2026-09-26T15:29:09.962639+00:00,svq1,46417,Desodorante seda Deliplus antitranspirante,Desodorante,Spray,0.2,l,1.65,0.825,100 ml
2026-09-26T15:29:09.962639+00:00,svq1,46420,Desodorante invisible Deliplus antitranspirante,Desodorante,Spray,0.2,l,1.65,0.825,100 ml
2026-09-26T15:29:09.962639+00:00,svq1,46434,Desodorante perfume Fashion Deliplus antitranspirante,Desodorante,Spray,0.2,l,1.65,0.825,100 ml
2026-09-26T15:29:09.962639+00:00,svq1,46443,Desodorante avena Deliplus antitranspirante,Desodorante,Spray,0.2,l,1.65,0.825,100 ml
2026-09-26T15:29:09.962639+00:00,svq1,46559,Agua perfumada bebé con notas florales Deliplus,Higiene y cuidado,Bote,0.1,l,3.20,3.200,100 ml
2026-09-26T15:29:09.962639+00:00,svq1,46567,Gel de baño frescor azul Deliplus piel normal,Gel y jabón de manos,Botella,0.75,l,0.95,0.127,100 ml
2026-09-26T15:29:09.962639+00:00,svq1,46568,Champú Repair & Nutrition Deliplus cabello seco y dañado,Champú,Bote,0.4,l,1.90,0.475,100 ml
2026-09-26T15:29:09.962639+00:00,svq1,46569,Mascarilla Repair & Nutrition Deliplus cabello seco y dañado,Acondicionador y mascarilla,Tarro,0.4,l,2.40,0.600,100 ml
2026-09-26T15:29:09.962639+00:00,svq1,46578,Gel de baño oliva Deliplus piel seca,Gel y jabón de manos,Botella,0.75,l,1.60,0.214,100 ml
2026-09-26T15:29:09.962639+00:00,svq1,46615,Crema de manos intensiva Dove,Cuidado corporal,Bote,0.075,l,2.10,2.800,100 ml
2026-09-26T15:29:09.962639+00:00,svq1,46673,Eau de toilette mujer Soplo,Perfume y colonia,Frasco,0.1,l,7.00,7.000,100 ml
2026-09-26T15:29:09.962639+00:00,svq1,46696,Jabón de manos tiernos recuerdos Deliplus,Gel y jabón de manos,Bote,0.5,l,1.30,0.260,100 ml
2026-09-26T15:29:09.962639+00:00,svq1,46699,Jabón de manos dermoprotector Deliplus,Gel y jabón de manos,Bote,0.5,l,0.80,0.160,100 ml
2026-09-26T15:29:09.962639+00:00,svq1,46703,Pañuelos de papel Aloe Vera Bosque Verde,Papel higiénico y celulosa,Paquete,10.0,ud,1.60,0.016,ud
2026-09-26T15:29:09.962639+00:00,svq1,46724,Dentífrico Bicarbonato blanqueador Deliplus,Higiene bucal,Tubo,0.1,l,1.10,1.100,100 ml
2026-09-26T15:29:09.962639+00:00,svq1,46727,Dentífrico Dental Pearl Deliplus blanqueador,Higiene bucal,Tubo,0.1,l,1.85,1.850,100 ml
2026-09-26T15:29:09.962639+00:00,svq1,46730,Dentífrico Fresh Gel Deliplus menta extra refrescante,Higiene bucal,Tubo,0.1,l,1.10,1.100,100 ml
2026-09-26T15:29:09.962639+00:00,svq1,46739,Dentífrico Sensitive Deliplus con hidroxiapatita,Higiene bucal,Tubo,0.1,l,1.70,1.700,100 ml
2026-09-26T15:29:09.962639+00:00,svq1,46771,Crema para pies 10% urea pura Deliplus,Cuidado corporal,Bote,0.125,l,1.10,0.880,100 ml
2026-09-26T15:29:09.962639+00:00,svq1,46806,Lote hombre Dj Mariio,Perfume y colonia,Caja,1.0,ud,10.00,10.000,ud
2026-09-26T15:29:09.962639+00:00,svq1,46812,Crema de manos flor de Japón Deliplus Hidrata & Perfuma,Cuidado corporal,Tubo,0.03,l,0.80,2.667,100 ml
2026-09-26T15:29:09.962639+00:00,svq1,46815,Aceite corporal de almendras Deliplus 100% natural,Cuidado corporal,Bote,0.2,l,3.40,1.700,100 ml
2026-09-26T15:29:09.962639+00:00,svq1,46816,Aceite corporal de romero Deliplus 100% natural,Cuidado corporal,Bote,0.2,l,3.20,1.600,100 ml
2026-09-26T15:29:09.962639+00:00,svq1,46831,Aceite corporal rosa mosqueta Deliplus,Cuidado corporal,Bote,0.03,l,4.80,16.000,100 ml
2026-09-26T15:29:09.962639+00:00,svq1,46833,Crema hidratante para pies Deliplus anti-sequedad,Cuidado corporal,Bote,0.125,l,1.10,0.880,100 ml
2026-09-26T15:29:09.962639+00:00,svq1,46835,Gel refrescante mentol Deliplus para pies y piernas,Cuidado corporal,Bote,0.3,l,2.50,0.834,100 ml
2026-09-26T15:29:09.962639+00:00,svq1,46844,Aceite en crema corporal Fussion Oriental Deliplus,Cuidado corporal,Bote,0.25,l,3.00,1.200,100 ml
2026-09-26T15:29:09.962639+00:00,svq1,46857,Crema facial gel revitalizante e hidratante Deliplus Men Care Vital,Afeitado y cuidado para hombre,Bote,0.05,l,5.00,10.000,100 ml
2026-09-26T15:29:09.962639+00:00,svq1,46858,Eau de toilette hombre Misty Wood Esencia vital,Perfume y colonia,Frasco,0.1,l,3.80,3.800,100 ml
2026-09-26T15:29:09.962639+00:00,svq1,46866,Contorno de ojos Men Care Regen Skin Deliplus,Afeitado y cuidado para hombre,Tubo,0.015,l,5.00,33.334,100 ml
2026-09-26T15:29:09.962639+00:00,svq1,46870,Crema facial noche antiarrugas renovadora Regen Skin Deliplus con Bakuchiol & colágeno,Cuidado e higiene facial,Tarro,0.05,l,5.50,11.000,100 ml
2026-09-26T15:29:09.962639+00:00,svq1,46871,Eau de toilette hombre Misty Wood Bosque místico,Perfume y colonia,Frasco,0.1,l,3.80,3.800,100 ml
2026-09-26T15:29:09.962639+00:00,svq1,46872,Contorno de ojos Deliplus Prevent Age Skin,Cuidado e higiene facial,Tubo,0.015,l,4.50,30.000,100 ml
2026-09-26T15:29:09.962639+00:00,svq1,46873,Sérum facial Retinol Regen Skin Deliplus,Cuidado e higiene facial,Frasco,0.03,l,5.50,18.334,100 ml
2026-09-26T15:29:09.962639+00:00,svq1,46877,Leche facial limpiadora Facial Clean,Cuidado e higiene facial,Bote,0.25,l,1.50,0.600,100 ml
2026-09-26T15:29:09.962639+00:00,svq1,46882,Jabón de manos en pastilla glicerina 100% natural Deliplus,Gel y jabón de manos,Pastilla,0.125,kg,1.10,0.880,100 g
2026-09-26T15:29:09.962639+00:00,svq1,46892,Gel facial limpiador Facial Clean,Cuidado e higiene facial,Bote,0.25,l,2.50,1.000,100 ml
2026-09-26T15:29:09.962639+00:00,svq1,46897,Spray cabello Ondas Surfing Deliplus,Fijación cabello,Spray,0.2,l,2.50,1.250,100 ml
2026-09-26T15:29:09.962639+00:00,svq1,46920,Eau de toilette infantil Disney Minnie Mouse,Perfume y colonia,Bote,0.2,l,4.00,2.000,100 ml
2026-09-26T15:29:09.962639+00:00,svq1,46954,Agua micelar cara y ojos Facial Clean,Cuidado e higiene facial,Bote,0.4,l,2.50,0.625,100 ml
2026-09-26T15:29:09.962639+00:00,svq1,46965,Enjuague bucal Total Action Deliplus,Higiene bucal,Botella,0.5,l,1.30,0.260,100 ml
2026-09-26T15:29:09.962639+00:00,svq1,46966,Enjuague bucal Fresh 0% alcohol Deliplus,Higiene bucal,Botella,0.5,l,1.35,0.270,100 ml
2026-09-26T15:29:09.962639+00:00,svq1,46967,Enjuague bucal Explosion Action Deliplus,Higiene bucal,Botella,0.5,l,1.35,0.270,100 ml
2026-09-26T15:29:09.962639+00:00,svq1,46978,Gel-champú bebé para pieles atópicas Deliplus,Higiene y cuidado,Bote,0.6,l,3.70,0.617,100 ml
2026-09-26T15:29:09.962639+00:00,svq1,46989,Desodorante piedra de alumbre mineral Deonat,Desodorante,,0.06,kg,2.20,3.667,100 g
2026-09-26T15:29:09.962639+00:00,svq1,46997,Dentífrico infantil + 2 años Deliplus,Higiene bucal,Tubo,0.075,l,0.95,1.267,100 ml
2026-09-26T15:29:09.962639+00:00,svq1,46999,Desodorante para pies fresh & dry Deliplus antitranspirante,Desodorante,Spray,0.15,l,2.20,1.467,100 ml
2026-09-26T15:29:09.962639+00:00,svq1,47010,Compresa de incontinencia hombre Tena Men,Higiene íntima,Caja,1.0,ud,4.90,0.490,ud
2026-09-26T15:29:09.962639+00:00,svq1,47030,Enjuague bucal Clorhexidina gingival Deliplus zero alcohol,Higiene bucal,Botella,0.5,l,2.00,0.400,100 ml
2026-09-26T15:29:09.962639+00:00,svq1,47038,Pañal bebé braguita talla L Pants Deliplus de 12-18 kg,Toallitas y pañales,Paquete,24.0,ud,6.90,0.288,ud
2026-09-26T15:29:09.962639+00:00,svq1,47039,Pañal bebé braguita talla XL Pants Deliplus de 16-28 kg,Toallitas y pañales,Paquete,22.0,ud,6.90,0.314,ud
2026-09-26T15:29:09.962639+00:00,svq1,4706,Aceite de oliva virgen extra Hacendado Gran Selección,"Aceite, vinagre y sal",Botella,0.75,l,5.25,7.000,L
2026-09-26T15:29:09.962639+00:00,svq1,4711,Aceite de oliva virgen Hacendado,"Aceite, vinagre y sal",Garrafa,3.0,l,11.65,3.884,L
2026-09-26T15:29:09.962639+00:00,svq1,4717,Aceite de oliva virgen extra Hacendado,"Aceite, vinagre y sal",Garrafa,3.0,l,12.80,4.267,L
2026-09-26T15:29:09.962639+00:00,svq1,4718,Aceite de oliva virgen extra Hacendado,"Aceite, vinagre y sal",Spray,0.2,l,2.60,13.000,L
2026-09-26T15:29:09.962639+00:00,svq1,47252,Desodorante roll-on Zero Sanex,Desodorante,,0.05,l,2.30,4.600,100 ml
2026-09-26T15:29:09.962639+00:00,svq1,47256,Desodorante Zero Sanex,Desodorante,Spray,0.2,l,2.85,1.425,100 ml
2026-09-26T15:29:09.962639+00:00,svq1,47287,Pañales bebé talla 2 Dodot Sensitive de 4-8 kg,Toallitas y pañales,Paquete,58.0,ud,16.95,0.293,ud
2026-09-26T15:29:09.962639+00:00,svq1,47291,Papel higiénico húmedo WC Bosque Verde,Cuidado corporal,Paquete,100.0,ud,1.55,0.016,ud
2026-09-26T15:29:09.962639+00:00,svq1,47293,Papel higiénico húmedo WC Bosque Verde,Cuidado corporal,Paquete,1.0,ud,0.80,0.054,ud
2026-09-26T15:29:09.962639+00:00,svq1,47319,Tampones mini Deliplus con aplicador suave,Higiene íntima,Caja,1.0,ud,2.75,0.138,ud
2026-09-26T15:29:09.962639+00:00,svq1,47320,Tampones regular Deliplus con aplicador suave,Higiene íntima,Caja,1.0,ud,2.75,0.138,ud
2026-09-26T15:29:09.962639+00:00,svq1,47321,Tampones super Deliplus con aplicador suave,Higiene íntima,Caja,1.0,ud,2.75,0.138,ud
2026-09-26T15:29:09.962639+00:00,svq1,47322,Tampones super plus Deliplus con aplicador suave,Higiene íntima,Caja,1.0,ud,2.75,0.138,ud
2026-09-26T15:29:09.962639+00:00,svq1,47349,Protegeslip cotton normal Deliplus,Higiene íntima,Caja,1.0,ud,1.80,0.060,ud
2026-09-26T15:29:09.962639+00:00,svq1,47350,Protegeslip cotton maxi Deliplus,Higiene íntima,Caja,1.0,ud,1.90,0.068,ud
2026-09-26T15:29:09.962639+00:00,svq1,47351,Protegeslip dry normal Deliplus,Higiene íntima,Caja,1.0,ud,2.20,0.032,ud
2026-09-26T15:29:09.962639+00:00,svq1,47352,Protegeslip dry maxi Deliplus,Higiene íntima,Caja,1.0,ud,2.60,0.044,ud
2026-09-26T15:29:09.962639+00:00,svq1,47366,Pañal junior braguita noche Deliplus de 17-30 kg,Toallitas y pañales,Paquete,16.0,ud,10.65,0.666,ud
2026-09-26T15:29:09.962639+00:00,svq1,47367,Pañal junior braguita noche Deliplus de 27-57 kg,Toallitas y pañales,Paquete,13.0,ud,10.65,0.820,ud
2026-09-26T15:29:09.962639+00:00,svq1,47377,Protector cama Deliplus tamaño 60 x 90 cm,Higiene íntima,Paquete,1.0,ud,8.50,0.425,ud
2026-09-26T15:29:09.962639+00:00,svq1,47380,Compresa classic normal Deliplus sin alas,Higiene íntima,Paquete,1.0,ud,1.20,0.047,ud
2026-09-26T15:29:09.962639+00:00,svq1,47381,Compresa classic normal Deliplus sin alas,Higiene íntima,Paquete,1.0,ud,1.30,0.065,ud
2026-09-26T15:29:09.962639+00:00,svq1,47382,Compresa classic super Deliplus sin alas,Higiene íntima,Paquete,1.0,ud,1.50,0.094,ud
2026-09-26T15:29:09.962639+00:00,svq1,47383,Compresa classic noche Deliplus con alas,Higiene íntima,Paquete,1.0,ud,1.50,0.150,ud
2026-09-26T15:29:09.962639+00:00,svq1,47386,Protegeslip suave normal Deliplus,Higiene íntima,Caja,1.0,ud,1.20,0.043,ud
2026-09-26T15:29:09.962639+00:00,svq1,47387,Protegeslip suave maxi Deliplus,Higiene íntima,Caja,1.0,ud,2.35,0.040,ud
2026-09-26T15:29:09.962639+00:00,svq1,47389,Protegeslip suave 2 en 1 Deliplus,Higiene íntima,Caja,1.0,ud,1.90,0.080,ud
2026-09-26T15:29:09.962639+00:00,svq1,47390,Protegeslip micro fresh Deliplus,Higiene íntima,Caja,1.0,ud,2.10,0.048,ud
2026-09-26T15:29:09.962639+00:00,svq1,47391,Protegeslip ultrafino fresh Deliplus,Higiene íntima,Caja,1.0,ud,1.35,0.040,ud
2026-09-26T15:29:09.962639+00:00,svq1,47392,Protegeslip tanga fresh Deliplus,Higiene íntima,Caja,1.0,ud,1.35,0.045,ud
2026-09-26T15:29:09.962639+00:00,svq1,4740,Aceite de oliva virgen extra Hacendado,"Aceite, vinagre y sal",Botella,1.0,l,4.45,4.450,L
2026-09-26T15:29:09.962639+00:00,svq1,47480,Protegeslip de incontinencia pequeño Deliplus,Higiene íntima,Caja,1.0,ud,3.10,0.092,ud
2026-09-26T15:29:09.962639+00:00,svq1,47489,Esponja anatómica para bebés Deliplus,Higiene y cuidado,Paquete,1.0,ud,1.00,1.000,ud
2026-09-26T15:29:09.962639+00:00,svq1,4749,Aceite de oliva virgen Hacendado,"Aceite, vinagre y sal",Botella,1.0,l,4.10,4.100,L
2026-09-26T15:29:09.962639+00:00,svq1,47496,Pañal adulto braguita plus talla L Pants Deliplus,Higiene íntima,Paquete,1.0,ud,11.95,0.854,ud
2026-09-26T15:29:09.962639+00:00,svq1,47554,Protegeslip Flexiform Carefree Cotton feel regular + tanga,Higiene íntima,Caja,1.0,ud,2.05,0.069,ud
2026-09-26T15:29:09.962639+00:00,svq1,47608,Pañal adulto braguita plus talla M Pants Deliplus,Higiene íntima,Paquete,1.0,ud,10.80,0.772,ud
2026-09-26T15:29:09.962639+00:00,svq1,47609,Pañuelos de papel Extra Suaves Bosque Verde,Papel higiénico y celulosa,Caja,200.0,ud,1.30,0.007,ud
2026-09-26T15:29:09.962639+00:00,svq1,47618,Pañuelos de papel Mentol Bosque Verde,Papel higiénico y celulosa,Paquete,10.0,ud,1.80,0.018,ud
2026-09-26T15:29:09.962639+00:00,svq1,47620,Pañuelos de papel Extra Suaves Bosque Verde,Papel higiénico y celulosa,Paquete,10.0,ud,1.10,0.011,ud
2026-09-26T15:29:09.962639+00:00,svq1,47818,Papel higiénico Doble Rollo Bosque Verde,Papel higiénico y celulosa,Paquete,1.0,ud,4.60,0.384,ud
2026-09-26T15:29:09.962639+00:00,svq1,47819,Papel higiénico Doble Rollo Bosque Verde,Papel higiénico y celulosa,Paquete,1.0,ud,2.35,0.392,ud
2026-09-26T15:29:09.962639+00:00,svq1,47828,Toallitas Dermo higiene corporal Deliplus tamaño gigantes,Cuidado corporal,Paquete,60.0,ud,4.00,0.067,ud
2026-09-26T15:29:09.962639+00:00,svq1,47835,Papel higiénico doble hoja Bosque Verde,Papel higiénico y celulosa,Paquete,1.0,ud,2.35,0.196,ud
2026-09-26T15:29:09.962639+00:00,svq1,4797,Albóndigas guisadas Hacendado,Platos preparados calientes,Bandeja,0.275,kg,2.65,9.637,kg
2026-09-26T15:29:09.962639+00:00,svq1,4798,Pastel de atún Hacendado,Platos preparados fríos,Bandeja,0.26,kg,2.90,11.154,kg
2026-09-26T15:29:09.962639+00:00,svq1,47994,Hoja de laurel Hacendado,Especias,Paquete,0.012,kg,0.85,7.084,100 g
2026-09-26T15:29:09.962639+00:00,svq1,48001,"Recipiente de plástico redondo 0,5L Bosque Verde",Menaje y conservación de alimentos,Paquete,3.0,ud,2.05,0.684,ud
2026-09-26T15:29:09.962639+00:00,svq1,48005,Recipiente de plástico redondo 240 ml Bosque Verde,Menaje y conservación de alimentos,Paquete,3.0,ud,2.00,0.667,ud
2026-09-26T15:29:09.962639+00:00,svq1,48009,Recipiente de plástico redondo 1L Bosque Verde,Menaje y conservación de alimentos,Paquete,2.0,ud,2.05,1.025,ud
2026-09-26T15:29:09.962639+00:00,svq1,4848,Queso provolone de vaca Hacendado,"Queso untable, fresco y especialidades",Paquete,0.2,kg,2.45,12.250,kg
2026-09-26T15:29:09.962639+00:00,svq1,4850,Aceite de oliva virgen extra Picual Casa Juncal,"Aceite, vinagre y sal",Botella,0.5,l,4.85,9.700,L
2026-09-26T15:29:09.962639+00:00,svq1,48649,"Cubo de basura mediano 30L Bosque Verde 30,2 x 30,5 x 41,9 cm",Utensilios de limpieza y calzado,,1.0,ud,8.55,8.550,ud
2026-09-26T15:29:09.962639+00:00,svq1,48651,"Cubo de basura pequeño 10L Bosque Verde 24,1 x 25 x 24,7 cm",Utensilios de limpieza y calzado,,1.0,ud,7.25,7.250,ud
2026-09-26T15:29:09.962639+00:00,svq1,48652,Recogedor antivuelco con palo Bosque Verde,Utensilios de limpieza y calzado,,1.0,ud,1.60,1.600,ud
2026-09-26T15:29:09.962639+00:00,svq1,4868,Picadillo de variantes Hacendado,Aceitunas y encurtidos,Tarro,0.42,kg,2.10,8.400,kg
2026-09-26T15:29:09.962639+00:00,svq1,4883,Queso curado mezcla con trufa Hacendado,"Queso curado, semicurado y tierno",Pieza,0.27,kg,5.94,22.000,kg
2026-09-26T15:29:09.962639+00:00,svq1,4900,Chuletas aguja de cerdo,Cerdo,Bandeja,0.75,kg,3.86,5.150,kg
2026-09-26T15:29:09.962639+00:00,svq1,49000,Papel de aluminio Bosque Verde,Menaje y conservación de alimentos,Caja,30.0,m,2.25,0.075,m
2026-09-26T15:29:09.962639+00:00,svq1,49011,Mantel de papel color aleatorio Bosque Verde,Menaje y conservación de alimentos,,1.0,ud,3.10,3.100,ud
2026-09-26T15:29:09.962639+00:00,svq1,4903,Limón exprimido Hacendado,"Aceite, vinagre y sal",Botella,0.28,l,1.40,5.000,L
2026-09-26T15:29:09.962639+00:00,svq1,49049,Velote blanco Roura,Menaje y conservación de alimentos,,1.0,ud,1.20,1.200,ud
2026-09-26T15:29:09.962639+00:00,svq1,4905,Reducción bálsamica de vinagre Pedro Ximénez Hacendado,"Aceite, vinagre y sal",Botella,0.3,kg,2.25,7.500,kg
2026-09-26T15:29:09.962639+00:00,svq1,49073,Bolsas zip congelación medianas Bosque Verde reutilizables,Menaje y conservación de alimentos,Caja,1.0,ud,1.20,0.060,ud
2026-09-26T15:29:09.962639+00:00,svq1,49074,Bolsas zip congelación grandes Bosque Verde reutilizables,Menaje y conservación de alimentos,Caja,1.0,ud,1.25,0.084,ud
2026-09-26T15:29:09.962639+00:00,svq1,4908,Crema de vinagre balsámico de Módena Hacendado,"Aceite, vinagre y sal",Botella,0.25,kg,1.80,7.200,kg
2026-09-26T15:29:09.962639+00:00,svq1,49087,Mantel de papel blanco Bosque Verde,Menaje y conservación de alimentos,,1.0,ud,2.60,2.600,ud
2026-09-26T15:29:09.962639+00:00,svq1,4911,Empanadilla de atún,Bollería de horno,Pieza,0.125,kg,1.30,10.400,kg
2026-09-26T15:29:09.962639+00:00,svq1,49116,Fósforos de madera largos Tres Estrellas,Menaje y conservación de alimentos,,3.0,ud,1.25,0.417,ud
2026-09-26T15:29:09.962639+00:00,svq1,4915,Presa de cerdo ibérico,Cerdo,Bandeja,0.32,kg,9.28,29.000,kg
2026-09-26T15:29:09.962639+00:00,svq1,4916,Pluma de cerdo ibérico,Cerdo,Bandeja,0.27,kg,8.07,29.900,kg
2026-09-26T15:29:09.962639+00:00,svq1,49173,Papel Multiusos Resistente Bosque Verde,Papel higiénico y celulosa,Paquete,1.0,ud,3.70,3.700,ud
2026-09-26T15:29:09.962639+00:00,svq1,49176,Papel cocina Gigante Absorbente Bosque Verde,Papel higiénico y celulosa,Paquete,1.0,ud,2.95,2.950,ud
2026-09-26T15:29:09.962639+00:00,svq1,4918,Filetes lomo de cerdo ibérico,Cerdo,Bandeja,0.285,kg,6.84,24.000,kg
2026-09-26T15:29:09.962639+00:00,svq1,4919,Secreto de cerdo ibérico,Cerdo,Bandeja,0.25,kg,6.50,26.000,kg
2026-09-26T15:29:09.962639+00:00,svq1,4922,Lagarto de cerdo ibérico,Cerdo,Bandeja,0.265,kg,5.83,22.000,kg
2026-09-26T15:29:09.962639+00:00,svq1,49224,Bolsas congelación medianas Bosque Verde reutilizables,Menaje y conservación de alimentos,Caja,1.0,ud,0.85,0.022,ud
2026-09-26T15:29:09.962639+00:00,svq1,4923,Carrillada de cerdo ibérica,Cerdo,Bandeja,0.475,kg,8.79,18.500,kg
2026-09-26T15:29:09.962639+00:00,svq1,4925,Abanico de cerdo ibérico,Cerdo,Bandeja,0.24,kg,4.70,19.600,kg
2026-09-26T15:29:09.962639+00:00,svq1,4929,Queso precortado de cabra Hacendado,"Queso untable, fresco y especialidades",Paquete,0.2,kg,2.80,14.000,kg
2026-09-26T15:29:09.962639+00:00,svq1,49302,Velote rojo Roura,Menaje y conservación de alimentos,,1.0,ud,1.20,1.200,ud
2026-09-26T15:29:09.962639+00:00,svq1,49319,Palillos redondos Bosque Verde,Menaje y conservación de alimentos,Bote,500.0,ud,1.25,0.003,ud
2026-09-26T15:29:09.962639+00:00,svq1,49330,Mini mechero Clipper,Menaje y conservación de alimentos,Paquete,3.0,ud,2.50,0.834,ud
2026-09-26T15:29:09.962639+00:00,svq1,4940,Vinagre de vino blanco Hacendado,"Aceite, vinagre y sal",Botella,1.0,l,0.65,0.650,L
2026-09-26T15:29:09.962639+00:00,svq1,49402,Vinagre de Limpieza Bosque Verde concentrado,Limpieza muebles y multiusos,Botella,1.0,l,0.90,0.900,L
2026-09-26T15:29:09.962639+00:00,svq1,4949,Lagarto de cerdo,Cerdo,Bandeja,0.5,kg,4.00,8.000,kg
2026-09-26T15:29:09.962639+00:00,svq1,49544,Servilleta papel Bosque Verde,Papel higiénico y celulosa,Paquete,200.0,ud,1.15,0.006,ud
2026-09-26T15:29:09.962639+00:00,svq1,4957,Vinagre de manzana Hacendado,"Aceite, vinagre y sal",Botella,1.0,l,0.90,0.900,L
2026-09-26T15:29:09.962639+00:00,svq1,49589,Servilleta papel suave Bosque Verde,Papel higiénico y celulosa,Paquete,100.0,ud,1.65,0.017,ud
2026-09-26T15:29:09.962639+00:00,svq1,49619,Papel hogar Compacto Absorbente Bosque Verde,Papel higiénico y celulosa,Paquete,3.0,ud,2.25,0.750,ud
2026-09-26T15:29:09.962639+00:00,svq1,49632,Bandeja de cartón rectangular Bosque Verde,Menaje y conservación de alimentos,Paquete,4.0,ud,2.35,0.588,ud
2026-09-26T15:29:09.962639+00:00,svq1,49701,Servilleta papel Cocktail Bosque Verde,Papel higiénico y celulosa,Paquete,200.0,ud,2.10,0.011,ud
2026-09-26T15:29:09.962639+00:00,svq1,49703,Bolsas de basura jardín 100L Bosque Verde,Pilas y bolsas de basura,Paquete,1.0,ud,2.85,0.285,ud
2026-09-26T15:29:09.962639+00:00,svq1,49704,Bolsas de basura 10L Bosque Verde perfumadas,Pilas y bolsas de basura,Paquete,1.0,ud,1.40,0.035,ud
2026-09-26T15:29:09.962639+00:00,svq1,49710,Servilleta papel decorada Resistente Bosque Verde,Papel higiénico y celulosa,Paquete,100.0,ud,2.05,0.021,ud
2026-09-26T15:29:09.962639+00:00,svq1,49750,Bolsas de basura 30L Bosque Verde perfumadas,Pilas y bolsas de basura,Paquete,1.0,ud,1.80,0.045,ud
2026-09-26T15:29:09.962639+00:00,svq1,49760,Bolsas para residuos caninos Nuske Doggy bags,Perro,Paquete,45.0,ud,1.30,0.029,ud
2026-09-26T15:29:09.962639+00:00,svq1,49837,"Molde de aluminio rectangular 0,5L Alibérico",Menaje y conservación de alimentos,Paquete,5.0,ud,1.95,0.390,ud
2026-09-26T15:29:09.962639+00:00,svq1,49863,"Molde de aluminio rectangular 1,5L Alibérico",Menaje y conservación de alimentos,Paquete,3.0,ud,3.35,1.117,ud
2026-09-26T15:29:09.962639+00:00,svq1,49867,"Molde de aluminio cuadrado 2,7L Alibérico",Menaje y conservación de alimentos,Paquete,2.0,ud,2.45,1.225,ud
2026-09-26T15:29:09.962639+00:00,svq1,50008,Queso grana padano Zanetti,"Queso curado, semicurado y tierno",Pieza,0.23,kg,3.66,15.900,kg
2026-09-26T15:29:09.962639+00:00,svq1,5002,Arroz basmati aromático Hacendado,Arroz,Paquete,1.0,kg,2.10,2.100,kg
2026-09-26T15:29:09.962639+00:00,svq1,50021,Queso rulo de cabra Hacendado,"Queso untable, fresco y especialidades",Paquete,0.2,kg,2.65,13.250,kg
2026-09-26T15:29:09.962639+00:00,svq1,50124,Crema facial regeneradora Anti Ox Dragon's Blood FPS 12,Cuidado e higiene facial,Tarro,0.05,l,5.00,10.000,100 ml
2026-09-26T15:29:09.962639+00:00,svq1,50148,Queso lonchas semicurado mezcla Hacendado,"Queso lonchas, rallado y en porciones",Paquete,0.21,kg,2.57,12.250,kg
2026-09-26T15:29:09.962639+00:00,svq1,50151,Queso lonchas de oveja Hacendado,"Queso lonchas, rallado y en porciones",Paquete,0.21,kg,3.02,14.400,kg
2026-09-26T15:29:09.962639+00:00,svq1,50153,Queso lonchas de cabra Hacendado,"Queso lonchas, rallado y en porciones",Paquete,0.22,kg,3.26,14.800,kg
2026-09-26T15:29:09.962639+00:00,svq1,50170,"Crema facial Revitaliza y Reestructura Sisbela Reafirm Deliplus con ácido ribonucleico RNA, ácido desoxirribonucleico DNA y silicio",Cuidado e higiene facial,Tarro,0.05,l,5.00,10.000,100 ml
2026-09-26T15:29:09.962639+00:00,svq1,50198,Sérum facial potenciador 12% silicio Deliplus Sisbela Reafirm,Cuidado e higiene facial,Frasco,0.03,l,5.00,16.667,100 ml
2026-09-26T15:29:09.962639+00:00,svq1,50199,Sérum reductor instantáneo de bolsas y ojeras Deliplus Sisbela Reafirm,Cuidado e higiene facial,Caja,0.01,l,5.00,50.000,100 ml
2026-09-26T15:29:09.962639+00:00,svq1,5020,Arroz vaporizado Hacendado,Arroz,Paquete,1.0,kg,1.55,1.550,kg
2026-09-26T15:29:09.962639+00:00,svq1,5024,Arroz redondo SOS,Arroz,Paquete,1.0,kg,1.88,1.880,kg
2026-09-26T15:29:09.962639+00:00,svq1,50256,Crema facial Hidrata Deliplus ácido hialurónico y aloe vera,Cuidado e higiene facial,Tarro,0.05,l,5.00,10.000,100 ml
2026-09-26T15:29:09.962639+00:00,svq1,50326,Crema facial hidratante anti-rojeces Deliplus Sensitive Vitamina K Ox,Cuidado e higiene facial,Tarro,0.05,l,6.00,12.000,100 ml
2026-09-26T15:29:09.962639+00:00,svq1,50371,Queso lonchas fundido sándwich mezcla Hacendado,"Queso lonchas, rallado y en porciones",Paquete,0.2,kg,1.10,5.500,kg
2026-09-26T15:29:09.962639+00:00,svq1,50385,Queso lonchas tierno mezcla Hacendado,"Queso lonchas, rallado y en porciones",Paquete,0.25,kg,2.49,9.950,kg
2026-09-26T15:29:09.962639+00:00,svq1,5042,Arroz redondo J Sendra Hacendado,Arroz,Paquete,1.0,kg,1.60,1.600,kg
2026-09-26T15:29:09.962639+00:00,svq1,5044,Arroz redondo Hacendado,Arroz,Paquete,1.0,kg,1.15,1.150,kg
2026-09-26T15:29:09.962639+00:00,svq1,50459,Queso lonchas edam de vaca Holland Corona,"Queso lonchas, rallado y en porciones",Paquete,0.3,kg,2.00,6.667,kg
2026-09-26T15:29:09.962639+00:00,svq1,5046,Filetes lomo de cerdo adobado familiar,Cerdo,Bandeja,0.97,kg,6.50,6.700,kg
2026-09-26T15:29:09.962639+00:00,svq1,50478,Queso tierno gouda de vaca Hacendado,"Queso curado, semicurado y tierno",Pieza,0.45,kg,3.30,7.334,kg
2026-09-26T15:29:09.962639+00:00,svq1,50480,Queso tierno maasdam de vaca Holland Corona,"Queso curado, semicurado y tierno",Pieza,0.4,kg,3.30,8.250,kg
2026-09-26T15:29:09.962639+00:00,svq1,5049,Arroz vaporizado Brillante,Arroz,Caja,1.0,kg,1.98,1.980,kg
2026-09-26T15:29:09.962639+00:00,svq1,50543,Queso lonchas tierno de vaca Hacendado,"Queso lonchas, rallado y en porciones",Paquete,0.3,kg,2.50,8.334,kg
2026-09-26T15:29:09.962639+00:00,svq1,50545,Queso lonchas cremoso de vaca Hacendado,"Queso lonchas, rallado y en porciones",Paquete,0.3,kg,2.80,9.334,kg
2026-09-26T15:29:09.962639+00:00,svq1,50546,Queso lonchas cremoso light de vaca Hacendado,"Queso lonchas, rallado y en porciones",Paquete,0.3,kg,2.90,9.667,kg
2026-09-26T15:29:09.962639+00:00,svq1,50589,Queso curado DOP manchego de oveja Hacendado,"Queso curado, semicurado y tierno",Pieza,0.29,kg,5.83,20.100,kg
2026-09-26T15:29:09.962639+00:00,svq1,50613,Queso gorgonzola de vaca Hacendado,"Queso untable, fresco y especialidades",Pieza,0.17,kg,2.09,12.300,kg
2026-09-26T15:29:09.962639+00:00,svq1,50619,Queso brie marcillat de vaca Plaisir de Roy,"Queso untable, fresco y especialidades",Pieza,0.2,kg,1.65,8.250,kg
2026-09-26T15:29:09.962639+00:00,svq1,5063,Arroz largo Hacendado,Arroz,Paquete,1.0,kg,1.20,1.200,kg
2026-09-26T15:29:09.962639+00:00,svq1,50654,Queso lonchas gouda de vaca Hacendado,"Queso lonchas, rallado y en porciones",Paquete,0.3,kg,1.95,6.500,kg
2026-09-26T15:29:09.962639+00:00,svq1,50764,Hidratante facial BB cream Deliplus 02 medio FPS 20,Cuidado e higiene facial,Bote,0.05,l,4.50,9.000,100 ml
2026-09-26T15:29:09.962639+00:00,svq1,50915,Queso tierno bajo en sal mezcla Hacendado,"Queso curado, semicurado y tierno",Pieza,0.35,kg,3.87,11.050,kg
2026-09-26T15:29:09.962639+00:00,svq1,50916,Queso tierno de vaca Hacendado cortado en cuñitas,"Queso curado, semicurado y tierno",Pieza,0.32,kg,2.56,8.000,kg
2026-09-26T15:29:09.962639+00:00,svq1,50917,Queso tierno mezcla Hacendado,"Queso curado, semicurado y tierno",Pieza,0.35,kg,3.13,8.950,kg
2026-09-26T15:29:09.962639+00:00,svq1,50918,Queso tierno mezcla Hacendado cortado en cuñitas,"Queso curado, semicurado y tierno",Pieza,0.325,kg,3.82,11.750,kg
2026-09-26T15:29:09.962639+00:00,svq1,50919,Queso tierno mezcla Hacendado,"Queso curado, semicurado y tierno",Pieza,1.22,kg,10.61,8.700,kg
2026-09-26T15:29:09.962639+00:00,svq1,50929,Queso Arzúa-Ulloa de vaca Punteiro,"Queso curado, semicurado y tierno",Pieza,0.78,kg,6.98,8.950,kg
2026-09-26T15:29:09.962639+00:00,svq1,50941,Queso semicurado sin lactosa mezcla Hacendado,"Queso curado, semicurado y tierno",Pieza,0.43,kg,5.63,13.100,kg
2026-09-26T15:29:09.962639+00:00,svq1,50942,Queso semicurado de cabra Hacendado,"Queso curado, semicurado y tierno",Pieza,0.3,kg,4.89,16.300,kg
2026-09-26T15:29:09.962639+00:00,svq1,50943,Queso semicurado mezcla Hacendado,"Queso curado, semicurado y tierno",Pieza,0.42,kg,4.07,9.700,kg
2026-09-26T15:29:09.962639+00:00,svq1,50944,Queso semicurado mezcla Hacendado cortado en cuñitas,"Queso curado, semicurado y tierno",Pieza,0.34,kg,4.25,12.500,kg
2026-09-26T15:29:09.962639+00:00,svq1,50946,Queso semicurado mezcla Hacendado,"Queso curado, semicurado y tierno",Pieza,1.54,kg,14.49,9.410,kg
2026-09-26T15:29:09.962639+00:00,svq1,50952,Queso añejo tostado mezcla Hacendado,"Queso curado, semicurado y tierno",Pieza,0.37,kg,6.19,16.740,kg
2026-09-26T15:29:09.962639+00:00,svq1,50959,Queso añejo de oveja al romero Hacendado,"Queso curado, semicurado y tierno",Pieza,0.27,kg,5.18,19.200,kg
2026-09-26T15:29:09.962639+00:00,svq1,50965,Queso curado mezcla Hacendado,"Queso curado, semicurado y tierno",Pieza,0.41,kg,4.67,11.400,kg
2026-09-26T15:29:09.962639+00:00,svq1,50966,Queso curado mezcla Hacendado cortado en cuñitas,"Queso curado, semicurado y tierno",Pieza,0.33,kg,4.69,14.200,kg
2026-09-26T15:29:09.962639+00:00,svq1,50971,Queso viejo tostado mezcla Hacendado,"Queso curado, semicurado y tierno",Pieza,0.395,kg,5.59,14.150,kg
2026-09-26T15:29:09.962639+00:00,svq1,50975,Queso añejo fuerte de oveja Hacendado,"Queso curado, semicurado y tierno",Pieza,0.33,kg,6.04,18.300,kg
2026-09-26T15:29:09.962639+00:00,svq1,50984,Queso viejo de oveja Hacendado,"Queso curado, semicurado y tierno",Pieza,1.54,kg,20.79,13.500,kg
2026-09-26T15:29:09.962639+00:00,svq1,50985,Queso viejo tostado mezcla Hacendado,"Queso curado, semicurado y tierno",Pieza,1.56,kg,20.94,13.420,kg
2026-09-26T15:29:09.962639+00:00,svq1,50994,Queso curado mezcla madurado en madera Hacendado,"Queso curado, semicurado y tierno",Pieza,0.25,kg,3.73,14.900,kg
2026-09-26T15:29:09.962639+00:00,svq1,50999,Tabla de quesos nacionales Hacendado,"Queso curado, semicurado y tierno",Bandeja,0.24,kg,4.95,20.625,kg
2026-09-26T15:29:09.962639+00:00,svq1,51012,Requesón mezcla Hacendado,"Queso untable, fresco y especialidades",Tarrina,0.2,kg,1.00,5.000,kg
2026-09-26T15:29:09.962639+00:00,svq1,51026,Queso fresco Burgos natural de vaca Hacendado,"Queso untable, fresco y especialidades",Pack-6,0.375,kg,1.70,4.534,kg
2026-09-26T15:29:09.962639+00:00,svq1,51043,Queso fresco 0% MG de vaca Burgo de Arias,"Queso untable, fresco y especialidades",,0.216,kg,3.40,15.741,kg
2026-09-26T15:29:09.962639+00:00,svq1,51044,Queso fresco de vaca Burgo de Arias,"Queso untable, fresco y especialidades",Pack-3,0.216,kg,3.40,15.741,kg
2026-09-26T15:29:09.962639+00:00,svq1,51050,Mozzarella fresca de vaca Hacendado,"Queso untable, fresco y especialidades",Paquete,0.25,kg,0.90,7.200,kg
2026-09-26T15:29:09.962639+00:00,svq1,51052,Mozzarella fresca de vaca Hacendado en perlas,"Queso untable, fresco y especialidades",Tarrina,0.3,kg,1.90,12.667,kg
2026-09-26T15:29:09.962639+00:00,svq1,51068,Queso fundido con palitos La vaca que ríe,"Queso lonchas, rallado y en porciones",Caja,0.14,kg,2.35,16.786,kg
2026-09-26T15:29:09.962639+00:00,svq1,51071,Queso fresco batido desnatado 0% MG Hacendado,"Queso untable, fresco y especialidades",Tarrina,0.5,kg,1.10,2.200,kg
2026-09-26T15:29:09.962639+00:00,svq1,51072,Queso fresco mascarpone de vaca Hacendado,"Queso untable, fresco y especialidades",Tarrina,0.25,kg,2.75,11.000,kg
2026-09-26T15:29:09.962639+00:00,svq1,51073,Queso untar original Philadelphia,"Queso untable, fresco y especialidades",Tarrina,0.27,kg,2.90,10.741,kg
2026-09-26T15:29:09.962639+00:00,svq1,51074,Queso fresco Burgos desnatado 0% MG de vaca Hacendado,"Queso untable, fresco y especialidades",,0.375,kg,1.70,4.534,kg
2026-09-26T15:29:09.962639+00:00,svq1,51079,Queso untar light Philadelphia,"Queso untable, fresco y especialidades",Tarrina,0.27,kg,2.90,10.741,kg
2026-09-26T15:29:09.962639+00:00,svq1,51097,Tofu firme Hacendado,Platos preparados fríos,Paquete,0.4,kg,1.75,6.364,kg
2026-09-26T15:29:09.962639+00:00,svq1,51110,Queso rallado mozzarella pizza-Roma de vaca Hacendado,"Queso lonchas, rallado y en porciones",Paquete,0.2,kg,1.60,8.000,kg
2026-09-26T15:29:09.962639+00:00,svq1,51111,Queso curado y cheddar Hacendado en dados,"Queso curado, semicurado y tierno",Paquete,0.125,kg,1.15,9.200,kg
2026-09-26T15:29:09.962639+00:00,svq1,51126,Queso lonchas mozzarella de vaca Hacendado,"Queso lonchas, rallado y en porciones",Paquete,0.2,kg,1.80,9.000,kg
2026-09-26T15:29:09.962639+00:00,svq1,51146,Queso en polvo grana padano Hacendado,"Queso lonchas, rallado y en porciones",Paquete,0.1,kg,1.65,16.500,kg
2026-09-26T15:29:09.962639+00:00,svq1,51151,Queso en polvo especial pasta mezcla Hacendado,"Queso lonchas, rallado y en porciones",Paquete,0.15,kg,1.25,8.334,kg
2026-09-26T15:29:09.962639+00:00,svq1,51167,Mousse de queso de vaca con ajo y finas hierbas Hacendado,"Queso untable, fresco y especialidades",Tarrina,0.15,kg,1.65,11.000,kg
2026-09-26T15:29:09.962639+00:00,svq1,51181,Crema de queso camembert Hacendado,"Queso untable, fresco y especialidades",Tarrina,0.15,kg,1.80,12.000,kg
2026-09-26T15:29:09.962639+00:00,svq1,51191,Queso fresco de vaca Hacendado,"Queso untable, fresco y especialidades",Tarrina,0.25,kg,1.60,6.400,kg
2026-09-26T15:29:09.962639+00:00,svq1,51192,Queso fresco light de vaca Hacendado,"Queso untable, fresco y especialidades",Tarrina,0.25,kg,2.20,8.800,kg
2026-09-26T15:29:09.962639+00:00,svq1,51194,Queso fresco de cabra Hacendado,"Queso untable, fresco y especialidades",Tarrina,0.25,kg,2.95,11.800,kg
2026-09-26T15:29:09.962639+00:00,svq1,51197,Queso feta mezcla Hacendado en dados,"Queso untable, fresco y especialidades",Tarrina,0.37,kg,2.40,16.000,kg
2026-09-26T15:29:09.962639+00:00,svq1,51198,Queso lonchas fundido burger mezcla Hacendado,"Queso lonchas, rallado y en porciones",Paquete,0.3,kg,1.90,6.334,kg
2026-09-26T15:29:09.962639+00:00,svq1,51200,Queso fresco de vaca y cabra Hacendado,"Queso untable, fresco y especialidades",Tarrina,0.25,kg,2.30,9.200,kg
2026-09-26T15:29:09.962639+00:00,svq1,51201,Mozzarella fresca di bufala campana Hacendado,"Queso untable, fresco y especialidades",Tarrina,0.28,kg,1.85,14.800,kg
2026-09-26T15:29:09.962639+00:00,svq1,51203,Queso untar suave de vaca Hacendado,"Queso untable, fresco y especialidades",Tarrina,0.3,kg,1.40,4.667,kg
2026-09-26T15:29:09.962639+00:00,svq1,51208,Queso untar de vaca con finas hierbas Hacendado,"Queso untable, fresco y especialidades",Tarrina,0.2,kg,1.85,9.250,kg
2026-09-26T15:29:09.962639+00:00,svq1,51211,Queso untar con queso azul de vaca Hacendado,"Queso untable, fresco y especialidades",Tarrina,0.2,kg,1.90,9.500,kg
2026-09-26T15:29:09.962639+00:00,svq1,51212,Queso untar sin lactosa de vaca Hacendado,"Queso untable, fresco y especialidades",Tarrina,0.2,kg,1.90,9.500,kg
2026-09-26T15:29:09.962639+00:00,svq1,51218,Burrata fresca Hacendado,"Queso untable, fresco y especialidades",Tarrina,0.25,kg,2.20,14.667,kg
2026-09-26T15:29:09.962639+00:00,svq1,51223,Queso untar light de vaca Hacendado,"Queso untable, fresco y especialidades",Tarrina,0.3,kg,1.40,4.667,kg
2026-09-26T15:29:09.962639+00:00,svq1,51226,Queso fresco de vaca y cabra Hacendado,"Queso untable, fresco y especialidades",Tarrina,0.5,kg,4.10,8.200,kg
2026-09-26T15:29:09.962639+00:00,svq1,51228,Queso ricotta mezcla Hacendado,"Queso untable, fresco y especialidades",Tarrina,0.2,kg,1.60,8.000,kg
2026-09-26T15:29:09.962639+00:00,svq1,51230,Mozzarella fresca light de vaca Hacendado,"Queso untable, fresco y especialidades",Paquete,0.25,kg,0.90,7.200,kg
2026-09-26T15:29:09.962639+00:00,svq1,51232,Queso en porciones light Hacendado,"Queso lonchas, rallado y en porciones",Caja,0.25,kg,1.50,6.000,kg
2026-09-26T15:29:09.962639+00:00,svq1,51236,Queso rallado sin lactosa de vaca Hacendado,"Queso lonchas, rallado y en porciones",Paquete,0.15,kg,1.80,12.000,kg
2026-09-26T15:29:09.962639+00:00,svq1,5124,Alubia blanca Hacendado,Legumbres,Paquete,1.0,kg,2.45,2.450,kg
2026-09-26T15:29:09.962639+00:00,svq1,5128,Alubia pinta Hacendado,Legumbres,Paquete,1.0,kg,2.30,2.300,kg
2026-09-26T15:29:09.962639+00:00,svq1,51504,Queso en porciones mini Babybel,"Queso lonchas, rallado y en porciones",Malla,0.16,kg,3.90,24.375,kg
2026-09-26T15:29:09.962639+00:00,svq1,51619,Queso rulo con piña y almendra Liptana,"Queso untable, fresco y especialidades",Bandeja,0.1,kg,1.45,14.500,kg
2026-09-26T15:29:09.962639+00:00,svq1,51621,Queso camembert de vaca Marcillat,"Queso untable, fresco y especialidades",Caja,0.24,kg,2.00,8.334,kg
2026-09-26T15:29:09.962639+00:00,svq1,51627,Queso azul de vaca Hacendado,"Queso untable, fresco y especialidades",Pieza,0.18,kg,2.30,12.778,kg
2026-09-26T15:29:09.962639+00:00,svq1,51630,Queso curado cheddar Hacendado,"Queso curado, semicurado y tierno",Pieza,0.3,kg,2.85,9.500,kg
2026-09-26T15:29:09.962639+00:00,svq1,5184,Arroz integral largo Hacendado,Arroz,Paquete,1.0,kg,1.65,1.650,kg
2026-09-26T15:29:09.962639+00:00,svq1,52049,Paté de perdiz Real Carolina,Paté y sobrasada,Lata,0.17,kg,3.45,20.295,kg
2026-09-26T15:29:09.962639+00:00,svq1,52051,Magro de cerdo cocido Coren,Aves y jamón cocido,Lata,0.24,kg,2.69,11.209,kg
2026-09-26T15:29:09.962639+00:00,svq1,52059,"Paté de ternera, hígado y verduras perro adulto Delikuit",Perro,Tarrina,0.3,kg,0.95,3.167,kg
2026-09-26T15:29:09.962639+00:00,svq1,52068,"Trozos de ternera, pavo y verduras  en salsa perro adulto Delikuit",Perro,Tarrina,0.3,kg,0.95,3.167,kg
2026-09-26T15:29:09.962639+00:00,svq1,52096,Salchicha con pollo y arroz perro adulto Delikuit,Perro,,1.0,kg,1.80,1.800,kg
2026-09-26T15:29:09.962639+00:00,svq1,52098,Malta para gato Natura con queso,Gato,Tubo,0.1,kg,4.00,40.000,kg
2026-09-26T15:29:09.962639+00:00,svq1,52099,Paté de cerdo con pimienta verde Hacendado,Paté y sobrasada,Bandeja,0.1,kg,1.45,14.500,kg
2026-09-26T15:29:09.962639+00:00,svq1,52100,Paté de cerdo con finas hierbas Hacendado,Paté y sobrasada,Bandeja,0.1,kg,1.45,14.500,kg
2026-09-26T15:29:09.962639+00:00,svq1,52101,Comida perro adulto Compy original,Perro,Saco,18.0,kg,12.30,0.684,kg
2026-09-26T15:29:09.962639+00:00,svq1,52118,Snack corazones perro adulto Compy,Perro,Paquete,0.35,kg,1.65,4.715,kg
2026-09-26T15:29:09.962639+00:00,svq1,52135,Snack palitos con pollo y ternera perro adulto Compy,Perro,Paquete,0.2,kg,1.10,5.500,kg
2026-09-26T15:29:09.962639+00:00,svq1,52139,Ministick dental perro adulto Compy,Perro,Paquete,0.25,kg,2.20,8.800,kg
2026-09-26T15:29:09.962639+00:00,svq1,5214,Garbanzo Hacendado,Legumbres,Paquete,1.0,kg,2.15,2.150,kg
2026-09-26T15:29:09.962639+00:00,svq1,52143,Hueso dental perro adulto sabor menta y perejil Compy,Perro,Paquete,0.192,kg,1.75,9.115,kg
2026-09-26T15:29:09.962639+00:00,svq1,52145,Snack barritas de ternera y cordero perro adulto Compy,Perro,Paquete,0.088,kg,1.05,11.932,kg
2026-09-26T15:29:09.962639+00:00,svq1,52146,Snack gato aperitivo líquido Compy,Gato,Caja,0.12,kg,1.50,12.500,kg
2026-09-26T15:29:09.962639+00:00,svq1,52149,Snack barritas de salmón y trucha gato Compy,Gato,Paquete,0.05,kg,1.05,21.000,kg
2026-09-26T15:29:09.962639+00:00,svq1,52157,Paté de cerdo y pollo con trufa y arándanos Hacendado,Paté y sobrasada,Paquete,0.1,kg,1.85,18.500,kg
2026-09-26T15:29:09.962639+00:00,svq1,52167,Mousse de pato Hacendado,Paté y sobrasada,Bandeja,0.1,kg,1.90,19.000,kg
2026-09-26T15:29:09.962639+00:00,svq1,52170,Foie gras entero de pato Hacendado,Paté y sobrasada,Paquete,0.1,kg,8.30,83.000,kg
2026-09-26T15:29:09.962639+00:00,svq1,52171,Bloc foie gras de pato Hacendado,Paté y sobrasada,Paquete,0.1,kg,5.25,52.500,kg
2026-09-26T15:29:09.962639+00:00,svq1,5220,Garbanzo lechoso Andaluz Hacendado,Legumbres,Paquete,1.0,kg,2.50,2.500,kg
2026-09-26T15:29:09.962639+00:00,svq1,52307,Paté de cerdo con finas hierbas Hacendado,Paté y sobrasada,Tarro,0.16,kg,1.10,6.875,kg
2026-09-26T15:29:09.962639+00:00,svq1,52311,Paté de cerdo con pimienta Hacendado,Paté y sobrasada,Tarro,0.16,kg,1.10,6.875,kg
2026-09-26T15:29:09.962639+00:00,svq1,52336,Paté de salmón Hacendado,Paté y sobrasada,Tarro,0.16,kg,1.10,6.875,kg
2026-09-26T15:29:09.962639+00:00,svq1,52337,Paté de anchoa Hacendado,Paté y sobrasada,Tarro,0.16,kg,1.65,10.313,kg
2026-09-26T15:29:09.962639+00:00,svq1,52405,Queso en porciones Hacendado,"Queso lonchas, rallado y en porciones",Caja,0.375,kg,1.95,5.200,kg
2026-09-26T15:29:09.962639+00:00,svq1,52406,Queso fresco Burgos natural Hacendado,"Queso untable, fresco y especialidades",Pack-2,0.5,kg,2.05,4.100,kg
2026-09-26T15:29:09.962639+00:00,svq1,52411,Queso fresco Burgos sin lactosa Hacendado,"Queso untable, fresco y especialidades",Pack-4,0.25,kg,1.90,7.600,kg
2026-09-26T15:29:09.962639+00:00,svq1,52419,Turrón de cheesecake Hacendado,Turrones,Tableta,0.15,kg,2.00,13.334,kg
2026-09-26T15:29:09.962639+00:00,svq1,52421,Yogur griego natural ligero Hacendado,Yogures griegos,,0.75,kg,1.45,1.934,kg
2026-09-26T15:29:09.962639+00:00,svq1,52422,Colgador antipolillas Lavanda Bosque Verde,Insecticida y ambientador,Paquete,1.0,ud,1.80,0.900,ud
2026-09-26T15:29:09.962639+00:00,svq1,52423,Colgador antipolillas Ropa Limpia Bosque Verde,Insecticida y ambientador,Paquete,1.0,ud,1.80,0.900,ud
2026-09-26T15:29:09.962639+00:00,svq1,52426,Alas de pollo barbacoa congeladas,Carne congelada,Paquete,0.75,kg,3.70,4.934,kg
2026-09-26T15:29:09.962639+00:00,svq1,52429,Pintalabios Fluido Mate Deliplus 12 fucsia,Labios,,0.0055,l,4.50,4.500,ud
2026-09-26T15:29:09.962639+00:00,svq1,52441,Yogur griego natural Hacendado con azúcar de caña,Yogures griegos,Pack-6,0.75,kg,1.50,2.000,kg
2026-09-26T15:29:09.962639+00:00,svq1,52442,"Barritas Peanuts Hacendado bañadas de chocolate con leche y rellenas con caramelo, cacahuetes tostados y crema azucarada",Chocolate,Paquete,0.216,kg,1.85,8.565,kg
2026-09-26T15:29:09.962639+00:00,svq1,52451,Boquerones aliñados Hacendado,Salazones y ahumados,Bandeja,0.08,kg,1.65,27.500,kg
2026-09-26T15:29:09.962639+00:00,svq1,52454,Masa pizza fresca familiar Hacendado,Pizzas,Paquete,0.4,kg,1.50,3.750,kg
2026-09-26T15:29:09.962639+00:00,svq1,52464,Spray bucal refrescante Deliplus,Higiene bucal,Bote,0.01,l,2.10,21.000,100 ml
2026-09-26T15:29:09.962639+00:00,svq1,52466,Bolsitas antipolillas Lavanda Bosque Verde,Insecticida y ambientador,Paquete,1.0,ud,1.55,0.065,ud
2026-09-26T15:29:09.962639+00:00,svq1,52467,Salsa Miel y Mostaza Hacendado,Otras salsas,Bote,0.34,kg,1.45,4.265,kg
2026-09-26T15:29:09.962639+00:00,svq1,52468,Saquitos antipolillas Ropa Limpia Bosque Verde,Insecticida y ambientador,Paquete,1.0,ud,1.55,0.065,ud
2026-09-26T15:29:09.962639+00:00,svq1,52471,Pacharán Oibar,Licores,Botella,1.0,l,7.70,7.700,L
2026-09-26T15:29:09.962639+00:00,svq1,52472,Cepillo dental Sensitive Deliplus encías y dientes sensibles,Higiene bucal,Paquete,1.0,ud,1.30,1.300,ud
2026-09-26T15:29:09.962639+00:00,svq1,52488,Gelatina sabor a frutos silvestres +Proteínas 10 g 0% azúcar,Gelatina y otros postres,,0.4,kg,1.55,3.875,kg
2026-09-26T15:29:09.962639+00:00,svq1,52491,Café en grano Hacendado descafeinado,Café molido y en grano,Paquete,1.0,kg,12.50,12.500,kg
2026-09-26T15:29:09.962639+00:00,svq1,52492,Perfilador de ojos Waterproof Deliplus 101 negro,Ojos,,1.0,ud,3.25,3.250,ud
2026-09-26T15:29:09.962639+00:00,svq1,52493,Barritas de cereales y frutos secos Hacendado,Cereales,Caja,0.15,kg,1.65,11.000,kg
2026-09-26T15:29:09.962639+00:00,svq1,52494,Barritas de galleta y arándanos Hacendado,Cereales,Caja,0.125,kg,1.55,12.400,kg
2026-09-26T15:29:09.962639+00:00,svq1,5250,Zumo de naranja recién exprimido Hacendado,Naranja,Botella,0.25,l,2.75,11.000,L
2026-09-26T15:29:09.962639+00:00,svq1,52504,Delineador de ojos Deliplus 02 marrón,Ojos,,1.0,ud,3.75,3.750,ud
2026-09-26T15:29:09.962639+00:00,svq1,52507,Macarrones Mac & Cheese Bacon Hacendado gratinados,Platos preparados calientes,Bandeja,0.28,kg,2.45,8.750,kg
2026-09-26T15:29:09.962639+00:00,svq1,52513,Postre de soja sabor natural con coco Alpro,Postres de soja,Bote,0.4,kg,2.30,5.750,kg
2026-09-26T15:29:09.962639+00:00,svq1,52514,Filetes solomillos de pollo marinados empanados sin gluten,Aves y pollo,Bandeja,0.55,kg,4.84,8.800,kg
2026-09-26T15:29:09.962639+00:00,svq1,52524,Enjuague bucal Blanqueador Bicarbonato Deliplus zero alcohol,Higiene bucal,Botella,0.5,l,1.40,0.280,100 ml
2026-09-26T15:29:09.962639+00:00,svq1,52532,Gel facial sebo-regulador Deliplus Matifica,Cuidado e higiene facial,Bote,0.05,l,6.00,12.000,100 ml
2026-09-26T15:29:09.962639+00:00,svq1,52533,Lambrusco rosado dell'Emilia Piccolo Giovanni,Vino lambrusco y espumoso,Botella,0.75,l,2.30,3.067,L
2026-09-26T15:29:09.962639+00:00,svq1,52534,Menestra de verduras Hacendado ultracongelada,Fruta y verdura,Paquete,1.0,kg,1.75,1.750,kg
2026-09-26T15:29:09.962639+00:00,svq1,52536,Lote infantil Peppa Pig,Perfume y colonia,Caja,1.0,ud,9.00,9.000,ud
2026-09-26T15:29:09.962639+00:00,svq1,52559,Recambios plumero Bosque Verde,Utensilios de limpieza y calzado,Paquete,6.0,ud,2.20,0.367,ud
2026-09-26T15:29:09.962639+00:00,svq1,52560,Helado sabor vainilla praliné con nueces pecán Hacendado y sirope de caramelo,Helados,Tarrina,0.95,l,3.50,3.685,L
2026-09-26T15:29:09.962639+00:00,svq1,52561,Helado sabor huevo de chocolate Hacendado,Helados,Tarrina,0.95,l,3.65,3.843,L
2026-09-26T15:29:09.962639+00:00,svq1,52562,Helado stracciatella Hacendado con sirope de chocolate,Helados,Tarrina,0.95,l,3.25,3.422,L
2026-09-26T15:29:09.962639+00:00,svq1,52563,Helado capuccino Hacendado con sirope de café,Helados,Tarrina,0.95,l,3.25,3.422,L
2026-09-26T15:29:09.962639+00:00,svq1,52567,Eau de parfum hombre My Soul Soirée,Perfume y colonia,Frasco,0.1,l,9.50,9.500,100 ml
2026-09-26T15:29:09.962639+00:00,svq1,52571,Eau de parfum mujer Boem Shine,Perfume y colonia,Frasco,0.1,l,9.50,9.500,100 ml
2026-09-26T15:29:09.962639+00:00,svq1,52588,Recambio ambientador eléctrico Sugar 6 fragancias Bosque Verde,Insecticida y ambientador,Caja,0.025,l,2.90,11.600,100 ml
2026-09-26T15:29:09.962639+00:00,svq1,52589,Cápsulas Probiótico Deliplus,Fitoterapia,Caja,0.01785,kg,5.95,0.199,ud
2026-09-26T15:29:09.962639+00:00,svq1,52590,Aceite de Ricino Deliplus,Cuidado e higiene facial,Bote,0.03,l,2.95,9.834,100 ml
2026-09-26T15:29:09.962639+00:00,svq1,52592,Galletas Divertidas chocolate con leche Hacendado,Galletas,Caja,0.251,kg,1.80,7.172,kg
2026-09-26T15:29:09.962639+00:00,svq1,52594,Galletas Digestive avena chocolate con leche Hacendado,Galletas,Paquete,0.28,kg,1.40,5.000,kg
2026-09-26T15:29:09.962639+00:00,svq1,52602,Pan de burger Brioche Hacendado,Pan de molde y otras especialidades,Paquete,0.15,kg,1.10,7.334,kg
2026-09-26T15:29:09.962639+00:00,svq1,52607,Infusión manzana y canela Hacendado,Té e infusiones,Caja,0.04,kg,1.40,3.500,100 g
2026-09-26T15:29:09.962639+00:00,svq1,52614,Chicles gragea eucalipto sin azúcar Hacendado,Chicles y caramelos,Paquete,0.045,kg,1.00,2.223,100 g
2026-09-26T15:29:09.962639+00:00,svq1,52622,Aceitunas verdes Picadedos sin hueso Hacendado aliñadas,Aceitunas y encurtidos,Tarro,0.71,kg,3.70,10.572,kg
2026-09-26T15:29:09.962639+00:00,svq1,52630,Agua mineral grande Fuente Dehesa,Agua,Garrafa,6.0,l,1.30,0.217,L
2026-09-26T15:29:09.962639+00:00,svq1,52633,Bebida de avena con chocolate sin azúcares añadidos Hacendado,Leche y bebidas vegetales,,6.0,l,7.50,1.250,L
2026-09-26T15:29:09.962639+00:00,svq1,52634,Bebida de avena con chocolate sin azúcares añadidos Hacendado,Leche y bebidas vegetales,Brik,1.0,l,1.25,1.250,L
2026-09-26T15:29:09.962639+00:00,svq1,52637,Arroz redondo Sabor,Arroz,Paquete,1.0,kg,2.45,2.450,kg
2026-09-26T15:29:09.962639+00:00,svq1,52639,Bebida de avena Hacendado 0% azúcar,Leche y bebidas vegetales,Pack-6,6.0,l,4.50,0.750,L
2026-09-26T15:29:09.962639+00:00,svq1,52640,Bebida de avena Hacendado 0% azúcar,Leche y bebidas vegetales,Brik,1.0,l,0.75,0.750,L
2026-09-26T15:29:09.962639+00:00,svq1,52645,Maquinilla de afeitar recargable Gillette Fusion Sport 5 hojas,Afeitado y cuidado para hombre,Caja,1.0,ud,9.00,9.000,ud
2026-09-26T15:29:09.962639+00:00,svq1,52646,Recambios maquinilla de afeitar Gillette Fusion Sport 5 hojas,Afeitado y cuidado para hombre,Caja,1.0,ud,13.70,3.425,ud
2026-09-26T15:29:09.962639+00:00,svq1,52647,Maquinilla de afeitar recargable Gillette Mach Sport 3 hojas,Afeitado y cuidado para hombre,Caja,1.0,ud,9.95,9.950,ud
2026-09-26T15:29:09.962639+00:00,svq1,52648,Recambios maquinilla de afeitar Gillette Mach Sport 3 hojas,Afeitado y cuidado para hombre,Caja,1.0,ud,9.95,2.488,ud
2026-09-26T15:29:09.962639+00:00,svq1,52650,Limpiador WC Polvo Activo Bosque Verde,Limpieza baño y WC,Caja,0.24,kg,1.80,7.500,kg
2026-09-26T15:29:09.962639+00:00,svq1,52652,Cerveza especial Steinburg,Cerveza,Pack-12,3.0,l,4.68,1.560,L
2026-09-26T15:29:09.962639+00:00,svq1,52653,Cerveza especial Steinburg,Cerveza,Botellín,0.25,l,0.39,1.560,L
2026-09-26T15:29:09.962639+00:00,svq1,52667,Nuez troceada pelada Hacendado,Frutos secos y fruta desecada,Paquete,0.15,kg,1.80,12.000,kg
2026-09-26T15:29:09.962639+00:00,svq1,52668,Anacardo tostado 0% sal añadida Hacendado,Frutos secos y fruta desecada,Paquete,0.2,kg,2.70,13.500,kg
2026-09-26T15:29:09.962639+00:00,svq1,52672,Burger de cerdo,Hamburguesas y picadas,Bandeja,0.54,kg,2.70,5.000,kg
2026-09-26T15:29:09.962639+00:00,svq1,52684,Laca cabello Normal Deliplus fijación 2,Fijación cabello,Spray,0.4,l,1.90,0.475,100 ml
2026-09-26T15:29:09.962639+00:00,svq1,52686,Sticks vegetales Hacendado,Patatas fritas y snacks,Paquete,0.1,kg,1.20,12.000,kg
2026-09-26T15:29:09.962639+00:00,svq1,52693,Laca cabello Forte Deliplus fijación 3,Fijación cabello,Spray,0.4,l,1.90,0.475,100 ml
2026-09-26T15:29:09.962639+00:00,svq1,52694,Laca cabello Xtra Forte Deliplus fijación 4,Fijación cabello,Spray,0.4,l,1.90,0.475,100 ml
2026-09-26T15:29:09.962639+00:00,svq1,52695,Laca cabello Xtra Forte Deliplus fijación 4,Fijación cabello,Spray,0.075,l,1.10,1.467,100 ml
2026-09-26T15:29:09.962639+00:00,svq1,52710,"Bocaditos con pollo, pavo y verduras en salsa gato adulto Lechat Excellence",Gato,Bote,0.4,kg,0.70,1.750,kg
2026-09-26T15:29:09.962639+00:00,svq1,52711,"Bocaditos con salmón, trucha y verduras en salsa gato adulto Lechat Excellence",Gato,Bote,0.4,kg,0.70,1.750,kg
2026-09-26T15:29:09.962639+00:00,svq1,52723,Cerveza Corona,Cerveza,Pack-6,1.98,l,7.32,3.697,L
2026-09-26T15:29:09.962639+00:00,svq1,52724,Cerveza Corona,Cerveza,Botellín,0.33,l,1.39,4.213,L
2026-09-26T15:29:09.962639+00:00,svq1,52728,Mayonesa Hacendado,"Mayonesa, ketchup y mostaza",Tarro,0.24,l,1.00,4.167,L
2026-09-26T15:29:09.962639+00:00,svq1,52733,Aceitunas negras sin hueso Hacendado,Aceitunas y encurtidos,,1.05,kg,3.00,6.667,kg
2026-09-26T15:29:09.962639+00:00,svq1,52734,Aceitunas negras sin hueso Hacendado,Aceitunas y encurtidos,Bote,0.35,kg,1.05,7.000,kg
2026-09-26T15:29:09.962639+00:00,svq1,52739,Eneldo Hacendado,Especias,Bote,0.018,kg,1.85,10.278,100 g
2026-09-26T15:29:09.962639+00:00,svq1,52740,Stick de árnica Cata Pum Deliplus,Parafarmacia,Bote,0.014,l,4.00,4.000,ud
2026-09-26T15:29:09.962639+00:00,svq1,52749,Cebolla caramelizada Hacendado,Mermelada y miel,Tarro,0.19,kg,1.70,8.948,kg
2026-09-26T15:29:09.962639+00:00,svq1,52750,Bebida Kéfir de fresa y plátano Hacendado,Yogures líquidos,Botella,0.25,kg,0.90,3.600,kg
2026-09-26T15:29:09.962639+00:00,svq1,52751,Cereales avena Crunchy Hacendado de cacao,Cereales,Caja,0.4,kg,2.15,5.375,kg
2026-09-26T15:29:09.962639+00:00,svq1,52752,Detergente Lavado a Mano Bosque Verde en polvo,Detergente y suavizante ropa,Caja,0.65,kg,1.90,2.924,kg
2026-09-26T15:29:09.962639+00:00,svq1,52757,Corazones de alcachofa Hacendado,Conservas de verdura y frutas,Bandeja,0.26,kg,3.00,11.539,kg
2026-09-26T15:29:09.962639+00:00,svq1,52759,Difusor multifragancia eléctrico Bosque Verde,Insecticida y ambientador,Caja,1.0,ud,3.20,3.200,ud
2026-09-26T15:29:09.962639+00:00,svq1,52760,Bálsamo facial corporal infantil pieles atópicas Deliplus,Higiene y cuidado,Bote,0.2,l,4.40,2.200,100 ml
2026-09-26T15:29:09.962639+00:00,svq1,52768,Caldo de cocido Hacendado,Sopa y caldo,Brik,1.0,l,0.90,0.900,L
2026-09-26T15:29:09.962639+00:00,svq1,52770,Espuma de afeitar Sensitive Deliplus manteca de cacao,Afeitado y cuidado para hombre,Bote,0.3,l,1.35,0.450,100 ml
2026-09-26T15:29:09.962639+00:00,svq1,52772,Cereales copos tostados de trigo integral y arroz Hacendado con chocolate,Cereales,Caja,0.425,kg,2.30,5.412,kg
2026-09-26T15:29:09.962639+00:00,svq1,52774,Café en cápsulas doble espresso Hacendado,Café cápsula y monodosis,Caja,0.11,kg,3.80,0.190,ud
2026-09-26T15:29:09.962639+00:00,svq1,52775,Café en cápsula cappuccino Hacendado,Café cápsula y monodosis,Caja,0.1856,kg,3.35,0.419,ud
2026-09-26T15:29:09.962639+00:00,svq1,52776,Preparado de carne picada vacuno,Hamburguesas y picadas,Paquete,0.4,kg,5.40,13.500,kg
2026-09-26T15:29:09.962639+00:00,svq1,52778,Flamenquín de pollo marinado con jamón y queso,Empanados y elaborados,Bandeja,0.45,kg,5.69,12.650,kg
2026-09-26T15:29:09.962639+00:00,svq1,52783,Aceitunas verdes sabor anchoa Hacendado con hueso,Aceitunas y encurtidos,Tarro,0.935,kg,2.85,5.378,kg
2026-09-26T15:29:09.962639+00:00,svq1,52785,Vino tinto roble 13 Hectáreas DO Ribera del Duero,Vino tinto,Botella,0.75,l,4.50,6.000,L
2026-09-26T15:29:09.962639+00:00,svq1,52786,Vino tinto Pieza Rey DO Rioja,Vino tinto,Botella,0.75,l,8.50,11.334,L
2026-09-26T15:29:09.962639+00:00,svq1,52795,Loción corporal Hidrata Deliplus aloe vera y ácido hialurónico,Cuidado corporal,Bote,0.6,kg,1.90,0.317,100 ml
2026-09-26T15:29:09.962639+00:00,svq1,52796,Loción corporal Nutre Deliplus almendras y cica,Cuidado corporal,Bote,0.6,l,2.40,0.400,100 ml
2026-09-26T15:29:09.962639+00:00,svq1,52797,Loción corporal Repara Deliplus urea 10% y dexpantenol,Cuidado corporal,Bote,0.4,l,2.20,0.550,100 ml
2026-09-26T15:29:09.962639+00:00,svq1,52800,Champú Color Vive Elvive cabello teñido o con mechas,Champú,Bote,0.3,l,3.45,1.150,100 ml
2026-09-26T15:29:09.962639+00:00,svq1,52801,Champú Hidra Hialurónico Elvive cabello deshidratado,Champú,Bote,0.3,l,3.45,1.150,100 ml
2026-09-26T15:29:09.962639+00:00,svq1,52804,Perfilador de ojos Deliplus 01 negro,Ojos,,1.0,ud,2.30,2.300,ud
2026-09-26T15:29:09.962639+00:00,svq1,52810,Cachopo de vacuno con jamón y queso sin gluten,Empanados y elaborados,Bandeja,0.25,kg,4.43,17.700,kg
2026-09-26T15:29:09.962639+00:00,svq1,52820,Sérum facial reparador Micro Cápsulas Deliplus,Cuidado e higiene facial,Frasco,0.03,l,9.00,30.000,100 ml
2026-09-26T15:29:09.962639+00:00,svq1,52821,Enjuague bucal Kids Deliplus zero alcohol,Higiene bucal,Botella,0.5,l,1.40,0.280,100 ml
2026-09-26T15:29:09.962639+00:00,svq1,52833,Difusor ambientador eléctrico Bosque Verde,Insecticida y ambientador,Caja,1.0,ud,2.20,2.200,ud
2026-09-26T15:29:09.962639+00:00,svq1,52838,Laca de uñas alto brillo Deliplus 76 rosa medio,Manicura y pedicura,,0.011,l,2.50,2.500,ud
2026-09-26T15:29:09.962639+00:00,svq1,52853,Cerveza de trigo Paulaner,Cerveza,Pack-6,1.98,l,7.74,3.910,L
2026-09-26T15:29:09.962639+00:00,svq1,52854,Cerveza de trigo Paulaner,Cerveza,Botellín,0.33,l,1.39,4.213,L
2026-09-26T15:29:09.962639+00:00,svq1,52855,Postre lácteo sabor coco +Proteínas 10 g 0% MG,Yogures desnatados,,0.48,kg,1.50,3.125,kg
2026-09-26T15:29:09.962639+00:00,svq1,52856,Bastoncillos algodón para bebés Deliplus,Higiene y cuidado,Caja,60.0,ud,1.05,0.018,ud
2026-09-26T15:29:09.962639+00:00,svq1,52859,Salsa de tomate con Albahaca Hacendado,Otras salsas,Tarro,0.4,kg,1.50,3.750,kg
2026-09-26T15:29:09.962639+00:00,svq1,52879,Pañales bebé talla 3 Dodot Sensitive de 6-10 kg,Toallitas y pañales,Paquete,56.0,ud,16.95,0.303,ud
2026-09-26T15:29:09.962639+00:00,svq1,52880,Canela en rama Hacendado,Especias,Bote,0.019,kg,1.50,7.895,100 g
2026-09-26T15:29:09.962639+00:00,svq1,52884,"Salchichas cocidas con leche Campofrío de pollo, cerdo y pavo",Bacón y salchichas,Paquete,0.17,kg,1.25,7.353,kg
2026-09-26T15:29:09.962639+00:00,svq1,52889,Placas para canelones El Pavo,Pasta y fideos,Caja,0.125,kg,1.35,10.800,kg
2026-09-26T15:29:09.962639+00:00,svq1,52891,Gofres clásicos Hacendado,Bollería envasada,Paquete,0.22,kg,1.30,5.910,kg
2026-09-26T15:29:09.962639+00:00,svq1,52892,Gofres con chocolate Hacendado,Bollería envasada,Paquete,0.28,kg,1.55,5.536,kg
2026-09-26T15:29:09.962639+00:00,svq1,52896,Macedonia mix de frutas en almíbar Hacendado,Conservas de verdura y frutas,Pack-2,0.42,kg,2.10,9.131,kg
2026-09-26T15:29:09.962639+00:00,svq1,52897,Jabón de manos avena Deliplus líquido,Gel y jabón de manos,Bote,0.5,l,1.30,0.260,100 ml
2026-09-26T15:29:09.962639+00:00,svq1,52898,Jabón de manos neutraliza olores Deliplus,Gel y jabón de manos,Bote,0.5,l,1.80,0.360,100 ml
2026-09-26T15:29:09.962639+00:00,svq1,52920,Malta Maltín Polar,Cerveza sin alcohol,,1.5,l,6.50,4.334,L
2026-09-26T15:29:09.962639+00:00,svq1,52921,Malta Maltín Polar,Isotónico y energético,Botellín,0.25,l,1.15,4.600,L
2026-09-26T15:29:09.962639+00:00,svq1,52931,Champú Hydra hyaluronic Deliplus cabello de normal a seco,Champú,Bote,0.4,l,1.90,0.475,100 ml
2026-09-26T15:29:09.962639+00:00,svq1,52932,Mascarilla Hydra hyaluronic Deliplus cabello de normal a seco,Acondicionador y mascarilla,Bote,0.2,l,2.10,1.050,100 ml
2026-09-26T15:29:09.962639+00:00,svq1,52933,Acondicionador instantáneo Hydra hyaluronic Deliplus cabello de normal a seco,Acondicionador y mascarilla,Bote,0.25,l,2.30,0.920,100 ml
2026-09-26T15:29:09.962639+00:00,svq1,52948,Fruta + leche caribe Hacendado sin azúcares añadidos,Fruta variada,,1.2,l,1.20,1.000,L
2026-09-26T15:29:09.962639+00:00,svq1,52965,Comprimidos cabello y uñas Deliplus,Fitoterapia,Caja,0.024,kg,3.95,0.132,ud
2026-09-26T15:29:09.962639+00:00,svq1,52966,Jabón de manos kids Deliplus líquido,Gel y jabón de manos,Bote,0.5,l,1.30,0.260,100 ml
2026-09-26T15:29:09.962639+00:00,svq1,52967,Té negro PG tips,Té e infusiones,Caja,0.116,kg,2.60,22.414,kg
2026-09-26T15:29:09.962639+00:00,svq1,52974,Polvo Compacto 24H Long Lasting Deliplus 02 beige rosado,Colorete y polvos,,0.01,kg,6.00,6.000,ud
2026-09-26T15:29:09.962639+00:00,svq1,52975,Polvo Compacto 24H Long Lasting Deliplus 03 dorado,Colorete y polvos,,0.01,kg,6.00,6.000,ud
2026-09-26T15:29:09.962639+00:00,svq1,52976,Polvo Compacto 24H Long Lasting Deliplus 04 dorado oscuro,Colorete y polvos,,0.01,kg,6.00,6.000,ud
2026-09-26T15:29:09.962639+00:00,svq1,52990,Cocido Hacendado,Platos preparados calientes,Bote,0.42,kg,1.90,4.524,kg
2026-09-26T15:29:09.962639+00:00,svq1,52993,"Cerveza 0,0% sin alcohol tostada Mahou",Cerveza sin alcohol,Pack-6,1.2,l,3.66,3.050,L
2026-09-26T15:29:09.962639+00:00,svq1,52994,"Cerveza 0,0% sin alcohol tostada Mahou",Cerveza sin alcohol,Botellín,0.2,l,0.65,3.250,L
2026-09-26T15:29:09.962639+00:00,svq1,52996,Spray repelente fuerte Deliplus antimosquitos,Parafarmacia,Spray,0.1,l,2.70,27.000,L
2026-09-26T15:29:09.962639+00:00,svq1,53007,Salchichas cocidas estilo Frankfurt Campofrío sabor ahumado,Bacón y salchichas,,0.56,kg,2.45,4.375,kg
2026-09-26T15:29:09.962639+00:00,svq1,53011,Compango,Arreglos,Paquete,0.25,kg,2.60,10.400,kg
2026-09-26T15:29:09.962639+00:00,svq1,53015,Salchichas cocidas hot dog bocadillo Oscar Mayer Classic de pollo y cerdo sabor ahumado,Bacón y salchichas,Paquete,0.275,kg,1.85,6.728,kg
2026-09-26T15:29:09.962639+00:00,svq1,53030,Salchichas cocidas estilo Viena con queso Hacendado de pollo y cerdo sabor ahumado,Bacón y salchichas,Pack-2,0.4,kg,1.70,4.250,kg
2026-09-26T15:29:09.962639+00:00,svq1,53032,Salchichas cocidas bocata Hacendado,Bacón y salchichas,,0.4,kg,1.90,4.750,kg
2026-09-26T15:29:09.962639+00:00,svq1,53041,Salchichas cocidas Frankfurt La Selva,Bacón y salchichas,Tarro,0.46,kg,2.40,8.572,kg
2026-09-26T15:29:09.962639+00:00,svq1,53042,Salchichas cocidas de pollo Hacendado,Bacón y salchichas,Pack-2,0.5,kg,1.75,3.500,kg
2026-09-26T15:29:09.962639+00:00,svq1,53048,Salchichas cocidas bocata queso Hacendado,Bacón y salchichas,,0.4,kg,2.10,5.250,kg
2026-09-26T15:29:09.962639+00:00,svq1,53056,Salchichas cocidas Hacendado de pollo y pavo sabor ahumado,Bacón y salchichas,,0.4,kg,1.50,3.750,kg
2026-09-26T15:29:09.962639+00:00,svq1,53059,Salchichas cocidas bocata Hacendado de pollo y pavo sabor ahumado,Bacón y salchichas,,0.4,kg,2.00,5.000,kg
2026-09-26T15:29:09.962639+00:00,svq1,53100,Salchichas cocidas estilo Frankfurt con queso Hacendado de pollo y cerdo sabor ahumado,Bacón y salchichas,,0.704,kg,1.95,2.770,kg
2026-09-26T15:29:09.962639+00:00,svq1,53116,Sobrasada selecta L'Illa especialidades,Paté y sobrasada,Tarrina,0.25,kg,2.05,8.200,kg
2026-09-26T15:29:09.962639+00:00,svq1,53122,Sobrasada ibérica L'Illa especialidades,Paté y sobrasada,Tarrina,0.25,kg,2.50,10.000,kg
2026-09-26T15:29:09.962639+00:00,svq1,53140,Pechuga de pavo al horno de leña Campofrío lonchas,Aves y jamón cocido,Paquete,0.125,kg,1.85,14.800,kg
2026-09-26T15:29:09.962639+00:00,svq1,53141,Salchichas cocidas estilo Frankfurt Hacendado de pollo y cerdo sabor ahumado,Bacón y salchichas,,0.704,kg,1.80,2.557,kg
2026-09-26T15:29:09.962639+00:00,svq1,53143,Salchichas cocidas bocata gourmet Hacendado de cerdo sabor ahumado,Bacón y salchichas,,0.4,kg,2.45,6.125,kg
2026-09-26T15:29:09.962639+00:00,svq1,53216,Zurrapa de lomo de cerdo roja Moreno plaza,Cerdo,Tarrina,0.22,kg,2.60,11.819,kg
2026-09-26T15:29:09.962639+00:00,svq1,5330,Lenteja pardina Hacendado,Legumbres,Paquete,1.0,kg,1.85,1.850,kg
2026-09-26T15:29:09.962639+00:00,svq1,53444,Salmón ahumado Hacendado,Salazones y ahumados,Paquete,0.1,kg,3.70,37.000,kg
2026-09-26T15:29:09.962639+00:00,svq1,53445,Salmón ahumado Hacendado,Salazones y ahumados,Pack-2,0.3,kg,10.80,36.000,kg
2026-09-26T15:29:09.962639+00:00,svq1,53446,Salmón marinado Hacendado,Salazones y ahumados,Paquete,0.08,kg,3.50,43.750,kg
2026-09-26T15:29:09.962639+00:00,svq1,53500,Bacón Oscar Mayer lonchas,Bacón y salchichas,Paquete,0.15,kg,2.35,15.667,kg
2026-09-26T15:29:09.962639+00:00,svq1,5358,Puchero vacuno y pollo,Arreglos,Bandeja,1.2,kg,8.76,7.300,kg
2026-09-26T15:29:09.962639+00:00,svq1,5396,Cerveza aromatizada Desperados,Cerveza,,1.5,l,5.94,3.960,L
2026-09-26T15:29:09.962639+00:00,svq1,5397,Cerveza aromatizada Desperados,Cerveza,Botellín,0.25,l,1.03,4.120,L
2026-09-26T15:29:09.962639+00:00,svq1,5398,Patatas fritas 0% sal añadida Hacendado,Patatas fritas y snacks,Paquete,0.13,kg,1.50,11.539,kg
2026-09-26T15:29:09.962639+00:00,svq1,54053,Lomo Hacendado,Embutido curado,Pieza,0.4,kg,7.00,17.500,kg
2026-09-26T15:29:09.962639+00:00,svq1,54105,Chorizo de Tarancón Bricio,Embutido curado,Pieza,0.35,kg,3.05,3.050,ud
2026-09-26T15:29:09.962639+00:00,svq1,54209,Chorizo dulce extra Hacendado,Embutido curado,Pieza,0.28,kg,2.49,8.893,kg
2026-09-26T15:29:09.962639+00:00,svq1,54210,Chorizo picante extra Hacendado,Embutido curado,Pieza,0.28,kg,2.49,8.893,kg
2026-09-26T15:29:09.962639+00:00,svq1,5464,Semillas de chía Hacendado,Frutos secos y fruta desecada,Paquete,0.15,kg,1.45,9.667,kg
2026-09-26T15:29:09.962639+00:00,svq1,5480,Pepinillos agridulces Hacendado,Aceitunas y encurtidos,Tarro,0.67,kg,1.50,4.167,kg
2026-09-26T15:29:09.962639+00:00,svq1,5500,Frambuesas,Fruta,Bandeja,0.2,kg,3.16,15.800,kg
2026-09-26T15:29:09.962639+00:00,svq1,5501,Arándanos,Fruta,Vaso,0.225,kg,3.35,14.889,kg
2026-09-26T15:29:09.962639+00:00,svq1,55028,Salami montañés extra El Pozo,Embutido curado,Pieza,0.2,kg,1.85,1.850,ud
2026-09-26T15:29:09.962639+00:00,svq1,5507,Arándanos,Fruta,Tarrina,0.5,kg,6.50,13.000,kg
2026-09-26T15:29:09.962639+00:00,svq1,55108,Fuet espetec Hacendado,Embutido curado,Pieza,0.24,kg,2.50,2.500,ud
2026-09-26T15:29:09.962639+00:00,svq1,55125,Longaniza clásica extra Hacendado,Embutido curado,Pieza,0.28,kg,2.80,2.800,ud
2026-09-26T15:29:09.962639+00:00,svq1,55135,Taquitos de chorizo extra Revilla,Embutido curado,Pack-2,0.2,kg,2.55,12.750,kg
2026-09-26T15:29:09.962639+00:00,svq1,5546,Refresco té zero sabor limón Hacendado,Refresco de té y sin gas,Botella,1.5,l,1.00,0.667,L
2026-09-26T15:29:09.962639+00:00,svq1,5547,Tomillo Hacendado,Especias,Bote,0.024,kg,1.05,4.375,100 g
2026-09-26T15:29:09.962639+00:00,svq1,5548,Queso añejo ibérico mezcla Hacendado cortado en cuñitas,"Queso curado, semicurado y tierno",Pieza,0.32,kg,5.34,16.700,kg
2026-09-26T15:29:09.962639+00:00,svq1,5561,Ensaladilla rusa grande Listo para Comer,Listo para Comer,Bandeja,1.75,kg,12.00,12.000,ud
2026-09-26T15:29:09.962639+00:00,svq1,5598,Orégano Hacendado,Especias,Bote,0.025,kg,1.00,4.000,100 g
2026-09-26T15:29:09.962639+00:00,svq1,5599,Perejil Hacendado,Especias,Bote,0.018,kg,1.00,5.556,100 g
2026-09-26T15:29:09.962639+00:00,svq1,56084,Pollo 97% relleno La Carloteña asado al horno lonchas,Aves y jamón cocido,Paquete,0.15,kg,2.30,15.334,kg
2026-09-26T15:29:09.962639+00:00,svq1,56115,Maxi york Hacendado finas lonchas,Aves y jamón cocido,Paquete,0.5,kg,2.20,4.400,kg
2026-09-26T15:29:09.962639+00:00,svq1,56619,Jamón de pavo Hacendado finas lonchas,Aves y jamón cocido,Paquete,0.225,kg,1.90,8.445,kg
2026-09-26T15:29:09.962639+00:00,svq1,56647,Pizza atún y bacón Hacendado,Pizzas,Pack-2,0.44,kg,2.90,6.591,kg
2026-09-26T15:29:09.962639+00:00,svq1,56652,Tiras de pechuga pollo 99% al horno Hacendado,Aves y jamón cocido,Paquete,0.14,kg,2.25,16.072,kg
2026-09-26T15:29:09.962639+00:00,svq1,56661,Tiras de pechuga de pollo 99% Hacendado al natural,Aves y jamón cocido,Paquete,0.14,kg,2.25,16.072,kg
2026-09-26T15:29:09.962639+00:00,svq1,5673,Horchata de chufa Hacendado,Leche y bebidas vegetales,Brik,1.0,l,1.15,1.150,L
2026-09-26T15:29:09.962639+00:00,svq1,5710,Pechuga 92% pavo Hacendado lonchas,Aves y jamón cocido,Paquete,0.2,kg,2.85,14.250,kg
2026-09-26T15:29:09.962639+00:00,svq1,5815,Salchichas cocidas de cerdo estilo Bratwurst Hacendado,Bacón y salchichas,,0.4,kg,2.60,6.500,kg
2026-09-26T15:29:09.962639+00:00,svq1,58159,Salchichón cular ibérico extra La Hacienda del ibérico,Embutido curado,Pieza,0.35,kg,5.95,17.000,kg
2026-09-26T15:29:09.962639+00:00,svq1,58160,Chorizo cular ibérico extra La Hacienda del ibérico,Embutido curado,Pieza,0.35,kg,5.95,17.000,kg
2026-09-26T15:29:09.962639+00:00,svq1,58220,Panceta salada ibérica La Hacienda del ibérico,Bacón y salchichas,Paquete,0.36,kg,3.60,10.000,kg
2026-09-26T15:29:09.962639+00:00,svq1,58230,Surtido de ibéricos La Hacienda del ibérico lonchas,Embutido curado,Paquete,0.2,kg,6.75,33.750,kg
2026-09-26T15:29:09.962639+00:00,svq1,58248,Mini salchichón ibérico extra La Hacienda del ibérico,Embutido curado,Pieza,0.2,kg,2.65,13.250,kg
2026-09-26T15:29:09.962639+00:00,svq1,58274,Jamón serrano reserva cortado a tapas,Jamón serrano,Paquete,0.09,kg,3.60,40.000,kg
2026-09-26T15:29:09.962639+00:00,svq1,58293,Jamón serrano Incarlopsa,Jamón serrano,Pieza,7.5,kg,65.00,9.559,kg
2026-09-26T15:29:09.962639+00:00,svq1,58307,Hueso garrón,Arreglos,Pieza,0.29,kg,1.16,4.000,kg
2026-09-26T15:29:09.962639+00:00,svq1,58312,Jamón de bellota ibérico 100% Flor Sierra de Aracena,Jamón serrano,Pieza,9.5,kg,532.00,56.000,kg
2026-09-26T15:29:09.962639+00:00,svq1,58313,Jamón de bellota ibérico 100% cortado a tapas,Jamón serrano,Paquete,0.09,kg,15.12,168.000,kg
2026-09-26T15:29:09.962639+00:00,svq1,58315,Jamón de bellota ibérico 50% Flor Sierra de Aracena,Jamón serrano,Pieza,9.0,kg,414.00,46.000,kg
2026-09-26T15:29:09.962639+00:00,svq1,58316,Jamón de bellota ibérico cortado a tapas,Jamón serrano,Paquete,0.09,kg,12.87,143.000,kg
2026-09-26T15:29:09.962639+00:00,svq1,58319,Jamón de cebo ibérico cortado a tapas,Jamón serrano,Paquete,0.09,kg,7.11,79.000,kg
2026-09-26T15:29:09.962639+00:00,svq1,58322,Paleta de cebo ibérica 50% Flor Sierra de Aracena,Jamón serrano,Pieza,5.0,kg,75.00,18.750,kg
2026-09-26T15:29:09.962639+00:00,svq1,5850,Panes de cristal redondos cortados 100 % natural,Pan de horno,Bolsa,0.24,kg,1.85,7.709,kg
2026-09-26T15:29:09.962639+00:00,svq1,58711,Taco jamón curado,Jamón serrano,Pieza,0.22,kg,3.85,17.500,kg
2026-09-26T15:29:09.962639+00:00,svq1,58712,Paleta de cerdo curada Incarlopsa,Jamón serrano,Pieza,4.0,kg,35.00,8.750,kg
2026-09-26T15:29:09.962639+00:00,svq1,59018,Mini taquitos de jamón Incarlopsa,Jamón serrano,Pack-2,0.18,kg,2.65,14.723,kg
2026-09-26T15:29:09.962639+00:00,svq1,59028,Jamón de Trevélez Antonio Álvarez lonchas extra finas,Jamón serrano,Paquete,0.12,kg,3.70,30.834,kg
2026-09-26T15:29:09.962639+00:00,svq1,59032,Sándwiches jamón y queso Hacendado,Platos preparados calientes,Paquete,0.48,kg,2.80,5.834,kg
2026-09-26T15:29:09.962639+00:00,svq1,59071,Taquitos de jamón Incarlopsa,Jamón serrano,Pack-2,0.2,kg,2.65,13.250,kg
2026-09-26T15:29:09.962639+00:00,svq1,59078,Sticks longaniza extra Hacendado,Embutido curado,Paquete,0.05,kg,1.10,22.000,kg
2026-09-26T15:29:09.962639+00:00,svq1,59080,Chorizo extra pimienta Hacendado finas lonchas,Embutido curado,Paquete,0.1,kg,1.85,18.500,kg
2026-09-26T15:29:09.962639+00:00,svq1,59085,Salchichón extra Hacendado lonchas,Embutido curado,Pack-4,0.24,kg,1.75,7.292,kg
2026-09-26T15:29:09.962639+00:00,svq1,59086,Chorizo extra Hacendado lonchas,Embutido curado,Pack-4,0.24,kg,1.75,7.292,kg
2026-09-26T15:29:09.962639+00:00,svq1,59090,Salami extra Hacendado lonchas,Embutido curado,Pack-4,0.24,kg,1.75,7.292,kg
2026-09-26T15:29:09.962639+00:00,svq1,59101,Cecina ahumada natural Embutidos Pajariel lonchas,Jamón serrano,Paquete,0.1,kg,3.95,39.500,kg
2026-09-26T15:29:09.962639+00:00,svq1,59124,Jamón serrano Incarlopsa lonchas,Jamón serrano,Paquete,0.24,kg,3.95,16.459,kg
2026-09-26T15:29:09.962639+00:00,svq1,59143,Jamón cocido extra Noel lonchas,Aves y jamón cocido,Paquete,0.2,kg,2.25,11.250,kg
2026-09-26T15:29:09.962639+00:00,svq1,59151,Jamón serrano Incarlopsa lonchas extrafinas,Jamón serrano,Paquete,0.12,kg,2.45,20.417,kg
2026-09-26T15:29:09.962639+00:00,svq1,59154,Chorizo asturiano,Arreglos,Paquete,0.25,kg,2.80,11.200,kg
2026-09-26T15:29:09.962639+00:00,svq1,59158,Chorizo de pavo extra Hacendado lonchas,Embutido curado,Pack-4,0.15,kg,2.80,18.667,kg
2026-09-26T15:29:09.962639+00:00,svq1,59159,Salchichón de pavo extra Hacendado lonchas,Aves y jamón cocido,Pack-4,0.15,kg,2.80,18.667,kg
2026-09-26T15:29:09.962639+00:00,svq1,59160,Bacón ahumado sin corteza La Selva,Bacón y salchichas,Pieza,0.3,kg,2.59,8.650,kg
2026-09-26T15:29:09.962639+00:00,svq1,59164,Jamón cocido braseado Noel lonchas,Aves y jamón cocido,Paquete,0.2,kg,2.25,11.250,kg
2026-09-26T15:29:09.962639+00:00,svq1,59165,Longaniza de pavo extra Hacendado lonchas,Aves y jamón cocido,Pack-4,0.125,kg,2.80,22.400,kg
2026-09-26T15:29:09.962639+00:00,svq1,59216,Lacón al horno Noel lonchas,Aves y jamón cocido,Paquete,0.2,kg,2.10,10.500,kg
2026-09-26T15:29:09.962639+00:00,svq1,59218,Jamón de pavo Hacendado,Aves y jamón cocido,Pieza,0.5,kg,2.85,5.700,kg
2026-09-26T15:29:09.962639+00:00,svq1,59223,Maxi york Hacendado,Aves y jamón cocido,Pieza,2.0,kg,5.95,2.975,kg
2026-09-26T15:29:09.962639+00:00,svq1,59256,Jamón cocido Hacendado lonchas,Aves y jamón cocido,Paquete,0.2,kg,2.25,11.250,kg
2026-09-26T15:29:09.962639+00:00,svq1,59272,Carne mechada de cerdo al horno Hacendado lonchas,Aves y jamón cocido,Paquete,0.15,kg,2.70,18.000,kg
2026-09-26T15:29:09.962639+00:00,svq1,59280,Jamón serrano Jamcal medias lonchas,Jamón serrano,,0.24,kg,4.10,17.084,kg
2026-09-26T15:29:09.962639+00:00,svq1,59283,Pechuga de pavo Noel lonchas muy finas,Aves y jamón cocido,Paquete,0.2,kg,2.45,12.250,kg
2026-09-26T15:29:09.962639+00:00,svq1,59332,Chopped Hacendado,Chopped y mortadela,Pieza,0.5,kg,2.25,4.500,kg
2026-09-26T15:29:09.962639+00:00,svq1,59333,Chopped cerdo Hacendado lonchas,Chopped y mortadela,Paquete,0.25,kg,1.30,5.200,kg
2026-09-26T15:29:09.962639+00:00,svq1,59334,Mortadela Hacendado lonchas,Chopped y mortadela,Paquete,0.25,kg,1.25,5.000,kg
2026-09-26T15:29:09.962639+00:00,svq1,59335,Mortadela con aceitunas Hacendado lonchas,Chopped y mortadela,Paquete,0.25,kg,1.25,5.000,kg
2026-09-26T15:29:09.962639+00:00,svq1,59368,Budín de cerdo Hacendado finas lonchas,Aves y jamón cocido,Paquete,0.15,kg,1.45,9.667,kg
2026-09-26T15:29:09.962639+00:00,svq1,60009,Cocktail frutos secos tostados Hacendado sabor ahumado,Frutos secos y fruta desecada,Paquete,0.2,kg,2.80,14.000,kg
2026-09-26T15:29:09.962639+00:00,svq1,60015,Cocktail frutos secos tostados 0% sal añadida Hacendado,Frutos secos y fruta desecada,Paquete,0.2,kg,2.80,14.000,kg
2026-09-26T15:29:09.962639+00:00,svq1,60046,Crema decolorante rostro y cuerpo Deliplus piel sensible,Depilación,Caja,0.15,l,3.50,2.334,100 ml
2026-09-26T15:29:09.962639+00:00,svq1,60089,Tortilla de patata con cebolla Listo para Comer,Listo para Comer,,1.3,kg,8.50,6.539,kg
2026-09-26T15:29:09.962639+00:00,svq1,60091,Tortilla de patata con calabacín Listo para Comer,Listo para Comer,,1.3,kg,8.50,6.539,kg
2026-09-26T15:29:09.962639+00:00,svq1,60093,Pincho tortilla de patata con cebolla Listo para Comer,Listo para Comer,,0.215,kg,2.10,9.723,kg
2026-09-26T15:29:09.962639+00:00,svq1,60095,Pincho tortilla de patata con calabacín Listo para Comer,Listo para Comer,,0.215,kg,2.10,9.723,kg
2026-09-26T15:29:09.962639+00:00,svq1,60127,Media tortilla de patata con cebolla Listo para Comer,Listo para Comer,,0.65,kg,4.75,7.308,kg
2026-09-26T15:29:09.962639+00:00,svq1,60128,Media tortilla de patata con calabacín Listo para Comer,Listo para Comer,,0.65,kg,4.75,7.308,kg
2026-09-26T15:29:09.962639+00:00,svq1,60212,Ensaladilla rusa pequeña Listo para Comer,Listo para Comer,Bandeja,0.29,kg,3.50,3.500,ud
2026-09-26T15:29:09.962639+00:00,svq1,60226,Ensaladilla rusa mediana Listo para Comer,Listo para Comer,Bandeja,0.58,kg,6.50,6.500,ud
2026-09-26T15:29:09.962639+00:00,svq1,60235,2 Baguettes para hornear,Pan de horno,Paquete,0.3,kg,1.30,4.334,kg
2026-09-26T15:29:09.962639+00:00,svq1,60236,Cereales con salvado de trigo Fibra Sticks Hacendado,Cereales,Caja,0.5,kg,1.80,3.600,kg
2026-09-26T15:29:09.962639+00:00,svq1,60243,Pechuga de pavo reducido en sal Hacendado finas lonchas,Aves y jamón cocido,Paquete,0.225,kg,2.50,11.112,kg
2026-09-26T15:29:09.962639+00:00,svq1,60294,Film transparente Bosque Verde con sierra deslizante,Menaje y conservación de alimentos,Caja,80.0,m,1.85,0.024,m
2026-09-26T15:29:09.962639+00:00,svq1,60306,Pollo marinado rebozado Crispy American Style Hacendado ultracongelado,Empanados y elaborados,Paquete,0.5,kg,4.90,9.800,kg
2026-09-26T15:29:09.962639+00:00,svq1,60307,Margarina con sal Hacendado,Mantequilla y margarina,Tarrina,0.5,kg,1.50,3.000,kg
2026-09-26T15:29:09.962639+00:00,svq1,60320,"Banderillas Gildas Hacendado pinchos de aceituna, anchoa y guindilla",Aceitunas y encurtidos,Paquete,0.125,kg,2.30,18.400,kg
2026-09-26T15:29:09.962639+00:00,svq1,60323,Snack de maíz Redes sabor barbacoa Hacendado,Patatas fritas y snacks,Paquete,0.1,kg,0.85,8.500,kg
2026-09-26T15:29:09.962639+00:00,svq1,60329,Jamón cocido extra Hacendado finas lonchas,Aves y jamón cocido,Paquete,0.2,kg,2.00,10.000,kg
2026-09-26T15:29:09.962639+00:00,svq1,60345,Leche condensada Hacendado,Leche y bebidas vegetales,Bote,0.45,kg,2.35,5.223,kg
2026-09-26T15:29:09.962639+00:00,svq1,60346,Leche condensada desnatada Hacendado,Leche y bebidas vegetales,Bote,0.45,kg,2.35,5.223,kg
2026-09-26T15:29:09.962639+00:00,svq1,60347,Leche condensada Hacendado,Leche y bebidas vegetales,Bote,0.37,kg,2.10,5.676,kg
2026-09-26T15:29:09.962639+00:00,svq1,60348,Leche condensada Hacendado,Leche y bebidas vegetales,Bote,1.0,kg,3.35,3.350,kg
2026-09-26T15:29:09.962639+00:00,svq1,60354,Panes integrales 100% fino,Pan de horno,Bolsa,0.165,kg,1.40,8.485,kg
2026-09-26T15:29:09.962639+00:00,svq1,60384,Golosinas Mix azúcar Hacendado,Golosinas,Paquete,0.3,kg,1.60,5.334,kg
2026-09-26T15:29:09.962639+00:00,svq1,6040,Longaniza magro fresca,Embutido,Bandeja,0.535,kg,3.21,6.000,kg
2026-09-26T15:29:09.962639+00:00,svq1,60400,Bolsita postre lácteo galleta Hacendado +8 meses,Alimentación infantil,,0.1,kg,0.90,9.000,kg
2026-09-26T15:29:09.962639+00:00,svq1,6041,Longaniza fresca de pollo,Embutido,Bandeja,0.55,kg,3.99,7.250,kg
2026-09-26T15:29:09.962639+00:00,svq1,6043,Longaniza fresca sin tripa,Embutido,Bandeja,0.56,kg,3.15,5.625,kg
2026-09-26T15:29:09.962639+00:00,svq1,6044,Butifarra fresca,Embutido,Bandeja,0.64,kg,3.46,5.400,kg
2026-09-26T15:29:09.962639+00:00,svq1,6045,Longaniza fresca estilo criollo,Embutido,Bandeja,0.38,kg,3.34,8.800,kg
2026-09-26T15:29:09.962639+00:00,svq1,6046,Chorizo aperitivo,Embutido,Bandeja,0.3,kg,2.59,8.650,kg
2026-09-26T15:29:09.962639+00:00,svq1,6047,Chorizo picante aperitivo,Embutido,Bandeja,0.3,kg,2.59,8.650,kg
2026-09-26T15:29:09.962639+00:00,svq1,6048,Chorizo oreado,Embutido,Bandeja,0.36,kg,2.57,7.150,kg
2026-09-26T15:29:09.962639+00:00,svq1,60517,Recipiente hermético de plástico rectangular 3L Bosque Verde,Menaje y conservación de alimentos,Paquete,1.0,ud,4.70,4.700,ud
2026-09-26T15:29:09.962639+00:00,svq1,60520,Perfilador de ojos Waterproof Deliplus 15 azul,Ojos,,1.0,ud,2.50,2.500,ud
2026-09-26T15:29:09.962639+00:00,svq1,60532,Tratamiento Anti Frizz Deliplus todo tipo de cabello,Acondicionador y mascarilla,Spray,0.2,l,4.00,2.000,100 ml
2026-09-26T15:29:09.962639+00:00,svq1,60552,Trozos de pollo y verduras en salsa perros adultos Quartett,Perro,Paquete,0.4,kg,2.25,5.625,kg
2026-09-26T15:29:09.962639+00:00,svq1,60554,Gel de baño coco y lichi Deliplus piel normal,Gel y jabón de manos,Botella,0.75,l,1.60,0.214,100 ml
2026-09-26T15:29:09.962639+00:00,svq1,60555,Gel de baño vainilla y miel Deliplus piel normal,Gel y jabón de manos,Botella,0.75,l,1.60,0.214,100 ml
2026-09-26T15:29:09.962639+00:00,svq1,60557,Gel de baño marino y cedro Deliplus piel normal,Gel y jabón de manos,Botella,0.75,l,1.60,0.214,100 ml
2026-09-26T15:29:09.962639+00:00,svq1,60558,Gel de baño ambar y vetiver Deliplus piel normal,Gel y jabón de manos,Botella,0.75,l,1.60,0.214,100 ml
2026-09-26T15:29:09.962639+00:00,svq1,60560,Toallitas refrescantes Deliplus,Cuidado corporal,Paquete,15.0,ud,0.90,0.060,ud
2026-09-26T15:29:09.962639+00:00,svq1,60561,Toallitas refrescantes Deliplus monodosis,Cuidado corporal,Caja,1.0,ud,1.00,0.100,ud
2026-09-26T15:29:09.962639+00:00,svq1,60573,Pimentón dulce Hacendado,Especias,Bote,0.075,kg,1.30,17.334,kg
2026-09-26T15:29:09.962639+00:00,svq1,60586,Pastas de aceite Hacendado,Galletas,Caja,0.25,kg,1.25,5.000,kg
2026-09-26T15:29:09.962639+00:00,svq1,60587,Sopa maravilla Hacendado,Sopa y caldo,Sobre,0.085,kg,0.65,7.648,kg
2026-09-26T15:29:09.962639+00:00,svq1,60588,Bebida de mango Hacendado sin azúcares añadidos,Tomate y otros sabores,Brik,1.0,l,1.25,1.250,L
2026-09-26T15:29:09.962639+00:00,svq1,60595,Sopa de cebolla Hacendado,Sopa y caldo,Sobre,0.043,kg,0.65,1.512,100 g
2026-09-26T15:29:09.962639+00:00,svq1,60601,Cuellos de pollo,Aves y pollo,Bandeja,0.35,kg,1.84,5.250,kg
2026-09-26T15:29:09.962639+00:00,svq1,60607,Protector solar Sun Med FPS 50+,Protector solar y aftersun,Spray,0.25,l,7.50,3.000,100 ml
2026-09-26T15:29:09.962639+00:00,svq1,60620,Bayeta polvo Bosque Verde microfibra,"Estropajo, bayeta y guantes",Paquete,1.0,ud,0.90,0.900,ud
2026-09-26T15:29:09.962639+00:00,svq1,60621,Arroz de verduras Hacendado,Platos preparados calientes,Bandeja,0.28,kg,3.50,12.500,kg
2026-09-26T15:29:09.962639+00:00,svq1,60622,Mantequilla sin sal añadida Hacendado,Mantequilla y margarina,Tarrina,0.25,kg,2.45,9.800,kg
2026-09-26T15:29:09.962639+00:00,svq1,6063,Tarta Cookies & Cream Hacendado congelada,Tartas y churros,,0.83,kg,11.00,13.254,kg
2026-09-26T15:29:09.962639+00:00,svq1,60633,Filetes de vacuno marinado extra tiernos,Vacuno,Bandeja,0.5,kg,8.85,17.700,kg
2026-09-26T15:29:09.962639+00:00,svq1,60640,Sazonador pasta Hacendado,Especias,Bote,0.045,kg,1.60,3.556,100 g
2026-09-26T15:29:09.962639+00:00,svq1,60644,Jabón de manos en pastilla natural original Heno de Pravia,Gel y jabón de manos,Paquete,0.23,kg,2.50,1.087,100 g
2026-09-26T15:29:09.962639+00:00,svq1,60651,Infusión fría Hacendado con sabor a piña y coco,Té e infusiones,Caja,0.04,kg,1.45,3.625,100 g
2026-09-26T15:29:09.962639+00:00,svq1,60652,Patatas fritas con carne kebab y salsa Hacendado,Platos preparados calientes,Bandeja,0.37,kg,3.50,9.460,kg
2026-09-26T15:29:09.962639+00:00,svq1,60655,Eau de parfum mujer Como Tú Amor,Perfume y colonia,Frasco,0.1,l,7.00,7.000,100 ml
2026-09-26T15:29:09.962639+00:00,svq1,60658,Loción after shave Fresh Deliplus con alcohol,Afeitado y cuidado para hombre,Bote,0.15,l,1.70,1.134,100 ml
2026-09-26T15:29:09.962639+00:00,svq1,60659,Eau de parfum mujer Como Tú Gold,Perfume y colonia,Frasco,0.1,l,8.00,8.000,100 ml
2026-09-26T15:29:09.962639+00:00,svq1,60660,Eau de parfum mujer Como Tú Extratime Likes,Perfume y colonia,Frasco,0.1,l,8.00,8.000,100 ml
2026-09-26T15:29:09.962639+00:00,svq1,60661,Eau de parfum mujer Como Tú Extratime A Day,Perfume y colonia,Frasco,0.1,l,8.00,8.000,100 ml
2026-09-26T15:29:09.962639+00:00,svq1,60663,Eau de parfum mujer Como Tú Atracción,Perfume y colonia,Frasco,0.1,l,8.00,8.000,100 ml
2026-09-26T15:29:09.962639+00:00,svq1,60664,Eau de parfum hombre Como Tú Enciende,Perfume y colonia,Frasco,0.1,l,7.00,7.000,100 ml
2026-09-26T15:29:09.962639+00:00,svq1,60665,Eau de parfum hombre Como Tú Extratime A Day,Perfume y colonia,Frasco,0.1,l,8.00,8.000,100 ml
2026-09-26T15:29:09.962639+00:00,svq1,60666,Eau de parfum hombre Como Tú Extratime Likes,Perfume y colonia,Frasco,0.1,l,8.00,8.000,100 ml
2026-09-26T15:29:09.962639+00:00,svq1,60667,Eau de parfum hombre Como Tú Fuerza,Perfume y colonia,Frasco,0.1,l,7.00,7.000,100 ml
2026-09-26T15:29:09.962639+00:00,svq1,60668,Eau de parfum hombre Como Tú Viento,Perfume y colonia,Frasco,0.1,l,7.00,7.000,100 ml
2026-09-26T15:29:09.962639+00:00,svq1,60669,Eau de parfum hombre Como Tú Rebel,Perfume y colonia,Frasco,0.1,l,8.00,8.000,100 ml
2026-09-26T15:29:09.962639+00:00,svq1,60670,Desodorante roll-on Aloe Deliplus antitranspirante,Desodorante,,0.05,l,0.90,1.800,100 ml
2026-09-26T15:29:09.962639+00:00,svq1,60671,Infusión Menta Poleo Hacendado,Té e infusiones,Caja,0.03,kg,0.75,2.500,100 g
2026-09-26T15:29:09.962639+00:00,svq1,60672,Infusión quema grasas Hacendado,Té e infusiones,Caja,0.03,kg,1.05,3.500,100 g
2026-09-26T15:29:09.962639+00:00,svq1,60680,Helado Biscuit Hacendado sabor galleta caramelizada,Helados,Bote,0.5,l,3.00,6.000,L
2026-09-26T15:29:09.962639+00:00,svq1,60683,Helado peanut butter cups Hacendado mantequilla de cacahuete con trocitos de tartaletas,Helados,Bote,0.5,l,3.35,6.700,L
2026-09-26T15:29:09.962639+00:00,svq1,60684,Helado cookie dough Hacendado vainilla con trozos de galleta y salsa de caramelo,Helados,Bote,0.5,l,3.35,6.700,L
2026-09-26T15:29:09.962639+00:00,svq1,60685,Pizza barbacoa Hacendado,Pizzas,Pack-2,0.44,kg,2.90,6.591,kg
2026-09-26T15:29:09.962639+00:00,svq1,60690,Helado bombón mango blanco Hacendado con salsa de mango,Helados,Caja,0.54,l,3.90,7.223,L
2026-09-26T15:29:09.962639+00:00,svq1,60698,Salchichón ibérico extra La Hacienda del ibérico lonchas,Embutido curado,Pack-4,0.125,kg,2.30,18.400,kg
2026-09-26T15:29:09.962639+00:00,svq1,60699,Chorizo ibérico extra La Hacienda del ibérico lonchas,Embutido curado,Pack-4,0.125,kg,2.30,18.400,kg
2026-09-26T15:29:09.962639+00:00,svq1,60710,Queso lonchas emmental de vaca Hacendado,"Queso lonchas, rallado y en porciones",Paquete,0.2,kg,2.15,10.750,kg
2026-09-26T15:29:09.962639+00:00,svq1,60722,Chocolate negro 85% cacao Hacendado,Chocolate,Tableta,0.1,kg,1.75,17.500,kg
2026-09-26T15:29:09.962639+00:00,svq1,60748,Tinto de verano zero limón Casón Histórico,Tinto de verano y sangría,Botella,1.5,l,0.95,0.634,L
2026-09-26T15:29:09.962639+00:00,svq1,60790,Recambio ambientador automático Flower Bosque Verde,Insecticida y ambientador,Spray,0.25,l,1.80,7.200,L
2026-09-26T15:29:09.962639+00:00,svq1,60836,Lote corporal hombre Axe Dark Temptation,Afeitado y cuidado para hombre,,1.0,ud,12.00,12.000,ud
2026-09-26T15:29:09.962639+00:00,svq1,60846,Magdalenas Hacendado,Bollería envasada,Paquete,0.55,kg,2.00,3.637,kg
2026-09-26T15:29:09.962639+00:00,svq1,60869,Piñones Hacendado,Especias,Bote,0.07,kg,3.25,46.429,kg
2026-09-26T15:29:09.962639+00:00,svq1,60873,Ajo y Perejil Hacendado,Especias,Bote,0.074,kg,1.35,18.244,kg
2026-09-26T15:29:09.962639+00:00,svq1,60874,Almeja Hacendado congelada,Marisco,Paquete,0.45,kg,1.90,4.223,kg
2026-09-26T15:29:09.962639+00:00,svq1,60902,Lote hombre Gesto,Perfume y colonia,Caja,1.0,ud,7.50,7.500,ud
2026-09-26T15:29:09.962639+00:00,svq1,60905,Eau de parfum mujer Éclant Shine,Perfume y colonia,Frasco,0.1,l,12.00,12.000,100 ml
2026-09-26T15:29:09.962639+00:00,svq1,60918,Melocotón en almíbar Hacendado,Conservas de verdura y frutas,Bote,0.84,kg,1.95,4.063,kg
2026-09-26T15:29:09.962639+00:00,svq1,60926,Bebida de avena con chocolate sin azúcares añadidos Hacendado,Leche y bebidas vegetales,Pack-3,0.75,l,1.60,2.134,L
2026-09-26T15:29:09.962639+00:00,svq1,60929,Pintalabios Mate Deliplus 107 caldera,Labios,,0.004,kg,4.50,4.500,ud
2026-09-26T15:29:09.962639+00:00,svq1,60933,Pintalabios Mate Deliplus 111 marrón,Labios,,0.004,kg,4.50,4.500,ud
2026-09-26T15:29:09.962639+00:00,svq1,60954,Croquetas de merluza Hacendado ultracongelados,Rebozados,Paquete,0.35,kg,2.30,6.572,kg
2026-09-26T15:29:09.962639+00:00,svq1,60955,Yogur con frutas Hacendado,Yogures naturales y sabores,Pack-8,1.0,kg,2.00,2.000,kg
2026-09-26T15:29:09.962639+00:00,svq1,60956,Pudding sabor caramelo +Proteínas 12 g,Gelatina y otros postres,,0.48,kg,1.90,3.959,kg
2026-09-26T15:29:09.962639+00:00,svq1,60963,Queso fresco cottage semidesnatado de vaca Hacendado,"Queso untable, fresco y especialidades",Tarrina,0.2,kg,1.35,6.750,kg
2026-09-26T15:29:09.962639+00:00,svq1,60964,Pepperoni Hacendado lonchas,Embutido curado,Paquete,0.075,kg,1.60,21.334,kg
2026-09-26T15:29:09.962639+00:00,svq1,60988,Bechamel Hacendado,Otras salsas,Pack-3,0.6,l,2.35,3.917,L
2026-09-26T15:29:09.962639+00:00,svq1,61006,"Coliflor, brócoli y zanahoria Hacendado ultracongelada",Fruta y verdura,Paquete,1.0,kg,1.80,1.800,kg
2026-09-26T15:29:09.962639+00:00,svq1,61025,Salteado de setas Hacendado ultracongeladas,Fruta y verdura,Paquete,0.45,kg,1.61,3.578,kg
2026-09-26T15:29:09.962639+00:00,svq1,61034,Parrillada de verduras Hacendado ultracongeladas,Fruta y verdura,Paquete,0.4,kg,1.65,4.125,kg
2026-09-26T15:29:09.962639+00:00,svq1,6106,Pasta fusilli 100% lentejas rojas Felicia,Pasta y fideos,Paquete,0.25,kg,1.65,6.600,kg
2026-09-26T15:29:09.962639+00:00,svq1,61065,Salteado de verduras Hacendado ultracongelado,Fruta y verdura,Paquete,0.6,kg,1.55,2.584,kg
2026-09-26T15:29:09.962639+00:00,svq1,61089,Mix frutos rojos Hacendado ultracongeladas,Fruta y verdura,Paquete,0.3,kg,1.90,6.334,kg
2026-09-26T15:29:09.962639+00:00,svq1,61092,Fresas enteras Hacendado ultracongeladas,Fruta y verdura,Paquete,0.3,kg,1.90,6.334,kg
2026-09-26T15:29:09.962639+00:00,svq1,61093,Arándanos enteros Hacendado ultracongelados,Fruta y verdura,Paquete,0.3,kg,2.15,7.167,kg
2026-09-26T15:29:09.962639+00:00,svq1,61101,Ensaladilla Hacendado ultracongelada,Fruta y verdura,Paquete,1.0,kg,1.10,1.100,kg
2026-09-26T15:29:09.962639+00:00,svq1,61200,Guisante muy tierno Hacendado ultracongelado,Fruta y verdura,Paquete,0.3,kg,1.05,3.500,kg
2026-09-26T15:29:09.962639+00:00,svq1,61215,Guisante fino Hacendado ultracongelado,Fruta y verdura,Paquete,1.0,kg,1.50,1.500,kg
2026-09-26T15:29:09.962639+00:00,svq1,61229,Alcachofa baby Hacendado ultracongelada,Fruta y verdura,Paquete,0.3,kg,3.05,10.167,kg
2026-09-26T15:29:09.962639+00:00,svq1,61231,Coliflor Hacendado ultracongelada,Fruta y verdura,Paquete,1.0,kg,1.80,1.800,kg
2026-09-26T15:29:09.962639+00:00,svq1,61233,Habas fina Hacendado ultracongelada,Fruta y verdura,Paquete,0.45,kg,1.19,2.645,kg
2026-09-26T15:29:09.962639+00:00,svq1,61238,Espárrago verde troceado Hacendado ultracongelado,Fruta y verdura,Paquete,0.3,kg,2.55,8.500,kg
2026-09-26T15:29:09.962639+00:00,svq1,61248,Coles de Bruselas Hacendado ultracongeladas,Fruta y verdura,Paquete,0.45,kg,1.70,3.778,kg
2026-09-26T15:29:09.962639+00:00,svq1,61251,Ajo troceado Hacendado ultracongelado,Fruta y verdura,Paquete,0.15,kg,0.95,6.334,kg
2026-09-26T15:29:09.962639+00:00,svq1,61252,Habas baby Hacendado ultracongelada,Fruta y verdura,Paquete,0.45,kg,1.74,3.867,kg
2026-09-26T15:29:09.962639+00:00,svq1,61261,Brócoli Hacendado ultracongelado,Fruta y verdura,Paquete,1.0,kg,1.80,1.800,kg
2026-09-26T15:29:09.962639+00:00,svq1,61270,Garrofón Hacendado ultracongelado,Fruta y verdura,Paquete,0.45,kg,1.55,3.445,kg
2026-09-26T15:29:09.962639+00:00,svq1,61272,Garbanzo Hacendado ultracongelado,Fruta y verdura,Paquete,0.45,kg,1.36,3.023,kg
2026-09-26T15:29:09.962639+00:00,svq1,61279,Espinaca en porciones Hacendado ultracongelada,Fruta y verdura,Paquete,0.45,kg,0.90,2.000,kg
2026-09-26T15:29:09.962639+00:00,svq1,61282,Judía verde redonda Hacendado ultracongelada,Fruta y verdura,Paquete,1.0,kg,1.30,1.300,kg
2026-09-26T15:29:09.962639+00:00,svq1,61283,Judía verde plana Hacendado ultracongelada,Fruta y verdura,Paquete,1.0,kg,1.30,1.300,kg
2026-09-26T15:29:09.962639+00:00,svq1,61285,Habitas muy tiernas Hacendado ultracongeladas,Fruta y verdura,Paquete,0.3,kg,2.92,9.734,kg
2026-09-26T15:29:09.962639+00:00,svq1,61288,Ajo tierno Hacendado ultracongelado,Fruta y verdura,Paquete,0.3,kg,2.05,6.834,kg
2026-09-26T15:29:09.962639+00:00,svq1,61289,Maíz dulce Hacendado ultracongelado,Fruta y verdura,Paquete,0.4,kg,1.24,3.100,kg
2026-09-26T15:29:09.962639+00:00,svq1,61300,Tempura de verduras Hacendado ultracongelada,Fruta y verdura,Paquete,0.4,kg,2.70,6.750,kg
2026-09-26T15:29:09.962639+00:00,svq1,61302,Arroz para microondas Hacendado ultracongelado,Arroz y pasta,Paquete,1.0,kg,1.90,1.900,kg
2026-09-26T15:29:09.962639+00:00,svq1,61354,Gnocchi de pollo y verduras Hacendado ultracongelados,Arroz y pasta,Paquete,0.6,kg,3.00,5.000,kg
2026-09-26T15:29:09.962639+00:00,svq1,61362,Pasta con pollo al pesto Hacendado ultracongelada,Arroz y pasta,Paquete,0.3,kg,2.40,8.000,kg
2026-09-26T15:29:09.962639+00:00,svq1,61368,Espinacas a la crema Hacendado ultracongeladas,Fruta y verdura,Paquete,0.45,kg,2.25,5.000,kg
2026-09-26T15:29:09.962639+00:00,svq1,61371,Pimientos del piquillo rellenos de bacalao Hacendado ultracongelados,Fruta y verdura,Paquete,0.185,kg,2.10,11.352,kg
2026-09-26T15:29:09.962639+00:00,svq1,61405,Patatas prefritas corte grueso Hacendado ultracongeladas,Fruta y verdura,Paquete,2.0,kg,3.00,1.500,kg
2026-09-26T15:29:09.962639+00:00,svq1,61416,Patatas prefritas gajo Hacendado ultracongeladas,Fruta y verdura,Paquete,0.75,kg,1.65,2.200,kg
2026-09-26T15:29:09.962639+00:00,svq1,6142,Pasta fresca tortellini rellena de carne Hacendado,Pasta y fideos,Bandeja,0.25,kg,1.95,7.800,kg
2026-09-26T15:29:09.962639+00:00,svq1,61421,Patatas prefritas corte fino Hacendado ultracongeladas,Fruta y verdura,Paquete,1.0,kg,1.85,1.850,kg
2026-09-26T15:29:09.962639+00:00,svq1,6143,Pasta fresca ravioli rellena de ricotta y espinacas Hacendado,Pasta y fideos,Bandeja,0.25,kg,1.95,7.800,kg
2026-09-26T15:29:09.962639+00:00,svq1,6145,Pasta fresca girasoles rellena de quesos Hacendado,Pasta y fideos,Bandeja,0.25,kg,1.95,7.800,kg
2026-09-26T15:29:09.962639+00:00,svq1,6149,Pasta fresca medialunas rellenas de parmigiano reggiano y trufa Hacendado,Pasta y fideos,Bandeja,0.25,kg,2.50,10.000,kg
2026-09-26T15:29:09.962639+00:00,svq1,6152,Pasta fresca ravioli rellena de calabaza con cebolla Hacendado,Pasta y fideos,Bandeja,0.25,kg,1.95,7.800,kg
2026-09-26T15:29:09.962639+00:00,svq1,6153,Pasta fresca tagliatelle al huevo Hacendado,Pasta y fideos,Paquete,0.25,kg,1.20,4.800,kg
2026-09-26T15:29:09.962639+00:00,svq1,6175,Pasta fresca gnocchi Hacendado,Pasta y fideos,Paquete,0.5,kg,1.00,2.000,kg
2026-09-26T15:29:09.962639+00:00,svq1,62012,Fritura de pescado Hacendado ultracongelada,Pescado,Paquete,,kg,5.45,9.084,kg
2026-09-26T15:29:09.962639+00:00,svq1,62033,Acedía entera Hacendado ultracongelada,Pescado,Paquete,,kg,7.00,11.667,kg
2026-09-26T15:29:09.962639+00:00,svq1,62037,Huevas de merluza cocidas Hacendado,Pescado fresco,Pieza,0.09,kg,2.00,22.223,kg
2026-09-26T15:29:09.962639+00:00,svq1,62038,Huevas de merluza cocidas Hacendado,Pescado fresco,Paquete,0.2,kg,5.10,25.500,kg
2026-09-26T15:29:09.962639+00:00,svq1,62048,Preparado de paella y sopa Hacendado ultracongelado,Marisco,Paquete,,kg,4.25,6.205,kg
2026-09-26T15:29:09.962639+00:00,svq1,62049,Porciones de bacalao sin piel MareDeus ultracongeladas,Pescado,Paquete,,kg,7.70,19.250,kg
2026-09-26T15:29:09.962639+00:00,svq1,62050,Lomo de bacalao MareDeus ultracongelado,Pescado,Paquete,0.384,kg,9.22,24.000,kg
2026-09-26T15:29:09.962639+00:00,svq1,62103,Porciones de merluza del Cabo sin piel Hacendado ultracongeladas,Pescado,Paquete,,kg,4.90,9.800,kg
2026-09-26T15:29:09.962639+00:00,svq1,62112,Lomos de merluza del Cabo Hacendado ultracongelados,Pescado,Caja,0.4,kg,4.90,12.250,kg
2026-09-26T15:29:09.962639+00:00,svq1,62162,Filetes de merluza Argentina sin piel Hacendado ultracongelados,Pescado,Paquete,,kg,4.75,7.917,kg
2026-09-26T15:29:09.962639+00:00,svq1,62165,Colas de merluza Argentina Hacendado ultracongeladas,Pescado,Paquete,,kg,5.50,5.500,kg
2026-09-26T15:29:09.962639+00:00,svq1,62176,Pescadilla de merluza sin cabeza Hacendado ultracongelada,Pescado,Paquete,,kg,5.25,5.250,kg
2026-09-26T15:29:09.962639+00:00,svq1,62191,Filetes de panga Hacendado ultracongelados,Pescado,Paquete,,kg,4.65,5.167,kg
2026-09-26T15:29:09.962639+00:00,svq1,62320,Buey de mar cocido Hacendado congelado,Marisco,Pieza,0.715,kg,11.68,16.330,kg
2026-09-26T15:29:09.962639+00:00,svq1,6238,Hélices Hacendado,Pasta y fideos,Paquete,0.5,kg,0.80,1.600,kg
2026-09-26T15:29:09.962639+00:00,svq1,62380,Bogavante americano crudo Hacendado ultracongelado,Marisco,Pieza,,kg,17.13,34.250,kg
2026-09-26T15:29:09.962639+00:00,svq1,62396,Carne de mejillón cocido Hacendado ultracongelado,Marisco,Paquete,,kg,2.50,9.091,kg
2026-09-26T15:29:09.962639+00:00,svq1,62401,Mejillón de Chile entero cocido Hacendado ultracongelado,Marisco,Caja,0.45,kg,3.25,7.223,kg
2026-09-26T15:29:09.962639+00:00,svq1,62403,Palitos de surimi Hacendado ultracongelados,Marisco,Paquete,0.6,kg,2.50,4.167,kg
2026-09-26T15:29:09.962639+00:00,svq1,6244,Pasta tiburón Hacendado,Pasta y fideos,Paquete,0.5,kg,0.80,1.600,kg
2026-09-26T15:29:09.962639+00:00,svq1,6245,Spaghetti Hacendado,Pasta y fideos,Paquete,1.0,kg,1.15,1.150,kg
2026-09-26T15:29:09.962639+00:00,svq1,6246,Tallarines Hacendado,Pasta y fideos,Paquete,0.5,kg,0.80,1.600,kg
2026-09-26T15:29:09.962639+00:00,svq1,6250,Macarrón Hacendado,Pasta y fideos,Paquete,1.0,kg,1.15,1.150,kg
2026-09-26T15:29:09.962639+00:00,svq1,62501,Muslitos de surimi Hacendado ultracongelados,Rebozados,Paquete,0.45,kg,2.75,6.112,kg
2026-09-26T15:29:09.962639+00:00,svq1,62502,Palitos de surimi Hacendado,Marisco,Paquete,0.46,kg,2.00,4.348,kg
2026-09-26T15:29:09.962639+00:00,svq1,62503,Delicias del mar de surimi Hacendado,Marisco,Bandeja,0.25,kg,2.00,8.000,kg
2026-09-26T15:29:09.962639+00:00,svq1,6253,Fideuá Hacendado,Pasta y fideos,Paquete,0.5,kg,0.80,1.600,kg
2026-09-26T15:29:09.962639+00:00,svq1,6256,Fideo mediano Hacendado,Pasta y fideos,Paquete,0.5,kg,0.80,1.600,kg
2026-09-26T15:29:09.962639+00:00,svq1,6258,Pasta maravilla Hacendado,Pasta y fideos,Paquete,0.5,kg,0.80,1.600,kg
2026-09-26T15:29:09.962639+00:00,svq1,6260,Macarrón fino Hacendado,Pasta y fideos,Paquete,0.5,kg,0.80,1.600,kg
2026-09-26T15:29:09.962639+00:00,svq1,6261,Fideo grueso Hacendado,Pasta y fideos,Paquete,0.5,kg,0.80,1.600,kg
2026-09-26T15:29:09.962639+00:00,svq1,62750,Gamba arrocera pequeña Hacendado congelada,Marisco,Caja,0.65,kg,7.09,10.900,kg
2026-09-26T15:29:09.962639+00:00,svq1,6277,Spaghetti fino Hacendado,Pasta y fideos,Paquete,0.5,kg,0.80,1.600,kg
2026-09-26T15:29:09.962639+00:00,svq1,6300,Macarrón al huevo Hacendado,Pasta y fideos,Paquete,0.5,kg,1.45,2.900,kg
2026-09-26T15:29:09.962639+00:00,svq1,63007,Nuggets de pavo Hacendado ultracongelados,Empanados y elaborados,Paquete,0.4,kg,3.40,8.500,kg
2026-09-26T15:29:09.962639+00:00,svq1,6302,Spaghetti al huevo Hacendado,Pasta y fideos,Paquete,0.5,kg,1.45,2.900,kg
2026-09-26T15:29:09.962639+00:00,svq1,63023,Migas de bacalao dorado con cebolla y patatas paja Hacendado congelado,Pescado,Caja,0.24,kg,2.90,12.084,kg
2026-09-26T15:29:09.962639+00:00,svq1,6305,Pajaritas vegetales Hacendado,Pasta y fideos,Paquete,0.5,kg,0.90,1.800,kg
2026-09-26T15:29:09.962639+00:00,svq1,63101,Filetes de merluza al huevo Hacendado ultracongelados,Rebozados,Paquete,0.6,kg,5.15,8.584,kg
2026-09-26T15:29:09.962639+00:00,svq1,63114,Filetes de boquerón en tempura Hacendado ultracongelado,Rebozados,Paquete,0.4,kg,3.75,9.375,kg
2026-09-26T15:29:09.962639+00:00,svq1,63140,Merluza empanada pan fino Hacendado ultracongelada,Rebozados,Paquete,0.51,kg,4.00,7.844,kg
2026-09-26T15:29:09.962639+00:00,svq1,63144,Langostino caballitos rebozados Hacendado ultracongelados,Rebozados,Paquete,0.3,kg,3.25,10.834,kg
2026-09-26T15:29:09.962639+00:00,svq1,63151,Palitos de merluza a la romana Hacendado ultracongelados,Rebozados,Paquete,0.5,kg,2.65,5.300,kg
2026-09-26T15:29:09.962639+00:00,svq1,63159,Figuritas de merluza empanadas Hacendado ultracongeladas,Rebozados,Paquete,0.5,kg,3.60,7.200,kg
2026-09-26T15:29:09.962639+00:00,svq1,63161,Rabas empanadas Hacendado ultracongeladas,Rebozados,Paquete,0.5,kg,4.15,8.300,kg
2026-09-26T15:29:09.962639+00:00,svq1,63163,Anillas de pota a la romana Hacendado ultracongeladas,Rebozados,Paquete,0.5,kg,5.25,10.500,kg
2026-09-26T15:29:09.962639+00:00,svq1,63168,Tortillitas de camarones Hacendado ultracongeladas,Rebozados,Paquete,0.35,kg,2.75,7.858,kg
2026-09-26T15:29:09.962639+00:00,svq1,6321,Nidos al huevo Hacendado,Pasta y fideos,Paquete,0.5,kg,1.45,2.900,kg
2026-09-26T15:29:09.962639+00:00,svq1,63238,Aritos de surimi a la romana Hacendado ultracongelados,Rebozados,Paquete,0.6,kg,3.30,5.500,kg
2026-09-26T15:29:09.962639+00:00,svq1,6326,Macarrón Hacendado,Pasta y fideos,Paquete,0.5,kg,0.80,1.600,kg
2026-09-26T15:29:09.962639+00:00,svq1,6331,Spaghetti Hacendado,Pasta y fideos,Paquete,0.5,kg,0.80,1.600,kg
2026-09-26T15:29:09.962639+00:00,svq1,63321,San Jacobos empanados de york y queso Hacendado ultracongelados,Rebozados,Paquete,0.35,kg,1.45,4.143,kg
2026-09-26T15:29:09.962639+00:00,svq1,63322,Delicias de pollo Hacendado ultracongeladas,Empanados y elaborados,Paquete,0.5,kg,3.70,7.400,kg
2026-09-26T15:29:09.962639+00:00,svq1,63323,Nuggets de pollo Hacendado ultracongelados,Empanados y elaborados,Paquete,0.5,kg,2.70,5.400,kg
2026-09-26T15:29:09.962639+00:00,svq1,63339,Pizza masa fina jamón Hacendado ultracongelada,Pizzas,,0.4,kg,2.50,6.250,kg
2026-09-26T15:29:09.962639+00:00,svq1,63340,Pizza masa fina 4 quesos Hacendado ultracongelada,Pizzas,,0.39,kg,2.50,6.411,kg
2026-09-26T15:29:09.962639+00:00,svq1,63400,Croquetas de jamón Hacendado ultracongeladas,Rebozados,Paquete,0.5,kg,1.40,2.800,kg
2026-09-26T15:29:09.962639+00:00,svq1,63407,Empanadillas de atún Hacendado ultracongeladas,Rebozados,Caja,0.5,kg,1.90,3.800,kg
2026-09-26T15:29:09.962639+00:00,svq1,63425,Buñuelos de bacalao Hacendado ultracongelados,Rebozados,Paquete,0.4,kg,4.35,10.875,kg
2026-09-26T15:29:09.962639+00:00,svq1,63432,Calamar patagónico pequeño Hacendado ultracongelado,Pescado,Paquete,,kg,5.50,11.000,kg
2026-09-26T15:29:09.962639+00:00,svq1,6344,Hélices con vegetales Hacendado,Pasta y fideos,Paquete,1.0,kg,1.45,1.450,kg
2026-09-26T15:29:09.962639+00:00,svq1,63440,Masa para empanadillas y postres Buitoni,Harina y preparado repostería,Paquete,0.16,kg,1.25,7.813,kg
2026-09-26T15:29:09.962639+00:00,svq1,63451,Masa fresca hojaldre Hacendado,Harina y preparado repostería,,0.52,kg,2.40,4.616,kg
2026-09-26T15:29:09.962639+00:00,svq1,63464,Masa fresca quebrada brisa Hacendado,Harina y preparado repostería,,0.46,kg,2.20,4.783,kg
2026-09-26T15:29:09.962639+00:00,svq1,63474,Masa fresca Hacendado hojaldre con mantequilla,Harina y preparado repostería,,0.52,kg,2.85,5.481,kg
2026-09-26T15:29:09.962639+00:00,svq1,63476,Masa fresca empanada Hacendado,Harina y preparado repostería,,0.46,kg,2.40,5.218,kg
2026-09-26T15:29:09.962639+00:00,svq1,63477,Masa fresca pizza de cereales y semillas Hacendado,Pizzas,,0.52,kg,2.50,4.808,kg
2026-09-26T15:29:09.962639+00:00,svq1,63478,Rollitos primavera Hacendado ultracongelados,Fruta y verdura,Caja,0.3,kg,1.55,5.167,kg
2026-09-26T15:29:09.962639+00:00,svq1,63501,Pizza atún Hacendado ultracongelada,Pizzas,,0.39,kg,2.60,6.667,kg
2026-09-26T15:29:09.962639+00:00,svq1,63503,Pizza romana Hacendado con champiñones salteados,Pizzas,,0.43,kg,2.90,6.745,kg
2026-09-26T15:29:09.962639+00:00,svq1,63514,Pizza jamón y queso sin gluten y sin lactosa Hacendado,Pizzas,,0.42,kg,3.20,7.620,kg
2026-09-26T15:29:09.962639+00:00,svq1,63528,Crepes Hacendado ultracongelados,Tartas y churros,Caja,0.4,kg,2.45,6.125,kg
2026-09-26T15:29:09.962639+00:00,svq1,63529,Pizza pollo Hacendado,Pizzas,,0.43,kg,2.90,6.745,kg
2026-09-26T15:29:09.962639+00:00,svq1,63551,Pizza serrana Hacendado,Pizzas,,0.4,kg,2.90,7.250,kg
2026-09-26T15:29:09.962639+00:00,svq1,63556,Pizza pepperoni Hacendado,Pizzas,,0.41,kg,2.90,7.074,kg
2026-09-26T15:29:09.962639+00:00,svq1,6358,Pasta tortiglioni Armando,Pasta y fideos,Paquete,0.5,kg,1.40,2.800,kg
2026-09-26T15:29:09.962639+00:00,svq1,63580,Pizza 4 quesos Hacendado,Pizzas,,0.41,kg,2.90,7.074,kg
2026-09-26T15:29:09.962639+00:00,svq1,63581,Pizza jamón y queso Hacendado,Pizzas,,0.415,kg,2.50,6.025,kg
2026-09-26T15:29:09.962639+00:00,svq1,63582,Pizza atún y bacón Hacendado,Pizzas,,0.415,kg,2.90,6.988,kg
2026-09-26T15:29:09.962639+00:00,svq1,63592,Pizza 4 quesos Hacendado,Pizzas,Pack-2,0.42,kg,2.90,6.905,kg
2026-09-26T15:29:09.962639+00:00,svq1,63593,Pizza jamón y queso Hacendado,Pizzas,Pack-2,0.44,kg,2.90,6.591,kg
2026-09-26T15:29:09.962639+00:00,svq1,63597,Pizzas tomate y queso Hacendado ultracongeladas,Pizzas,,0.57,kg,2.40,4.211,kg
2026-09-26T15:29:09.962639+00:00,svq1,63606,Bases de pizza sin gluten sin lactosa Hacendado ultracongeladas,Pizzas,,0.4,kg,3.80,9.500,kg
2026-09-26T15:29:09.962639+00:00,svq1,63613,Pizza barbacoa Hacendado,Pizzas,,0.415,kg,2.50,6.025,kg
2026-09-26T15:29:09.962639+00:00,svq1,63623,Pizza 4 quesos sin gluten y sin lactosa Hacendado ultracongelada,Pizzas,,0.41,kg,3.10,7.561,kg
2026-09-26T15:29:09.962639+00:00,svq1,63627,Pizza jamón y queso familiar Hacendado,Pizzas,,0.6,kg,3.40,5.667,kg
2026-09-26T15:29:09.962639+00:00,svq1,63628,Pizza 4 quesos familiar Hacendado,Pizzas,,0.58,kg,3.40,5.863,kg
2026-09-26T15:29:09.962639+00:00,svq1,63629,Pizza barbacoa familiar Hacendado,Pizzas,,0.6,kg,3.40,5.667,kg
2026-09-26T15:29:09.962639+00:00,svq1,6363,Pasta estrellas Hacendado,Pasta y fideos,Paquete,0.5,kg,0.80,1.600,kg
2026-09-26T15:29:09.962639+00:00,svq1,63632,Pizza carbonara familiar Hacendado,Pizzas,,0.6,kg,3.40,5.667,kg
2026-09-26T15:29:09.962639+00:00,svq1,63643,Pizza Americana Hacendado ultracongelada,Pizzas,,0.54,kg,3.50,6.482,kg
2026-09-26T15:29:09.962639+00:00,svq1,63645,Pizza pollo y bacón Hacendado,Pizzas,,0.42,kg,2.90,6.905,kg
2026-09-26T15:29:09.962639+00:00,svq1,63648,Bases de pizza artesanas extrafinas y crujientes Hacendado ultracongeladas,Pizzas,,0.42,kg,1.80,4.286,kg
2026-09-26T15:29:09.962639+00:00,svq1,63653,Pizza carbonara Hacendado,Pizzas,,0.43,kg,2.90,6.745,kg
2026-09-26T15:29:09.962639+00:00,svq1,63657,Masa de hojaldre sin gluten Hacendado,Harina y preparado repostería,Paquete,0.28,kg,2.80,10.000,kg
2026-09-26T15:29:09.962639+00:00,svq1,6371,Pasta trottole vegetales Hacendado,Pasta y fideos,Paquete,0.5,kg,1.05,2.100,kg
2026-09-26T15:29:09.962639+00:00,svq1,63739,Fingers de queso Hacendado ultracongelados,Rebozados,Paquete,0.3,kg,2.30,7.667,kg
2026-09-26T15:29:09.962639+00:00,svq1,64000,Helado bombón almendrado Hacendado sabor vainilla,Helados,Caja,0.72,l,3.30,4.584,L
2026-09-26T15:29:09.962639+00:00,svq1,64001,Mini helado bombón surtido Hacendado,Helados,Caja,0.684,l,3.40,4.971,L
2026-09-26T15:29:09.962639+00:00,svq1,64012,Helado hielo sorbete con naranja Hacendado,Helados,Caja,0.75,l,2.10,2.800,L
2026-09-26T15:29:09.962639+00:00,svq1,64013,Helado hielo con limón Hacendado,Helados,Caja,0.75,l,2.10,2.800,L
2026-09-26T15:29:09.962639+00:00,svq1,64066,Mini helado bombón almendrado Hacendado sabor vainilla,Helados,Caja,0.48,l,3.00,6.250,L
2026-09-26T15:29:09.962639+00:00,svq1,64087,Mini helados hielo sorbetes Hacendado,Helados,Caja,0.27,l,1.80,6.667,L
2026-09-26T15:29:09.962639+00:00,svq1,64102,Mini helado bombón surtido Hacendado sin azúcares añadidos,Helados,Caja,0.456,l,3.00,6.579,L
2026-09-26T15:29:09.962639+00:00,svq1,64113,Helado tutti frutti Hacendado con fruta confitada,Helados,Tarrina,1.0,l,3.30,3.300,L
2026-09-26T15:29:09.962639+00:00,svq1,64126,Cubos de hielo Hacendado,Hielo,Paquete,2.0,kg,1.15,0.575,kg
2026-09-26T15:29:09.962639+00:00,svq1,64127,Granizado de limón Hacendado sin azúcares añadidos,Helados,,1.2,l,2.85,2.375,L
2026-09-26T15:29:09.962639+00:00,svq1,64128,Granizado de café Hacendado,Helados,,1.2,l,3.15,2.625,L
2026-09-26T15:29:09.962639+00:00,svq1,64133,Cubos de hielo Hacendado,Hielo,,10.0,kg,5.75,0.575,kg
2026-09-26T15:29:09.962639+00:00,svq1,64139,Hielo cocktail,Hielo,Paquete,2.0,kg,1.50,0.750,kg
2026-09-26T15:29:09.962639+00:00,svq1,64146,Helado sándwich sabor nata Hacendado,Helados,Caja,0.8,l,2.30,2.875,L
2026-09-26T15:29:09.962639+00:00,svq1,64147,Helado sándwich sabor nata Hacendado sin azúcares añadidos,Helados,Caja,0.8,l,3.00,3.750,L
2026-09-26T15:29:09.962639+00:00,svq1,64166,Medios cocos helados Hacendado,Helados,Caja,0.35,l,2.70,7.715,L
2026-09-26T15:29:09.962639+00:00,svq1,64195,Helado hielo sabor chocolate Hacendado,Helados,Caja,0.75,l,2.30,3.067,L
2026-09-26T15:29:09.962639+00:00,svq1,64196,Helado cucurucho sabor nata Hacendado,Helados,Caja,0.72,l,2.45,3.403,L
2026-09-26T15:29:09.962639+00:00,svq1,64200,Super helado sándwich sabor nata Hacendado,Helados,Caja,0.87,l,3.30,3.794,L
2026-09-26T15:29:09.962639+00:00,svq1,64214,"Barra de helado sabor vainilla, chocolate y nata Hacendado",Helados,Caja,1.0,l,2.05,2.050,L
2026-09-26T15:29:09.962639+00:00,svq1,64220,Helado hielo sorbete con mango Hacendado,Helados,Caja,0.75,l,2.30,3.067,L
2026-09-26T15:29:09.962639+00:00,svq1,64221,Helado cucurucho sabor fresa nata Hacendado,Helados,Caja,0.72,l,2.45,3.403,L
2026-09-26T15:29:09.962639+00:00,svq1,64230,Helado crocan choc vainilla Hacendado con lengua sabor chocolate,Helados,Caja,0.45,l,3.00,6.667,L
2026-09-26T15:29:09.962639+00:00,svq1,64246,Mini helado cucurucho sabor nata Hacendado,Helados,Caja,0.444,l,3.30,7.433,L
2026-09-26T15:29:09.962639+00:00,svq1,64248,Helado bombón negro sabor nata Hacendado,Helados,Caja,0.72,l,3.20,4.445,L
2026-09-26T15:29:09.962639+00:00,svq1,64249,Helado bombón blanco Hacendado sabor vainilla,Helados,Caja,0.72,l,3.20,4.445,L
2026-09-26T15:29:09.962639+00:00,svq1,64251,Helado cucurucho sabor choco nata Hacendado,Helados,Caja,0.72,l,2.45,3.403,L
2026-09-26T15:29:09.962639+00:00,svq1,64400,Helado de chocolate Hacendado con trocitos sabor chocolate,Helados,Tarrina,1.0,l,3.20,3.200,L
2026-09-26T15:29:09.962639+00:00,svq1,64414,Helado de leche merengada Hacendado,Helados,Tarrina,1.0,l,2.95,2.950,L
2026-09-26T15:29:09.962639+00:00,svq1,64419,Helado hielo sorbete con fresa Hacendado,Helados,Caja,0.75,l,2.30,3.067,L
2026-09-26T15:29:09.962639+00:00,svq1,64424,Helado choco cookies Hacendado con sirope y galletas de chocolate,Helados,Bote,0.5,l,3.00,6.000,L
2026-09-26T15:29:09.962639+00:00,svq1,64436,Helado de cheesecake Hacendado con salsa de fresa,Helados,Bote,0.5,l,3.00,6.000,L
2026-09-26T15:29:09.962639+00:00,svq1,64445,Helado de turrón Hacendado,Helados,Bote,0.5,l,3.25,6.500,L
2026-09-26T15:29:09.962639+00:00,svq1,64450,Mini helado sándwich sabor nata Hacendado,Helados,Caja,0.48,l,2.60,5.417,L
2026-09-26T15:29:09.962639+00:00,svq1,64459,"Helado 3 sabores Hacendado vainilla, chocolate y fresa",Helados,Tarrina,1.0,l,2.30,2.300,L
2026-09-26T15:29:09.962639+00:00,svq1,64464,Helado menta choco Hacendado con trocitos sabor chocolate,Helados,Bote,0.5,l,3.00,6.000,L
2026-09-26T15:29:09.962639+00:00,svq1,64491,Helado Mochi coco Hacendado,Helados,Caja,0.216,l,2.90,13.426,L
2026-09-26T15:29:09.962639+00:00,svq1,64492,Helado Mochi mango Hacendado,Helados,Caja,0.216,l,2.90,13.426,L
2026-09-26T15:29:09.962639+00:00,svq1,64499,Mini helado bombón sabor nocciola Hacendado,Helados,Caja,0.48,l,3.15,6.563,L
2026-09-26T15:29:09.962639+00:00,svq1,64509,Helado sorbete con limón Hacendado,Helados,Tarrina,1.0,l,2.35,2.350,L
2026-09-26T15:29:09.962639+00:00,svq1,64520,Mini helado sándwich sabor vainilla y cookie Hacendado,Helados,Caja,0.51,l,3.00,5.883,L
2026-09-26T15:29:09.962639+00:00,svq1,64522,Helado hielo sorbete con lima limón Hacendado,Helados,Caja,0.66,l,2.30,3.485,L
2026-09-26T15:29:09.962639+00:00,svq1,6459,Panes chapata de cristal,Pan de horno,Bolsa,0.284,kg,1.30,4.578,kg
2026-09-26T15:29:09.962639+00:00,svq1,64705,Granizado de limón Hacendado,Helados,Pack-6,1.2,l,2.70,2.250,L
2026-09-26T15:29:09.962639+00:00,svq1,65055,Golosinas Rega Relli Hacendado rellena con zumo de fruta,Golosinas,Paquete,0.15,kg,1.00,6.667,kg
2026-09-26T15:29:09.962639+00:00,svq1,65064,Golosinas tubos Hacendado sabor fresa y nata,Golosinas,Caja,0.32,kg,1.75,5.469,kg
2026-09-26T15:29:09.962639+00:00,svq1,65067,Chicles gragea menta fuerte sin azúcar Hacendado,Chicles y caramelos,Bote,0.1,kg,1.95,19.500,kg
2026-09-26T15:29:09.962639+00:00,svq1,65070,Golosinas Boca Fruit Hacendado,Golosinas,Paquete,0.2,kg,1.20,6.000,kg
2026-09-26T15:29:09.962639+00:00,svq1,65077,Golosinas Moras Hacendado,Golosinas,Paquete,0.2,kg,1.10,5.500,kg
2026-09-26T15:29:09.962639+00:00,svq1,65088,Golosinas Nubi Mallow Hacendado,Golosinas,Paquete,0.15,kg,1.00,6.667,kg
2026-09-26T15:29:09.962639+00:00,svq1,65123,Caramelos café Hacendado 0% azúcares,Chicles y caramelos,Paquete,0.09,kg,1.15,12.778,kg
2026-09-26T15:29:09.962639+00:00,svq1,65138,Caramelos sabor eucalipto y mentol Hacendado 0% azúcares,Chicles y caramelos,Paquete,0.09,kg,1.00,11.112,kg
2026-09-26T15:29:09.962639+00:00,svq1,65143,Caramelos jengibre y própolis Hacendado 0% azúcares,Chicles y caramelos,Paquete,0.09,kg,1.35,15.000,kg
2026-09-26T15:29:09.962639+00:00,svq1,65147,Chicles gragea menta suave sin azúcar Hacendado,Chicles y caramelos,Paquete,0.045,kg,1.00,2.223,100 g
2026-09-26T15:29:09.962639+00:00,svq1,65158,Grageas de regaliz Hacendado,Golosinas,Paquete,0.15,kg,1.45,9.667,kg
2026-09-26T15:29:09.962639+00:00,svq1,65161,Chicles gragea hierbabuena sin azúcar Hacendado,Chicles y caramelos,Paquete,0.045,kg,1.00,2.223,100 g
2026-09-26T15:29:09.962639+00:00,svq1,65164,Chicles gragea fresa sin azúcar Hacendado,Chicles y caramelos,Paquete,0.045,kg,1.00,2.223,100 g
2026-09-26T15:29:09.962639+00:00,svq1,65165,Chicles gragea fresa sin azúcar Hacendado,Chicles y caramelos,Bote,0.1,kg,1.95,19.500,kg
2026-09-26T15:29:09.962639+00:00,svq1,65172,Chicles gragea hierbabuena sin azúcar Hacendado,Chicles y caramelos,Bote,0.1,kg,1.95,19.500,kg
2026-09-26T15:29:09.962639+00:00,svq1,65177,Chicles gragea jengibre sin azúcar Hacendado,Chicles y caramelos,Paquete,0.045,kg,1.00,2.223,100 g
2026-09-26T15:29:09.962639+00:00,svq1,65213,Chicles gragea XXL frutal mix sin azúcar Hacendado,Chicles y caramelos,Paquete,0.1,kg,1.80,18.000,kg
2026-09-26T15:29:09.962639+00:00,svq1,65235,Chicles gragea menta fuerte sin azúcar Hacendado,Chicles y caramelos,Paquete,0.045,kg,1.00,2.223,100 g
2026-09-26T15:29:09.962639+00:00,svq1,65302,Caramelos nata Hacendado 0% azúcares,Chicles y caramelos,Paquete,0.09,kg,1.15,12.778,kg
2026-09-26T15:29:09.962639+00:00,svq1,65311,Caramelos blandos Fruits Hacendado,Chicles y caramelos,Paquete,0.3,kg,1.60,5.334,kg
2026-09-26T15:29:09.962639+00:00,svq1,65324,Caramelos miel sabor limón Pifarré,Chicles y caramelos,Paquete,0.125,kg,1.15,9.200,kg
2026-09-26T15:29:09.962639+00:00,svq1,65327,Caramelos regaliz mentol Respiral Halls,Chicles y caramelos,Paquete,0.15,kg,1.95,13.000,kg
2026-09-26T15:29:09.962639+00:00,svq1,6565,Tortellini carne Pagani,Pasta y fideos,Paquete,0.25,kg,1.40,5.600,kg
2026-09-26T15:29:09.962639+00:00,svq1,6566,Tortellini tres quesos Pagani,Pasta y fideos,Paquete,0.25,kg,1.40,5.600,kg
2026-09-26T15:29:09.962639+00:00,svq1,66026,Cerveza especial San Miguel,Cerveza,Pack-12,3.96,l,5.40,1.364,L
2026-09-26T15:29:09.962639+00:00,svq1,66105,Vino blanco Don Simón,Vino blanco,Brik,1.0,l,1.70,1.700,L
2026-09-26T15:29:09.962639+00:00,svq1,66107,Vino tinto Don Simón,Vino tinto,Brik,1.0,l,1.70,1.700,L
2026-09-26T15:29:09.962639+00:00,svq1,66124,Vino blanco Don Simón chardonnay airén,Vino blanco,Pack-3,0.75,l,1.75,2.334,L
2026-09-26T15:29:09.962639+00:00,svq1,66127,Vino blanco Casón Histórico,Vino blanco,Brik,1.0,l,0.95,0.950,L
2026-09-26T15:29:09.962639+00:00,svq1,66211,Vino tinto Casón Histórico,Vino tinto,Brik,1.0,l,1.10,1.100,L
2026-09-26T15:29:09.962639+00:00,svq1,66314,Vino tinto crianza Cune DO Rioja,Vino tinto,Botella,0.75,l,7.25,9.667,L
2026-09-26T15:29:09.962639+00:00,svq1,66320,Vino tinto crianza El Coto DO Rioja,Vino tinto,Botella,0.75,l,6.55,8.734,L
2026-09-26T15:29:09.962639+00:00,svq1,66324,Vino blanco El Coto DO Rioja,Vino blanco,Botella,0.75,l,4.45,5.934,L
2026-09-26T15:29:09.962639+00:00,svq1,66325,Vino tinto reserva Comportillo DO Rioja,Vino tinto,Botella,0.75,l,4.00,5.334,L
2026-09-26T15:29:09.962639+00:00,svq1,66332,Frizzante blanco verdejo DulZ.Ze,Vino lambrusco y espumoso,Botella,0.75,l,2.80,3.734,L
2026-09-26T15:29:09.962639+00:00,svq1,66346,Vino tinto reserva Coto de Imaz DO Rioja,Vino tinto,Botella,0.75,l,8.80,11.734,L
2026-09-26T15:29:09.962639+00:00,svq1,66349,Vino tinto tempranillo syrah suave Caperucita tinta Torre Oria,Vino tinto,Botella,0.75,l,1.85,2.467,L
2026-09-26T15:29:09.962639+00:00,svq1,66352,Vino blanco semidulce Diamante DO Rioja,Vino blanco,Botella,0.75,l,4.65,6.200,L
2026-09-26T15:29:09.962639+00:00,svq1,66358,Cerveza Victoria Málaga,Cerveza,,3.96,l,6.24,1.576,L
2026-09-26T15:29:09.962639+00:00,svq1,66369,Vino blanco verdejo Abadía Mantrús DO Rueda,Vino blanco,Botella,0.75,l,2.50,3.334,L
2026-09-26T15:29:09.962639+00:00,svq1,66431,Vino tinto roble Noniná,Vino tinto,Botella,0.75,l,2.85,3.800,L
2026-09-26T15:29:09.962639+00:00,svq1,66462,Cerveza Clásica Steinburg,Cerveza,Pack-12,3.96,l,3.60,0.910,L
2026-09-26T15:29:09.962639+00:00,svq1,66463,Cerveza Clásica Steinburg,Cerveza,Lata,0.33,l,0.30,0.910,L
2026-09-26T15:29:09.962639+00:00,svq1,66465,Cerveza Clásica Steinburg,Cerveza,Pack-6,6.0,l,5.70,0.950,L
2026-09-26T15:29:09.962639+00:00,svq1,66466,Cerveza Clásica Steinburg,Cerveza,Botella,1.0,l,0.95,0.950,L
2026-09-26T15:29:09.962639+00:00,svq1,66485,Cerveza Suave Steinburg,Cerveza,Pack-12,3.96,l,3.12,0.788,L
2026-09-26T15:29:09.962639+00:00,svq1,66486,Cerveza Suave Steinburg,Cerveza,Lata,0.33,l,0.26,0.788,L
2026-09-26T15:29:09.962639+00:00,svq1,66495,Vino blanco suave y afrutado El Pescaito,Vino blanco,Botella,0.75,l,2.10,2.800,L
2026-09-26T15:29:09.962639+00:00,svq1,66518,Cerveza reserva 1925 Alhambra,Cerveza,Botellín,0.33,l,1.49,4.516,L
2026-09-26T15:29:09.962639+00:00,svq1,66580,Vino rosado suave y goloso Alicia en el país de las uvas,Vino rosado,Botella,0.75,l,2.20,2.934,L
2026-09-26T15:29:09.962639+00:00,svq1,66586,Cerveza especial Estrella Galicia,Cerveza,Pack-10,3.3,l,8.80,2.667,L
2026-09-26T15:29:09.962639+00:00,svq1,66587,Cerveza especial Estrella Galicia,Cerveza,Pack-12,3.0,l,7.32,2.440,L
2026-09-26T15:29:09.962639+00:00,svq1,66738,Tinto de verano limón Casón Histórico,Tinto de verano y sangría,Lata,0.33,l,0.55,1.667,L
2026-09-26T15:29:09.962639+00:00,svq1,66739,Tinto de verano sabor limón Casón Histórico,Tinto de verano y sangría,,1.98,l,3.30,1.667,L
2026-09-26T15:29:09.962639+00:00,svq1,66746,Tinto de verano sin alcohol limón Don Simón,Tinto de verano y sangría,Botella,1.5,l,1.40,0.934,L
2026-09-26T15:29:09.962639+00:00,svq1,66747,Tinto de verano limón Don Simón,Tinto de verano y sangría,Botella,1.5,l,1.40,0.934,L
2026-09-26T15:29:09.962639+00:00,svq1,66770,Cerveza Shandy Steinburg sabor limón,Cerveza,,3.96,l,4.32,1.091,L
2026-09-26T15:29:09.962639+00:00,svq1,66771,Cerveza Shandy Steinburg sabor limón,Cerveza,Lata,0.33,l,0.36,1.091,L
2026-09-26T15:29:09.962639+00:00,svq1,66788,Vino blanco Sauvignon Blanc Árabe,Vino blanco,Botella,0.75,l,4.15,5.534,L
2026-09-26T15:29:09.962639+00:00,svq1,66902,Vino fino muy seco Palomino fino Tio Pepe DO Jerez Xerés sherry,Vino blanco,Botella,0.75,l,7.00,9.334,L
2026-09-26T15:29:09.962639+00:00,svq1,66903,Manzanilla MuyFina Barbadillo DO Sanlúcar de Barrameda,Vino blanco,Botella,0.75,l,4.75,6.334,L
2026-09-26T15:29:09.962639+00:00,svq1,66905,Bebida aromatizada a base de vino para cocinar Abuela Carola,"Aceite, vinagre y sal",Botella,0.75,l,2.35,3.134,L
2026-09-26T15:29:09.962639+00:00,svq1,66906,Manzanilla Palomino fino La Guita DO Sanlúcar de Barrameda,Vino blanco,Botella,0.75,l,6.95,9.267,L
2026-09-26T15:29:09.962639+00:00,svq1,66907,Vino fino Corredera DO Montilla-Moriles,Vino blanco,Botella,0.75,l,3.15,4.200,L
2026-09-26T15:29:09.962639+00:00,svq1,66922,Sangría Casón Histórico,Tinto de verano y sangría,Botella,1.5,l,1.55,1.034,L
2026-09-26T15:29:09.962639+00:00,svq1,66944,Sangría Don Simón,Tinto de verano y sangría,Botella,1.5,l,1.95,1.300,L
2026-09-26T15:29:09.962639+00:00,svq1,67024,Vino tinto Borsao DO Campo de Borja,Vino tinto,Botella,0.75,l,2.25,3.000,L
2026-09-26T15:29:09.962639+00:00,svq1,67041,Cerveza Pilsen Cruzcampo,Cerveza,Pack-6,6.0,l,7.74,1.290,L
2026-09-26T15:29:09.962639+00:00,svq1,67042,Cerveza Pilsen Cruzcampo,Cerveza,Botella,1.0,l,1.29,1.290,L
2026-09-26T15:29:09.962639+00:00,svq1,67089,Cerveza Pilsen Cruzcampo,Cerveza,,5.94,l,8.64,1.455,L
2026-09-26T15:29:09.962639+00:00,svq1,67112,Vino tinto cosecha Comportillo DO Rioja,Vino tinto,Botella,0.75,l,2.75,3.667,L
2026-09-26T15:29:09.962639+00:00,svq1,67119,Vino rosado Clarete Arteso DO Rioja,Vino rosado,Botella,0.75,l,3.50,4.667,L
2026-09-26T15:29:09.962639+00:00,svq1,67123,Vino blanco dulce Finca La Malcriada DO Valencia,Vino blanco,Botella,0.75,l,2.50,3.334,L
2026-09-26T15:29:09.962639+00:00,svq1,67125,Vino blanco albariño Pazo de Orantes DO Rías Baixas,Vino blanco,Botella,0.75,l,5.50,7.334,L
2026-09-26T15:29:09.962639+00:00,svq1,67409,Crema al cacao con avellanas Nutella,Chocolate,Tarro,0.35,kg,4.00,11.429,kg
2026-09-26T15:29:09.962639+00:00,svq1,67416,Crema al cacao con avellanas Hacendado,Chocolate,Bote,0.5,kg,1.95,3.900,kg
2026-09-26T15:29:09.962639+00:00,svq1,67417,Crema al cacao con avellanas Hacendado de 2 sabores,Chocolate,Bote,0.5,kg,1.95,3.900,kg
2026-09-26T15:29:09.962639+00:00,svq1,67534,Cera caliente en tarro Deliplus piel sensible,Depilación,Caja,0.25,kg,4.00,1.600,100 g
2026-09-26T15:29:09.962639+00:00,svq1,67563,Panecillo de queso 18%,Pan de horno,,0.085,kg,0.50,5.883,kg
2026-09-26T15:29:09.962639+00:00,svq1,67586,Ketchup en sobres individuales Hacendado,"Mayonesa, ketchup y mostaza",Paquete,0.24,kg,1.40,5.834,kg
2026-09-26T15:29:09.962639+00:00,svq1,67596,Sérum facial Ácido Hialurónico y Ceramidas Deliplus Hidrata,Cuidado e higiene facial,Frasco,0.03,l,5.00,16.667,100 ml
2026-09-26T15:29:09.962639+00:00,svq1,67599,Solomillo de cerdo ibérico,Cerdo,Paquete,0.44,kg,8.67,19.700,kg
2026-09-26T15:29:09.962639+00:00,svq1,67608,Alubia negra Hacendado,Legumbres,Paquete,1.0,kg,2.50,2.500,kg
2026-09-26T15:29:09.962639+00:00,svq1,67616,Maquinillas depilación desechables Gillette Venus 3 hojas Colors,Depilación,Paquete,1.0,ud,3.30,0.825,ud
2026-09-26T15:29:09.962639+00:00,svq1,67633,Flan de café Hacendado,Flan y natillas,Pack-4,0.4,kg,2.00,5.000,kg
2026-09-26T15:29:09.962639+00:00,svq1,67634,Crema catalana Hacendado,Gelatina y otros postres,Pack-4,0.4,kg,2.75,6.875,kg
2026-09-26T15:29:09.962639+00:00,svq1,67635,Flan de huevo +Proteínas 10 g 0% MG 0% azúcares añadidos,Flan y natillas,,0.4,kg,2.00,5.000,kg
2026-09-26T15:29:09.962639+00:00,svq1,67637,Edulcorante Eritritol y Sucralosa Hacendado,Azúcar y edulcorante,Bote,0.2,kg,2.95,14.750,kg
2026-09-26T15:29:09.962639+00:00,svq1,67659,Café cortado en cápsula Hacendado,Café cápsula y monodosis,Caja,0.0928,kg,3.35,0.210,ud
2026-09-26T15:29:09.962639+00:00,svq1,67660,Café soluble cappuccino caramelo Hacendado,Café soluble y otras bebidas,Bote,0.25,kg,2.75,11.000,kg
2026-09-26T15:29:09.962639+00:00,svq1,67693,Molinillo pimienta negra Hacendado,Especias,Bote,0.065,kg,1.85,28.462,kg
2026-09-26T15:29:09.962639+00:00,svq1,67694,Molinillo mix pimientas Hacendado,Especias,Bote,0.05,kg,1.95,39.000,kg
2026-09-26T15:29:09.962639+00:00,svq1,67701,"Mascarilla Ultra Platinum Deliplus cabello gris, rubio y decolorado",Acondicionador y mascarilla,Bote,0.2,l,3.95,1.975,100 ml
2026-09-26T15:29:09.962639+00:00,svq1,67713,Perfilador de labios Long Lasting Deliplus 10 canela,Labios,,1.0,ud,2.50,2.500,ud
2026-09-26T15:29:09.962639+00:00,svq1,67736,Golosinas Fresi Pink Mix Hacendado,Golosinas,Paquete,0.3,kg,1.60,5.334,kg
2026-09-26T15:29:09.962639+00:00,svq1,67753,Mermelada de higo Hacendado,Mermelada y miel,Tarro,0.34,kg,1.95,5.736,kg
2026-09-26T15:29:09.962639+00:00,svq1,67766,Yogur azucarado YogoMix Discos Hacendado con disquitos chocolateados,Gelatina y otros postres,Pack-2,0.3,kg,1.30,4.334,kg
2026-09-26T15:29:09.962639+00:00,svq1,67786,Callos a la madrileña Hacendado,Platos preparados calientes,Lata,0.38,kg,2.45,6.364,kg
2026-09-26T15:29:09.962639+00:00,svq1,67794,Champú Plex Repair Deliplus cabello muy dañado,Champú,Bote,0.4,l,1.90,0.475,100 ml
2026-09-26T15:29:09.962639+00:00,svq1,67795,Mascarilla Plex Repair Deliplus cabello muy dañado,Acondicionador y mascarilla,Bote,0.2,l,2.10,1.050,100 ml
2026-09-26T15:29:09.962639+00:00,svq1,67796,Sérum Plex Repair Deliplus cabello muy dañado,Acondicionador y mascarilla,Bote,0.1,l,4.10,4.100,100 ml
2026-09-26T15:29:09.962639+00:00,svq1,67798,Patatas con allioli Hacendado,Platos preparados fríos,Tarrina,0.25,kg,1.55,6.200,kg
2026-09-26T15:29:09.962639+00:00,svq1,67800,Champú Protect No+ triple acción,Champú,Bote,0.3,l,2.70,0.900,100 ml
2026-09-26T15:29:09.962639+00:00,svq1,67801,Acondicionador instantáneo Protect No+ sin aclarado,Champú,Bote,0.25,l,2.50,1.000,100 ml
2026-09-26T15:29:09.962639+00:00,svq1,67802,Loción antipiojos y liendres No+,Champú,Bote,0.15,l,5.25,3.500,100 ml
2026-09-26T15:29:09.962639+00:00,svq1,67818,Tinto de verano limón Casón Histórico,Tinto de verano y sangría,Botella,1.5,l,0.95,0.634,L
2026-09-26T15:29:09.962639+00:00,svq1,67875,Turrón de chocolate crujiente Hacendado,Turrones,Tableta,0.25,kg,2.25,9.000,kg
2026-09-26T15:29:09.962639+00:00,svq1,67888,Perfilador de labios Deliplus 07 cereza,Labios,,1.0,ud,2.50,2.500,ud
2026-09-26T15:29:09.962639+00:00,svq1,67892,"Surtido de picos, colines y regañás con sésamo Hacendado","Picos, rosquilletas y picatostes",Paquete,0.35,kg,1.45,4.143,kg
2026-09-26T15:29:09.962639+00:00,svq1,67899,Mascarilla Hidra Hialurónico Elvive cabello deshidratado,Acondicionador y mascarilla,Tarro,0.31,l,4.40,1.420,100 ml
2026-09-26T15:29:09.962639+00:00,svq1,67906,Gel de baño Hidratante y protector Sanex para todo tipo de piel,Gel y jabón de manos,Botella,0.85,l,3.80,0.448,100 ml
2026-09-26T15:29:09.962639+00:00,svq1,67908,Jabón de manos en pastilla Beauty Cream Bar Dove,Gel y jabón de manos,Paquete,0.36,kg,3.95,1.098,100 g
2026-09-26T15:29:09.962639+00:00,svq1,67933,Vino blanco Chardonnay Atardecer DO Somontano,Vino blanco,Botella,0.75,l,3.60,4.800,L
2026-09-26T15:29:09.962639+00:00,svq1,67938,Refresco té sabor limón Hacendado,Refresco de té y sin gas,Botella,1.5,l,1.00,0.667,L
2026-09-26T15:29:09.962639+00:00,svq1,67939,Refresco té sabor limón Hacendado,Refresco de té y sin gas,Pack-6,1.98,l,3.00,1.516,L
2026-09-26T15:29:09.962639+00:00,svq1,67940,Refresco té sabor limón Hacendado,Refresco de té y sin gas,Lata,0.33,l,0.50,1.516,L
2026-09-26T15:29:09.962639+00:00,svq1,67947,Pizza Formaggi Hacendado 4 quesos,Pizzas,Caja,0.4,kg,3.90,9.750,kg
2026-09-26T15:29:09.962639+00:00,svq1,67949,Bebida de soja sabor vainilla Hacendado 0% azúcar,Leche y bebidas vegetales,Brik,1.0,l,1.10,1.100,L
2026-09-26T15:29:09.962639+00:00,svq1,67950,Bebida de soja sabor vainilla Hacendado 0% azúcar,Leche y bebidas vegetales,Pack-6,6.0,l,6.60,1.100,L
2026-09-26T15:29:09.962639+00:00,svq1,67951,Limpiagafas Spray con gamuza Bosque Verde,Limpiacristales,Spray,0.015,l,2.55,2.550,ud
2026-09-26T15:29:09.962639+00:00,svq1,67953,Picos camperos Hacendado,"Picos, rosquilletas y picatostes",Paquete,0.25,kg,1.00,4.000,kg
2026-09-26T15:29:09.962639+00:00,svq1,67968,"Golosinas Rega Red Mix Hacendado sabor fresa, nata y tutti frutti",Golosinas,Paquete,0.3,kg,1.60,5.334,kg
2026-09-26T15:29:09.962639+00:00,svq1,67972,Pechuga de pavo Hacendado finas lonchas,Aves y jamón cocido,Pack-2,0.4,kg,3.95,9.875,kg
2026-09-26T15:29:09.962639+00:00,svq1,67977,Bífidus cremoso con coco probióticos Hacendado,Bífidus,,0.5,kg,1.30,2.600,kg
2026-09-26T15:29:09.962639+00:00,svq1,67981,Vaso pequeño Bosque Verde apto para bebida caliente,Menaje y conservación de alimentos,Paquete,20.0,ud,1.35,0.068,ud
2026-09-26T15:29:09.962639+00:00,svq1,67997,Ambientador spray Sweet Blossom Bosque Verde,Insecticida y ambientador,Spray,0.3,l,1.20,4.000,L
2026-09-26T15:29:09.962639+00:00,svq1,68029,Petit Nesquik Nestlé,Yogures y postres infantiles,Pack-6,0.36,kg,1.85,5.139,kg
2026-09-26T15:29:09.962639+00:00,svq1,68037,Hierbabuena,Verdura,Manojo,0.04,kg,1.35,3.375,100 g
2026-09-26T15:29:09.962639+00:00,svq1,68089,Petit de bolsillo de fresa Hacendado,Yogures y postres infantiles,Caja,0.36,kg,1.70,4.723,kg
2026-09-26T15:29:09.962639+00:00,svq1,68106,Flan de vainilla con caramelo Hacendado,Flan y natillas,Pack-6,0.6,kg,1.10,1.834,kg
2026-09-26T15:29:09.962639+00:00,svq1,68116,Flan de queso Hacendado,Flan y natillas,,0.4,kg,2.15,5.375,kg
2026-09-26T15:29:09.962639+00:00,svq1,68124,Danonino sabor fresa Danone,Yogures y postres infantiles,,0.3,kg,1.70,5.667,kg
2026-09-26T15:29:09.962639+00:00,svq1,68125,Danonino sabor fresa y plátano Danone,Yogures y postres infantiles,,0.3,kg,1.70,5.667,kg
2026-09-26T15:29:09.962639+00:00,svq1,68130,Lechuga Iceberg,Lechuga y ensalada preparada,Pieza,1.0,ud,1.05,1.050,ud
2026-09-26T15:29:09.962639+00:00,svq1,68131,Judía verde plana,Verdura,Paquete,0.35,kg,2.00,5.715,kg
2026-09-26T15:29:09.962639+00:00,svq1,68137,Natillas sabor vainilla Hacendado,Flan y natillas,Pack-4,0.5,kg,1.05,2.100,kg
2026-09-26T15:29:09.962639+00:00,svq1,68138,Natillas de chocolate con leche Hacendado,Flan y natillas,Pack-4,0.5,kg,1.05,2.100,kg
2026-09-26T15:29:09.962639+00:00,svq1,68149,Flan de huevo Hacendado,Flan y natillas,Pack-4,0.4,kg,1.60,4.000,kg
2026-09-26T15:29:09.962639+00:00,svq1,68170,Tiramisú Hacendado,Gelatina y otros postres,Pack-2,0.18,kg,1.35,7.500,kg
2026-09-26T15:29:09.962639+00:00,svq1,68172,Gelatina sabor fresa Hacendado,Gelatina y otros postres,Pack-6,0.6,kg,1.00,1.667,kg
2026-09-26T15:29:09.962639+00:00,svq1,68188,Panna Cotta con caramelo Hacendado,Gelatina y otros postres,Pack-4,0.4,kg,1.20,3.000,kg
2026-09-26T15:29:09.962639+00:00,svq1,68204,Flan de huevo Hacendado,Flan y natillas,Pack-9,0.9,kg,3.60,4.000,kg
2026-09-26T15:29:09.962639+00:00,svq1,68265,Flan de huevo sin azúcares añadidos Hacendado,Flan y natillas,Pack-4,0.4,kg,1.90,4.750,kg
2026-09-26T15:29:09.962639+00:00,svq1,68266,Natillas sabor vainilla con galleta Hacendado,Flan y natillas,Pack-4,0.5,kg,1.15,2.300,kg
2026-09-26T15:29:09.962639+00:00,svq1,68322,Cuajada Hacendado,Gelatina y otros postres,Pack-4,0.5,kg,1.20,2.400,kg
2026-09-26T15:29:09.962639+00:00,svq1,68348,Tocino de cielo Hacendado,Gelatina y otros postres,Pack-2,0.2,kg,1.90,9.500,kg
2026-09-26T15:29:09.962639+00:00,svq1,68350,Mousse de chocolate Hacendado,Gelatina y otros postres,Pack-4,0.25,kg,1.20,4.800,kg
2026-09-26T15:29:09.962639+00:00,svq1,68354,Arroz con leche Hacendado,Gelatina y otros postres,Pack-4,0.52,kg,1.30,2.500,kg
2026-09-26T15:29:09.962639+00:00,svq1,68408,Puerros,Verdura,,0.45,kg,2.16,4.800,kg
2026-09-26T15:29:09.962639+00:00,svq1,68462,Repollo liso partido,Verdura,1/2 Pieza,0.9,kg,1.94,2.150,kg
2026-09-26T15:29:09.962639+00:00,svq1,6856,Placas para lasaña precocidas El Pavo,Pasta y fideos,Caja,0.2,kg,1.65,8.250,kg
2026-09-26T15:29:09.962639+00:00,svq1,69066,Patata,Verdura,Pieza,0.21,kg,0.40,1.900,kg
2026-09-26T15:29:09.962639+00:00,svq1,69079,Cebollas,Verdura,Malla,2.0,kg,3.20,1.600,kg
2026-09-26T15:29:09.962639+00:00,svq1,69089,Cebollas,Verdura,Malla,1.0,kg,1.70,1.700,kg
2026-09-26T15:29:09.962639+00:00,svq1,69098,Patatas rojas,Verdura,Malla,2.0,kg,3.80,1.900,kg
2026-09-26T15:29:09.962639+00:00,svq1,69099,Patatas,Verdura,Malla,5.0,kg,5.00,1.000,kg
2026-09-26T15:29:09.962639+00:00,svq1,69117,Rabanitos,Verdura,Paquete,0.25,kg,1.30,5.200,kg
2026-09-26T15:29:09.962639+00:00,svq1,69121,Lechugas corazón romana,Lechuga y ensalada preparada,,2.0,ud,1.75,0.875,ud
2026-09-26T15:29:09.962639+00:00,svq1,69122,Lechuga corazón romana,Lechuga y ensalada preparada,Paquete,1.0,ud,1.10,1.100,ud
2026-09-26T15:29:09.962639+00:00,svq1,69139,Cebollas tiernas,Verdura,Manojo,1.0,ud,1.70,0.567,ud
2026-09-26T15:29:09.962639+00:00,svq1,69155,Cebollas dulces,Verdura,Malla,1.0,kg,2.50,2.500,kg
2026-09-26T15:29:09.962639+00:00,svq1,69166,Patatas,Verdura,Malla,3.0,kg,4.65,1.550,kg
2026-09-26T15:29:09.962639+00:00,svq1,69173,Yuca,Verdura,Pieza,0.67,kg,2.21,3.300,kg
2026-09-26T15:29:09.962639+00:00,svq1,69220,Coliflor,Verdura,Pieza,0.94,kg,2.35,2.500,kg
2026-09-26T15:29:09.962639+00:00,svq1,69239,Batata,Verdura,Pieza,0.45,kg,1.15,2.550,kg
2026-09-26T15:29:09.962639+00:00,svq1,69245,Apio cortado lavado,Verdura,Bandeja,0.21,kg,1.24,5.900,kg
2026-09-26T15:29:09.962639+00:00,svq1,69275,Apio verde,Verdura,Manojo,0.66,kg,1.45,2.200,kg
2026-09-26T15:29:09.962639+00:00,svq1,69286,Cebollino,Verdura,Bandeja,0.02,kg,1.80,9.000,100 g
2026-09-26T15:29:09.962639+00:00,svq1,69287,Albahaca,Verdura,Bandeja,0.02,kg,1.55,7.750,100 g
2026-09-26T15:29:09.962639+00:00,svq1,69289,Jengibre,Verdura,,0.2,kg,1.65,8.250,kg
2026-09-26T15:29:09.962639+00:00,svq1,69297,Ajos morados,Verdura,Malla,0.25,kg,1.85,7.400,kg
2026-09-26T15:29:09.962639+00:00,svq1,69310,Pimiento rojo,Verdura,Pieza,0.29,kg,0.73,2.500,kg
2026-09-26T15:29:09.962639+00:00,svq1,69312,Pimiento verde,Verdura,Pieza,0.23,kg,0.64,2.800,kg
2026-09-26T15:29:09.962639+00:00,svq1,69326,Berenjena,Verdura,Pieza,0.37,kg,0.81,2.200,kg
2026-09-26T15:29:09.962639+00:00,svq1,69338,Calabacín verde,Verdura,Pieza,0.34,kg,0.65,1.900,kg
2026-09-26T15:29:09.962639+00:00,svq1,69339,Calabacín blanco,Verdura,Pieza,0.37,kg,0.81,2.200,kg
2026-09-26T15:29:09.962639+00:00,svq1,69383,Wakame ensalada de alga marina Hacendado congelada,Fruta y verdura,Paquete,0.125,kg,1.50,12.000,kg
2026-09-26T15:29:09.962639+00:00,svq1,69386,Patatas guarnición,Verdura,Malla,1.0,kg,2.55,2.550,kg
2026-09-26T15:29:09.962639+00:00,svq1,69394,Cebollas moradas,Verdura,Malla,0.5,kg,1.40,2.800,kg
2026-09-26T15:29:09.962639+00:00,svq1,69414,Tomates cherry en rama Dulcita,Verdura,Bandeja,0.2,kg,2.50,12.500,kg
2026-09-26T15:29:09.962639+00:00,svq1,69423,Salteado de pimientos y cebolla cortado y lavado,Verdura,Paquete,0.4,kg,2.50,6.250,kg
2026-09-26T15:29:09.962639+00:00,svq1,69433,Preparado de verduras para sofreír cortado y lavado,Verdura,Paquete,0.4,kg,2.40,6.000,kg
2026-09-26T15:29:09.962639+00:00,svq1,69435,Lechuga romana cortada y lavada,Lechuga y ensalada preparada,Paquete,0.2,kg,1.15,5.750,kg
2026-09-26T15:29:09.962639+00:00,svq1,69443,Pimiento verde freír,Verdura,Pieza,0.08,kg,0.20,2.500,kg
2026-09-26T15:29:09.962639+00:00,svq1,69448,Patatas especial para freír,Verdura,Malla,2.0,kg,3.90,1.950,kg
2026-09-26T15:29:09.962639+00:00,svq1,69461,Ensalada de pasta,Lechuga y ensalada preparada,Bol,0.25,kg,2.60,10.400,kg
2026-09-26T15:29:09.962639+00:00,svq1,69463,Salteado de verduras para microondas cortado y lavado,Verdura,Paquete,0.4,kg,2.50,6.250,kg
2026-09-26T15:29:09.962639+00:00,svq1,69465,Batatas para microondas,Verdura,Paquete,0.4,kg,2.50,6.250,kg
2026-09-26T15:29:09.962639+00:00,svq1,69469,Maíz dulce en mazorca cocido,Verdura,Paquete,0.45,kg,1.55,3.445,kg
2026-09-26T15:29:09.962639+00:00,svq1,69474,Ensalada queso de cabra,Lechuga y ensalada preparada,Bol,0.153,kg,2.80,18.301,kg
2026-09-26T15:29:09.962639+00:00,svq1,69484,Patatas para microondas,Verdura,Paquete,0.4,kg,1.50,3.750,kg
2026-09-26T15:29:09.962639+00:00,svq1,69487,Rama de Tomates,Verdura,Granel,0.72,kg,1.73,2.400,kg
2026-09-26T15:29:09.962639+00:00,svq1,69495,Pimientos tricolor,Verdura,,0.72,kg,2.23,3.100,kg
2026-09-26T15:29:09.962639+00:00,svq1,69519,Champiñones laminados limpios,Verdura,Bandeja,0.32,kg,2.11,6.600,kg
2026-09-26T15:29:09.962639+00:00,svq1,69523,Remolacha cocida y pelada,Verdura,Paquete,0.45,kg,1.05,2.334,kg
2026-09-26T15:29:09.962639+00:00,svq1,69580,Brócoli,Verdura,Pieza,0.44,kg,1.32,3.000,kg
2026-09-26T15:29:09.962639+00:00,svq1,69581,Cogollos de lechuga,Lechuga y ensalada preparada,,3.0,ud,1.05,0.350,ud
2026-09-26T15:29:09.962639+00:00,svq1,69582,Cogollos corazón de lechuga,Lechuga y ensalada preparada,,6.0,ud,2.00,0.334,ud
2026-09-26T15:29:09.962639+00:00,svq1,69584,Pepino,Verdura,Pieza,0.21,kg,0.36,1.700,kg
2026-09-26T15:29:09.962639+00:00,svq1,69585,Maíz dulce en mazorca,Verdura,Bandeja,2.0,ud,2.40,1.200,ud
2026-09-26T15:29:09.962639+00:00,svq1,69586,Zanahorias,Verdura,Paquete,1.0,kg,1.20,1.200,kg
2026-09-26T15:29:09.962639+00:00,svq1,69590,Pimientos semipicantes,Verdura,Paquete,0.25,kg,1.35,5.400,kg
2026-09-26T15:29:09.962639+00:00,svq1,69591,Endibias,Lechuga y ensalada preparada,,0.45,kg,2.00,4.445,kg
2026-09-26T15:29:09.962639+00:00,svq1,69622,Floretas de brócoli para microondas lavadas,Verdura,Paquete,0.23,kg,1.70,7.392,kg
2026-09-26T15:29:09.962639+00:00,svq1,69643,Espárragos verdes gruesos,Verdura,Manojo,0.3,kg,4.10,13.667,kg
2026-09-26T15:29:09.962639+00:00,svq1,69647,Setas shiitake,Verdura,Bandeja,0.3,kg,4.02,13.400,kg
2026-09-26T15:29:09.962639+00:00,svq1,69653,Setas,Verdura,Bandeja,0.25,kg,2.09,8.350,kg
2026-09-26T15:29:09.962639+00:00,svq1,69656,Espárragos verdes finos,Verdura,Manojo,0.25,kg,2.70,10.800,kg
2026-09-26T15:29:09.962639+00:00,svq1,69657,Mix de setas intenso,Verdura,Bandeja,0.235,kg,3.76,16.000,kg
2026-09-26T15:29:09.962639+00:00,svq1,69664,Champiñones Portobello,Verdura,Bandeja,0.3,kg,2.20,7.350,kg
2026-09-26T15:29:09.962639+00:00,svq1,69669,Zanahorias,Verdura,Paquete,0.5,kg,0.80,1.600,kg
2026-09-26T15:29:09.962639+00:00,svq1,69670,Lechuga iceberg cortada y lavada,Lechuga y ensalada preparada,Paquete,0.25,kg,0.95,3.800,kg
2026-09-26T15:29:09.962639+00:00,svq1,69687,Preparado de verdura para puchero,Verdura,Bandeja,0.9,kg,2.30,2.550,kg
2026-09-26T15:29:09.962639+00:00,svq1,69690,Cilantro,Verdura,Bandeja,0.02,kg,1.25,6.250,100 g
2026-09-26T15:29:09.962639+00:00,svq1,69695,Ajo negro dientes pelados,Verdura,Tarrina,0.085,kg,5.00,58.824,kg
2026-09-26T15:29:09.962639+00:00,svq1,69697,Ensalada mezcla dúo canónigos y rúcula lavada,Lechuga y ensalada preparada,Paquete,0.1,kg,1.45,14.500,kg
2026-09-26T15:29:09.962639+00:00,svq1,69701,Perejil troceado lavado,Verdura,Paquete,0.04,kg,0.95,2.375,100 g
2026-09-26T15:29:09.962639+00:00,svq1,69706,Ensalada mezcla 4 estaciones lavada,Lechuga y ensalada preparada,Paquete,0.25,kg,0.85,3.400,kg
2026-09-26T15:29:09.962639+00:00,svq1,69714,Ensalada California,Lechuga y ensalada preparada,Bol,0.192,kg,2.60,13.542,kg
2026-09-26T15:29:09.962639+00:00,svq1,69719,Canónigos lavados,Lechuga y ensalada preparada,Paquete,0.125,kg,1.20,9.600,kg
2026-09-26T15:29:09.962639+00:00,svq1,69720,Escarola rizada cortada y lavada,Lechuga y ensalada preparada,Paquete,0.15,kg,1.25,8.334,kg
2026-09-26T15:29:09.962639+00:00,svq1,69722,Zanahoria rallada lavada,Verdura,Paquete,0.15,kg,1.00,6.667,kg
2026-09-26T15:29:09.962639+00:00,svq1,69725,Acelgas cortadas y lavadas,Verdura,Paquete,0.3,kg,1.35,4.500,kg
2026-09-26T15:29:09.962639+00:00,svq1,69730,Espinacas cortadas y lavadas,Verdura,Paquete,0.3,kg,1.30,4.334,kg
2026-09-26T15:29:09.962639+00:00,svq1,69737,3 Vegetales para microondas lavados,Verdura,Paquete,0.3,kg,1.95,6.500,kg
2026-09-26T15:29:09.962639+00:00,svq1,69741,Ensalada mezcla gourmet maxi lavada,Lechuga y ensalada preparada,Paquete,0.3,kg,1.90,6.334,kg
2026-09-26T15:29:09.962639+00:00,svq1,69744,Ensalada mezcla gourmet lavada,Lechuga y ensalada preparada,Paquete,0.175,kg,1.20,6.858,kg
2026-09-26T15:29:09.962639+00:00,svq1,69753,Rúcula lavada,Lechuga y ensalada preparada,Paquete,0.05,kg,0.85,17.000,kg
2026-09-26T15:29:09.962639+00:00,svq1,69756,Ensalada de la casa,Lechuga y ensalada preparada,Bol,0.4,kg,2.15,5.375,kg
2026-09-26T15:29:09.962639+00:00,svq1,69757,Ensalada mezcla brotes tiernos lavada,Lechuga y ensalada preparada,Paquete,0.1,kg,1.20,12.000,kg
2026-09-26T15:29:09.962639+00:00,svq1,69810,Ensalada mezcla brotes tiernos maxi lavada,Lechuga y ensalada preparada,Paquete,0.175,kg,1.70,9.715,kg
2026-09-26T15:29:09.962639+00:00,svq1,69840,Ensalada mezcla tierna lavada,Lechuga y ensalada preparada,Paquete,0.15,kg,1.40,9.334,kg
2026-09-26T15:29:09.962639+00:00,svq1,69849,Ensalada César,Lechuga y ensalada preparada,Bol,0.21,kg,2.60,12.381,kg
2026-09-26T15:29:09.962639+00:00,svq1,69850,Wraps Texas,Lechuga y ensalada preparada,Bol,0.3,kg,3.10,10.334,kg
2026-09-26T15:29:09.962639+00:00,svq1,69853,Media calabaza cacahuete,Verdura,1/2 Pieza,0.68,kg,2.04,3.000,kg
2026-09-26T15:29:09.962639+00:00,svq1,69872,Ensalada ensatún,Lechuga y ensalada preparada,Bol,0.25,kg,2.60,10.400,kg
2026-09-26T15:29:09.962639+00:00,svq1,69877,Palitos de zanahoria,Verdura,Tarrina,0.18,kg,2.10,11.667,kg
2026-09-26T15:29:09.962639+00:00,svq1,69912,Tomate pera,Verdura,Pieza,0.14,kg,0.28,2.000,kg
2026-09-26T15:29:09.962639+00:00,svq1,69930,Tomates cherry pera kumato,Verdura,Bandeja,0.3,kg,1.70,5.667,kg
2026-09-26T15:29:09.962639+00:00,svq1,69937,Tomate ensalada,Verdura,Pieza,0.2,kg,0.44,2.200,kg
2026-09-26T15:29:09.962639+00:00,svq1,69938,Tomate rallado,Verdura,Tarrina,0.29,kg,1.45,5.000,kg
2026-09-26T15:29:09.962639+00:00,svq1,69964,Pepino holandés,Verdura,Pieza,0.425,kg,1.13,2.650,kg
2026-09-26T15:29:09.962639+00:00,svq1,69968,Tomate canario,Verdura,Pieza,0.14,kg,0.31,2.200,kg
2026-09-26T15:29:09.962639+00:00,svq1,69971,Tomates,Verdura,Malla,2.0,kg,4.20,2.100,kg
2026-09-26T15:29:09.962639+00:00,svq1,69975,Tomates pera,Verdura,,1.13,kg,2.37,2.100,kg
2026-09-26T15:29:09.962639+00:00,svq1,69984,Espinacas baby lavadas,Lechuga y ensalada preparada,Paquete,0.1,kg,1.15,11.500,kg
2026-09-26T15:29:09.962639+00:00,svq1,69990,Tomates cherry,Verdura,Bandeja,0.5,kg,2.20,4.400,kg
2026-09-26T15:29:09.962639+00:00,svq1,70008,Esponja de calzado incoloro brillo y protección Yak,Utensilios de limpieza y calzado,,1.0,ud,1.75,1.750,ud
2026-09-26T15:29:09.962639+00:00,svq1,7014,Caldo de pollo Avecrem en pastillas,Sopa y caldo,Caja,0.24,kg,2.95,12.292,kg
2026-09-26T15:29:09.962639+00:00,svq1,70195,Esponja facial desmaquillante Deliplus vegetal,Cuidado e higiene facial,Paquete,1.0,ud,1.00,0.500,ud
2026-09-26T15:29:09.962639+00:00,svq1,7024,Caldo de pollo casero Gallina Blanca,Sopa y caldo,Brik,1.0,l,2.30,2.300,L
2026-09-26T15:29:09.962639+00:00,svq1,7032,Caldo de verduras Hacendado,Sopa y caldo,Brik,1.0,l,0.95,0.950,L
2026-09-26T15:29:09.962639+00:00,svq1,70652,Chocolate negro 55% cacao Hacendado,Chocolate,Tableta,0.15,kg,1.75,11.667,kg
2026-09-26T15:29:09.962639+00:00,svq1,70711,Tarta helada sabor nata y chocolate Hacendado,Helados,Caja,1.0,l,2.00,2.000,L
2026-09-26T15:29:09.962639+00:00,svq1,70733,Paté de salmón y verduras perro adulto Delikuit,Perro,Tarrina,0.3,kg,0.95,3.167,kg
2026-09-26T15:29:09.962639+00:00,svq1,70735,Trozos de salmón y verduras en salsa perro adulto Delikuit,Perro,Tarrina,0.3,kg,0.95,3.167,kg
2026-09-26T15:29:09.962639+00:00,svq1,70740,Edamame soja verde Hacendado ultracongelada,Fruta y verdura,Paquete,0.5,kg,1.75,3.500,kg
2026-09-26T15:29:09.962639+00:00,svq1,70741,Edulcorante líquido sacarina Hacendado,Azúcar y edulcorante,Bote,0.15,l,0.85,5.667,L
2026-09-26T15:29:09.962639+00:00,svq1,70744,Espárragos blancos delgados Hacendado cortos,Conservas de verdura y frutas,Tarro,0.2,kg,1.35,12.273,kg
2026-09-26T15:29:09.962639+00:00,svq1,70745,Cerveza Heineken,Cerveza,Botellín,0.25,l,0.70,2.800,L
2026-09-26T15:29:09.962639+00:00,svq1,70763,Snack galletas con pollo y ternera perro adulto Compy razas medianas y grandes,Perro,Paquete,0.7,kg,1.95,2.786,kg
2026-09-26T15:29:09.962639+00:00,svq1,71033,Bayeta grande Bosque Verde microfibra,"Estropajo, bayeta y guantes",Paquete,1.0,ud,1.65,0.550,ud
2026-09-26T15:29:09.962639+00:00,svq1,71044,Bayeta suave multiusos Bosque Verde,"Estropajo, bayeta y guantes",Paquete,1.0,ud,1.20,0.134,ud
2026-09-26T15:29:09.962639+00:00,svq1,71054,Recambio mopa microfibra pequeño Bosque Verde,Utensilios de limpieza y calzado,Paquete,1.0,ud,4.90,4.900,ud
2026-09-26T15:29:09.962639+00:00,svq1,71055,Posavajillas Bosque Verde,"Estropajo, bayeta y guantes",Paquete,1.0,ud,1.35,1.350,ud
2026-09-26T15:29:09.962639+00:00,svq1,71071,Fregona Resistente y Absorbente Bosque Verde,Utensilios de limpieza y calzado,Paquete,2.0,ud,1.75,0.875,ud
2026-09-26T15:29:09.962639+00:00,svq1,71154,Escoba para exteriores Bosque Verde,Utensilios de limpieza y calzado,,1.0,ud,2.60,2.600,ud
2026-09-26T15:29:09.962639+00:00,svq1,71202,Guantes de látex Bosque Verde talla mediana-grande,"Estropajo, bayeta y guantes",Caja,1.0,ud,3.00,0.060,ud
2026-09-26T15:29:09.962639+00:00,svq1,71203,Guantes de látex Bosque Verde talla pequeña-mediana,"Estropajo, bayeta y guantes",Caja,1.0,ud,3.00,0.060,ud
2026-09-26T15:29:09.962639+00:00,svq1,71225,Guantes de nitrilo Bosque Verde talla pequeña,"Estropajo, bayeta y guantes",Caja,1.0,ud,2.50,0.084,ud
2026-09-26T15:29:09.962639+00:00,svq1,71226,Guantes de nitrilo Bosque Verde talla mediana,"Estropajo, bayeta y guantes",Caja,1.0,ud,2.50,0.084,ud
2026-09-26T15:29:09.962639+00:00,svq1,71227,Guantes de nitrilo Bosque Verde talla grande,"Estropajo, bayeta y guantes",Caja,1.0,ud,2.50,0.084,ud
2026-09-26T15:29:09.962639+00:00,svq1,71309,Estropajo baño Bosque Verde,"Estropajo, bayeta y guantes",Paquete,1.0,ud,1.00,0.500,ud
2026-09-26T15:29:09.962639+00:00,svq1,71314,Borrador mágico Bosque Verde,"Estropajo, bayeta y guantes",Paquete,1.0,ud,1.45,0.484,ud
2026-09-26T15:29:09.962639+00:00,svq1,71341,Estropajo salvauñas limpieza delicada Bosque Verde,"Estropajo, bayeta y guantes",Paquete,3.0,ud,0.75,0.250,ud
2026-09-26T15:29:09.962639+00:00,svq1,71342,Estropajo suciedad resistente Bosque Verde,"Estropajo, bayeta y guantes",Paquete,3.0,ud,0.90,0.300,ud
2026-09-26T15:29:09.962639+00:00,svq1,71343,Estropajo limpieza delicada Bosque Verde,"Estropajo, bayeta y guantes",Paquete,3.0,ud,0.90,0.300,ud
2026-09-26T15:29:09.962639+00:00,svq1,71344,Estropajo acero inoxidable Bosque Verde limpieza muy fuerte,"Estropajo, bayeta y guantes",Paquete,1.0,ud,0.75,0.250,ud
2026-09-26T15:29:09.962639+00:00,svq1,71377,Estropajo inox Bosque Verde limpieza muy fuerte,"Estropajo, bayeta y guantes",Paquete,1.0,ud,1.20,1.200,ud
2026-09-26T15:29:09.962639+00:00,svq1,71380,Estropajo salvauñas suciedad resistente Bosque Verde,"Estropajo, bayeta y guantes",Paquete,3.0,ud,0.75,0.250,ud
2026-09-26T15:29:09.962639+00:00,svq1,71397,Guantes 100% nitrilo Bosque Verde talla pequeña,"Estropajo, bayeta y guantes",Paquete,1.0,ud,1.95,0.975,ud
2026-09-26T15:29:09.962639+00:00,svq1,71398,Guantes 100% nitrilo Bosque Verde talla mediana,"Estropajo, bayeta y guantes",Paquete,1.0,ud,1.95,0.975,ud
2026-09-26T15:29:09.962639+00:00,svq1,71399,Guantes 100% nitrilo Bosque Verde talla grande,"Estropajo, bayeta y guantes",Paquete,1.0,ud,1.95,0.975,ud
2026-09-26T15:29:09.962639+00:00,svq1,71403,Fregona Microfibra Absorbente Bosque Verde,Utensilios de limpieza y calzado,Paquete,2.0,ud,2.80,1.400,ud
2026-09-26T15:29:09.962639+00:00,svq1,71407,Fregona Microfibra Resistente Bosque Verde,Utensilios de limpieza y calzado,Paquete,1.0,ud,3.50,3.500,ud
2026-09-26T15:29:09.962639+00:00,svq1,71527,Toallitas limpiadoras de suelo Bosque Verde,Limpiahogar y friegasuelos,Paquete,20.0,ud,1.60,0.080,ud
2026-09-26T15:29:09.962639+00:00,svq1,71533,Gamuzas atrapa polvo Bosque Verde,Utensilios de limpieza y calzado,Paquete,30.0,ud,1.70,0.057,ud
2026-09-26T15:29:09.962639+00:00,svq1,71586,Plumero de avestruz extensible Bosque Verde,Utensilios de limpieza y calzado,,1.0,ud,4.95,4.950,ud
2026-09-26T15:29:09.962639+00:00,svq1,72000,Coloración permanente 0% amoníaco 7 rubio Colorcor,Coloración cabello,Caja,1.0,ud,3.90,3.900,ud
2026-09-26T15:29:09.962639+00:00,svq1,72034,Insecticida antimosquitos eléctrico recambio pastillas,Insecticida y ambientador,Caja,1.0,ud,1.55,0.052,ud
2026-09-26T15:29:09.962639+00:00,svq1,72035,Espirales antimosquitos Bosque Verde para exteriores,Insecticida y ambientador,Caja,1.0,ud,2.00,0.200,ud
2026-09-26T15:29:09.962639+00:00,svq1,72056,Insecticida avispas Bosque Verde,Insecticida y ambientador,Spray,0.25,l,3.50,14.000,L
2026-09-26T15:29:09.962639+00:00,svq1,72064,Insecticida barrera antimosquitos Bosque Verde,Insecticida y ambientador,Spray,0.4,l,3.10,7.750,L
2026-09-26T15:29:09.962639+00:00,svq1,72077,Vela perfumada Chai Bosque Verde,Insecticida y ambientador,Caja,1.0,ud,1.85,0.103,ud
2026-09-26T15:29:09.962639+00:00,svq1,72088,Raticida cebo fresco Bosque Verde,Insecticida y ambientador,Caja,1.0,ud,2.60,2.600,ud
2026-09-26T15:29:09.962639+00:00,svq1,72090,Insecticida cucarachas y hormigas Bosque Verde,Insecticida y ambientador,Spray,0.4,l,2.70,6.750,L
2026-09-26T15:29:09.962639+00:00,svq1,72111,Insecticida ácaros Bosque Verde especial tejidos,Insecticida y ambientador,Spray,0.4,l,3.30,8.250,L
2026-09-26T15:29:09.962639+00:00,svq1,72113,Trampa polillas de los alimentos Bosque Verde,Insecticida y ambientador,Caja,2.0,ud,2.00,1.000,ud
2026-09-26T15:29:09.962639+00:00,svq1,72205,Difusor insecticida antimosquitos Bosque Verde eléctrico,Insecticida y ambientador,Caja,1.0,ud,3.10,3.100,ud
2026-09-26T15:29:09.962639+00:00,svq1,72318,Insecticida líquido Bosque Verde,Insecticida y ambientador,Botella,0.5,l,2.75,5.500,L
2026-09-26T15:29:09.962639+00:00,svq1,72320,Trampa matacucarachas Bosque Verde,Insecticida y ambientador,Caja,1.0,ud,2.95,0.492,ud
2026-09-26T15:29:09.962639+00:00,svq1,72410,Recambio ambientador automático Infantil Bosque Verde,Insecticida y ambientador,Spray,0.25,l,1.80,7.200,L
2026-09-26T15:29:09.962639+00:00,svq1,72411,Recambio ambientador automático Love Bosque Verde,Insecticida y ambientador,Spray,0.25,l,1.80,7.200,L
2026-09-26T15:29:09.962639+00:00,svq1,72514,Set antihumedad con aromas cítricos Bosque Verde,Insecticida y ambientador,,1.0,ud,3.15,7.000,kg
2026-09-26T15:29:09.962639+00:00,svq1,72515,Recambio antihumedad con aromas cítricos Bosque Verde,Insecticida y ambientador,Caja,1.0,ud,2.00,4.445,kg
2026-09-26T15:29:09.962639+00:00,svq1,72537,Ambientador spray Ropa Limpia Bosque Verde,Insecticida y ambientador,Spray,0.3,l,1.20,4.000,L
2026-09-26T15:29:09.962639+00:00,svq1,72542,Recambio ambientador eléctrico Brisa Azul Bosque Verde,Insecticida y ambientador,Caja,0.025,l,1.60,6.400,100 ml
2026-09-26T15:29:09.962639+00:00,svq1,72544,Recambio ambientador eléctrico Orquídea Bosque Verde,Insecticida y ambientador,Caja,0.025,l,1.60,6.400,100 ml
2026-09-26T15:29:09.962639+00:00,svq1,72547,Recambio ambientador eléctrico Ropa Limpia Bosque Verde,Insecticida y ambientador,Caja,0.025,l,1.60,6.400,100 ml
2026-09-26T15:29:09.962639+00:00,svq1,72614,Recambio ambientador eléctrico Jardín 6 fragancias Bosque Verde,Insecticida y ambientador,Caja,0.025,l,2.90,11.600,100 ml
2026-09-26T15:29:09.962639+00:00,svq1,72616,Recambio ambientador eléctrico Spa 6 fragancias Bosque Verde,Insecticida y ambientador,Caja,0.025,l,2.90,11.600,100 ml
2026-09-26T15:29:09.962639+00:00,svq1,72641,Insecticida antimosquitos eléctrico recambio líquido,Insecticida y ambientador,Caja,1.0,ud,1.90,4.223,100 ml
2026-09-26T15:29:09.962639+00:00,svq1,72647,Recambio ambientador eléctrico Mundo 6 fragancias Bosque Verde,Insecticida y ambientador,Caja,0.025,l,2.90,11.600,100 ml
2026-09-26T15:29:09.962639+00:00,svq1,72733,Ambientador perlas Tiernos Recuerdos Bosque Verde,Insecticida y ambientador,,1.0,ud,1.45,1.450,ud
2026-09-26T15:29:09.962639+00:00,svq1,72734,Ambientador perlas Lima Bosque Verde,Insecticida y ambientador,,1.0,ud,1.45,1.450,ud
2026-09-26T15:29:09.962639+00:00,svq1,72873,Ambientador líquido concentrado Foresan deluxe,Insecticida y ambientador,Botella,0.125,l,1.80,14.400,L
2026-09-26T15:29:09.962639+00:00,svq1,72878,Absorbeolores en gel para frigorífico Bosque Verde,Insecticida y ambientador,Paquete,1.0,ud,1.80,4.500,100 g
2026-09-26T15:29:09.962639+00:00,svq1,73002,Maquinillas de afeitar desechables Gillette Sensor Comfort 3 hojas,Afeitado y cuidado para hombre,Paquete,1.0,ud,5.00,1.000,ud
2026-09-26T15:29:09.962639+00:00,svq1,73006,Maquinillas de afeitar desechables Gillette Blue Plus 2 hojas,Afeitado y cuidado para hombre,Paquete,1.0,ud,3.40,0.567,ud
2026-09-26T15:29:09.962639+00:00,svq1,73014,Coloración permanente 0% amoníaco 3 castaño oscuro Colorcor,Coloración cabello,Caja,1.0,ud,3.90,3.900,ud
2026-09-26T15:29:09.962639+00:00,svq1,73045,Maquinillas de afeitar desechables Gillette Blue Plus 2 hojas,Afeitado y cuidado para hombre,Paquete,1.0,ud,8.00,0.400,ud
2026-09-26T15:29:09.962639+00:00,svq1,7305,Caldo de pescado Hacendado en pastillas,Sopa y caldo,Caja,0.12,kg,0.85,7.084,kg
2026-09-26T15:29:09.962639+00:00,svq1,73127,Hilo dental con cera y sabor menta,Higiene bucal,Paquete,1.0,ud,1.80,0.900,ud
2026-09-26T15:29:09.962639+00:00,svq1,73128,Cinta dental con cera y sabor menta,Higiene bucal,Paquete,1.0,ud,2.50,1.250,ud
2026-09-26T15:29:09.962639+00:00,svq1,7313,Caldo de pollo Hacendado,Sopa y caldo,Brik,1.0,l,0.75,0.750,L
2026-09-26T15:29:09.962639+00:00,svq1,73147,Coloración permanente 101 rubio platino ceniza Colorcor,Coloración cabello,Caja,1.0,ud,3.50,3.500,ud
2026-09-26T15:29:09.962639+00:00,svq1,73149,Coloración permanente 2.10 negro azulado Colorcor,Coloración cabello,Caja,1.0,ud,3.50,3.500,ud
2026-09-26T15:29:09.962639+00:00,svq1,73150,Coloración permanente 3 castaño oscuro Colorcor,Coloración cabello,Caja,1.0,ud,3.50,3.500,ud
2026-09-26T15:29:09.962639+00:00,svq1,73153,Coloración permanente 4.15 chocolate helado Colorcor,Coloración cabello,Caja,1.0,ud,3.50,3.500,ud
2026-09-26T15:29:09.962639+00:00,svq1,73154,Coloración permanente 4.5 caoba oscuro Colorcor,Coloración cabello,Caja,1.0,ud,3.50,3.500,ud
2026-09-26T15:29:09.962639+00:00,svq1,73159,Coloración permanente 5.77 castaño claro marrón intenso Colorcor,Coloración cabello,Caja,1.0,ud,3.50,3.500,ud
2026-09-26T15:29:09.962639+00:00,svq1,73160,Coloración permanente 5.79 marrón chocolate Colorcor,Coloración cabello,Caja,1.0,ud,3.50,3.500,ud
2026-09-26T15:29:09.962639+00:00,svq1,73162,Coloración permanente 6.1 rubio oscuro ceniza Colorcor,Coloración cabello,Caja,1.0,ud,3.50,3.500,ud
2026-09-26T15:29:09.962639+00:00,svq1,73163,Coloración permanente 6.15 marrón macadamia Colorcor,Coloración cabello,Caja,1.0,ud,3.50,3.500,ud
2026-09-26T15:29:09.962639+00:00,svq1,73164,Coloración permanente 6.25 marrón avellana Colorcor,Coloración cabello,Caja,1.0,ud,3.50,3.500,ud
2026-09-26T15:29:09.962639+00:00,svq1,73165,Coloración permanente 6.35 marrón caramelo Colorcor,Coloración cabello,Caja,1.0,ud,3.50,3.500,ud
2026-09-26T15:29:09.962639+00:00,svq1,73166,Coloración permanente 6.4 rubio oscuro cobrizo Colorcor,Coloración cabello,Caja,1.0,ud,3.50,3.500,ud
2026-09-26T15:29:09.962639+00:00,svq1,73167,Coloración permanente 6.60 rojo pasión Colorcor,Coloración cabello,Caja,1.0,ud,3.50,3.500,ud
2026-09-26T15:29:09.962639+00:00,svq1,73168,Coloración permanente 7 rubio medio Colorcor,Coloración cabello,Caja,1.0,ud,3.50,3.500,ud
2026-09-26T15:29:09.962639+00:00,svq1,73169,Coloración permanente 7.1 rubio medio ceniza Colorcor,Coloración cabello,Caja,1.0,ud,3.50,3.500,ud
2026-09-26T15:29:09.962639+00:00,svq1,73170,Coloración permanente 7.3 rubio medio dorado Colorcor,Coloración cabello,Caja,1.0,ud,3.50,3.500,ud
2026-09-26T15:29:09.962639+00:00,svq1,73171,Coloración permanente 7.40 rubio cobrizo intenso Colorcor,Coloración cabello,Caja,1.0,ud,3.50,3.500,ud
2026-09-26T15:29:09.962639+00:00,svq1,73172,Coloración permanente 7.43 cobre cálido Colorcor,Coloración cabello,Caja,1.0,ud,3.50,3.500,ud
2026-09-26T15:29:09.962639+00:00,svq1,73173,Coloración permanente 7.77 rubio marrón intenso Colorcor,Coloración cabello,Caja,1.0,ud,3.50,3.500,ud
2026-09-26T15:29:09.962639+00:00,svq1,73174,Coloración permanente 8 rubio claro Colorcor,Coloración cabello,Caja,1.0,ud,3.50,3.500,ud
2026-09-26T15:29:09.962639+00:00,svq1,73175,Coloración permanente 8.1 rubio claro ceniza Colorcor,Coloración cabello,Caja,1.0,ud,3.50,3.500,ud
2026-09-26T15:29:09.962639+00:00,svq1,73176,Coloración permanente 8.3 rubio claro dorado Colorcor,Coloración cabello,Caja,1.0,ud,3.50,3.500,ud
2026-09-26T15:29:09.962639+00:00,svq1,73177,Coloración permanente 8.44 rubio claro cobrizo Colorcor,Coloración cabello,Caja,1.0,ud,3.50,3.500,ud
2026-09-26T15:29:09.962639+00:00,svq1,73178,Coloración permanente 8.6 rojo intenso Colorcor,Coloración cabello,Caja,1.0,ud,3.50,3.500,ud
2026-09-26T15:29:09.962639+00:00,svq1,73179,Coloración permanente 9 rubio clarísimo Colorcor,Coloración cabello,Caja,1.0,ud,3.50,3.500,ud
2026-09-26T15:29:09.962639+00:00,svq1,73180,Coloración permanente 9.1 rubio clarísimo ceniza Colorcor,Coloración cabello,Caja,1.0,ud,3.50,3.500,ud
2026-09-26T15:29:09.962639+00:00,svq1,73181,Coloración permanente 9.3 rubio clarísimo dorado Colorcor,Coloración cabello,Caja,1.0,ud,3.50,3.500,ud
2026-09-26T15:29:09.962639+00:00,svq1,73182,Coloración permanente 1 negro Colorcor,Coloración cabello,Caja,1.0,ud,3.50,3.500,ud
2026-09-26T15:29:09.962639+00:00,svq1,73184,Coloración permanente 10 rubio extra claro Colorcor,Coloración cabello,Caja,1.0,ud,3.50,3.500,ud
2026-09-26T15:29:09.962639+00:00,svq1,73185,Coloración permanente 100 rubio platino natural Colorcor,Coloración cabello,Caja,1.0,ud,3.50,3.500,ud
2026-09-26T15:29:09.962639+00:00,svq1,73192,Coloración permanente 7 1/2.1 rubio medio ceniza Colorcor,Coloración cabello,Caja,1.0,ud,3.50,3.500,ud
2026-09-26T15:29:09.962639+00:00,svq1,73194,Coloración permanente 8 1/2.1 rubio claro ceniza Colorcor,Coloración cabello,Caja,1.0,ud,3.50,3.500,ud
2026-09-26T15:29:09.962639+00:00,svq1,73195,Coloración permanente 4 castaño medio Colorcor,Coloración cabello,Caja,1.0,ud,3.50,3.500,ud
2026-09-26T15:29:09.962639+00:00,svq1,73196,Coloración permanente 5 castaño claro Colorcor,Coloración cabello,Caja,1.0,ud,3.50,3.500,ud
2026-09-26T15:29:09.962639+00:00,svq1,73197,Coloración permanente 6 rubio oscuro Colorcor,Coloración cabello,Caja,1.0,ud,3.50,3.500,ud
2026-09-26T15:29:09.962639+00:00,svq1,73198,Coloración permanente 7.31 nude beige Colorcor,Coloración cabello,Caja,1.0,ud,3.50,3.500,ud
2026-09-26T15:29:09.962639+00:00,svq1,73199,Coloración permanente 8.31 nude arena Colorcor,Coloración cabello,Caja,1.0,ud,3.50,3.500,ud
2026-09-26T15:29:09.962639+00:00,svq1,73207,Limpiacristales Bosque Verde,Limpiacristales,Spray,0.4,l,1.90,4.750,L
2026-09-26T15:29:09.962639+00:00,svq1,73249,Barritas de cereales y chocolate blanco Hacendado,Cereales,Caja,0.127,kg,1.55,12.205,kg
2026-09-26T15:29:09.962639+00:00,svq1,73252,Coloración permanente 0% amoníaco 1 negro Colorcor,Coloración cabello,Caja,1.0,ud,3.90,3.900,ud
2026-09-26T15:29:09.962639+00:00,svq1,73253,Coloración permanente 0% amoníaco 1.88 negro azulado intenso Colorcor,Coloración cabello,Caja,1.0,ud,3.90,3.900,ud
2026-09-26T15:29:09.962639+00:00,svq1,73255,Coloración permanente 4 castaño 0% amoníaco Colorcor,Coloración cabello,Caja,1.0,ud,3.90,3.900,ud
2026-09-26T15:29:09.962639+00:00,svq1,73256,Coloración permanente 0% amoníaco 4.15 chocolate helado Colorcor,Coloración cabello,Caja,1.0,ud,3.90,3.900,ud
2026-09-26T15:29:09.962639+00:00,svq1,73257,Coloración permanente 0% amoníaco 5 castaño claro Colorcor,Coloración cabello,Caja,1.0,ud,3.90,3.900,ud
2026-09-26T15:29:09.962639+00:00,svq1,73258,Coloración permanente 0% amoníaco 5.35 chocolate Colorcor,Coloración cabello,Caja,1.0,ud,3.90,3.900,ud
2026-09-26T15:29:09.962639+00:00,svq1,73259,Coloración permanente 0% amoníaco 5.69 violín Colorcor,Coloración cabello,Caja,1.0,ud,3.90,3.900,ud
2026-09-26T15:29:09.962639+00:00,svq1,73260,Coloración permanente 0% amoníaco 6.0 rubio oscuro luminoso Colorcor,Coloración cabello,Caja,1.0,ud,3.90,3.900,ud
2026-09-26T15:29:09.962639+00:00,svq1,73261,Coloración permanente 0% amoníaco 6.6 rubio oscuro rojizo Colorcor,Coloración cabello,Caja,1.0,ud,3.90,3.900,ud
2026-09-26T15:29:09.962639+00:00,svq1,73262,Coloración permanente 0% amoníaco 6.74 marrón cobrizo Colorcor,Coloración cabello,Caja,1.0,ud,3.90,3.900,ud
2026-09-26T15:29:09.962639+00:00,svq1,73264,Coloración permanente 0% amoníaco 7.0 rubio medio luminoso Colorcor,Coloración cabello,Caja,1.0,ud,3.90,3.900,ud
2026-09-26T15:29:09.962639+00:00,svq1,73265,Coloración permanente 0% amoníaco 7.13 rubio beige Colorcor,Coloración cabello,Caja,1.0,ud,3.90,3.900,ud
2026-09-26T15:29:09.962639+00:00,svq1,73266,Coloración permanente 0% amoníaco 7.44 rubio cobrizo Colorcor,Coloración cabello,Caja,1.0,ud,3.90,3.900,ud
2026-09-26T15:29:09.962639+00:00,svq1,73268,Coloración permanente 0% amoníaco 8.0 rubio claro luminoso Colorcor,Coloración cabello,Caja,1.0,ud,3.90,3.900,ud
2026-09-26T15:29:09.962639+00:00,svq1,73269,Coloración permanente 0% amoníaco 8.31 rubio miel Colorcor,Coloración cabello,Caja,1.0,ud,3.90,3.900,ud
2026-09-26T15:29:09.962639+00:00,svq1,73270,Coloración permanente 0% amoníaco 8.66 rojo rubí Colorcor,Coloración cabello,Caja,1.0,ud,3.90,3.900,ud
2026-09-26T15:29:09.962639+00:00,svq1,73272,Coloración permanente 0% amoníaco 9.0 rubio muy claro luminoso Colorcor,Coloración cabello,Caja,1.0,ud,3.90,3.900,ud
2026-09-26T15:29:09.962639+00:00,svq1,73273,Coloración permanente 0% amoníaco 10.0 rubio extra claro Colorcor,Coloración cabello,Caja,1.0,ud,3.90,3.900,ud
2026-09-26T15:29:09.962639+00:00,svq1,73274,Coloración permanente 0% amoníaco 101 rubio platino ceniza Colorcor,Coloración cabello,Caja,1.0,ud,3.90,3.900,ud
2026-09-26T15:29:09.962639+00:00,svq1,7331,Doble caldo sabor clásico carne Knorr en pastillas,Sopa y caldo,Caja,0.16,kg,1.85,11.563,kg
2026-09-26T15:29:09.962639+00:00,svq1,73319,Tinte cabello hombre 0% amoníaco 5 castaño natural Colorcor,Coloración cabello,Caja,1.0,ud,4.85,4.850,ud
2026-09-26T15:29:09.962639+00:00,svq1,73331,Mix de encurtidos Hacendado,Aceitunas y encurtidos,Tarro,0.67,kg,2.65,7.163,kg
2026-09-26T15:29:09.962639+00:00,svq1,73415,Coloración permanente 5.20 violín Colorcor,Coloración cabello,Caja,1.0,ud,3.50,3.500,ud
2026-09-26T15:29:09.962639+00:00,svq1,73431,Dentífrico Max White Colgate,Higiene bucal,Tubo,0.075,l,2.60,3.467,100 ml
2026-09-26T15:29:09.962639+00:00,svq1,73443,Maquinillas de afeitar desechables Deliplus Fix 2 hojas,Afeitado y cuidado para hombre,Paquete,1.0,ud,1.10,0.110,ud
2026-09-26T15:29:09.962639+00:00,svq1,73445,Maquinillas de afeitar desechables Deliplus Active 3 hojas,Afeitado y cuidado para hombre,Paquete,1.0,ud,1.50,0.375,ud
2026-09-26T15:29:09.962639+00:00,svq1,73850,Bálsamo after shave Sensitive Nivea Men 0% alcohol,Afeitado y cuidado para hombre,Frasco,0.1,l,5.75,5.750,100 ml
2026-09-26T15:29:09.962639+00:00,svq1,73978,Dentífrico Triple Acción Colgate menta intensa,Higiene bucal,Tubo,0.1,l,1.95,1.950,100 ml
2026-09-26T15:29:09.962639+00:00,svq1,73979,Dentífrico Protección Caries Colgate,Higiene bucal,Tubo,0.1,l,1.95,1.950,100 ml
2026-09-26T15:29:09.962639+00:00,svq1,73984,"Crema cara, cuerpo y manos Nivea Men",Afeitado y cuidado para hombre,Lata,0.15,l,4.95,3.300,100 ml
2026-09-26T15:29:09.962639+00:00,svq1,73988,Toallitas íntimas Deliplus,Higiene íntima,Paquete,25.0,ud,1.30,0.052,ud
2026-09-26T15:29:09.962639+00:00,svq1,73999,Dentífrico Max Fresh Colgate sabor menta fresca,Higiene bucal,Tubo,0.1,l,2.40,2.400,100 ml
2026-09-26T15:29:09.962639+00:00,svq1,74044,Dentífrico Blanqueador Bicarbonato Signal,Higiene bucal,Tubo,0.1,l,1.95,1.950,100 ml
2026-09-26T15:29:09.962639+00:00,svq1,74079,Bandas de cera facial Deliplus piel sensible,Depilación,Caja,1.0,ud,1.00,0.063,ud
2026-09-26T15:29:09.962639+00:00,svq1,74081,Bandas de cera corporales Deliplus piel sensible,Depilación,Caja,1.0,ud,1.30,0.065,ud
2026-09-26T15:29:09.962639+00:00,svq1,74102,"Crema de manos, cara y cuerpo Nivea Soft hidratante intensiva",Cuidado corporal,Bote,0.075,l,1.95,2.600,100 ml
2026-09-26T15:29:09.962639+00:00,svq1,74500,Eau de toilette hombre 9.60 Sport water,Perfume y colonia,Frasco,0.2,l,3.90,1.950,100 ml
2026-09-26T15:29:09.962639+00:00,svq1,74606,Eau de toilette hombre 9.60 Sport water acción,Perfume y colonia,Frasco,0.2,l,3.90,1.950,100 ml
2026-09-26T15:29:09.962639+00:00,svq1,74817,Cuidado hidratante Hydra energetic L'Oréal men expert anti-fatiga 24h,Afeitado y cuidado para hombre,Bote,0.05,l,6.95,13.900,100 ml
2026-09-26T15:29:09.962639+00:00,svq1,75210,Laca cabello Nelly,Fijación cabello,Spray,0.4,l,2.45,0.613,100 ml
2026-09-26T15:29:09.962639+00:00,svq1,75230,Laca cabello Elnett fijación fuerte,Fijación cabello,Spray,0.4,l,5.95,1.488,100 ml
2026-09-26T15:29:09.962639+00:00,svq1,75302,Coloración permanente 4 castaño Excellence Creme,Coloración cabello,Caja,1.0,ud,8.70,8.700,ud
2026-09-26T15:29:09.962639+00:00,svq1,75303,Coloración permanente 5 castaño claro Excellence Creme,Coloración cabello,Caja,1.0,ud,8.70,8.700,ud
2026-09-26T15:29:09.962639+00:00,svq1,75304,Coloración permanente 6 rubio oscuro Excellence Creme,Coloración cabello,Caja,1.0,ud,8.70,8.700,ud
2026-09-26T15:29:09.962639+00:00,svq1,75305,Coloración permanente 7 rubio Excellence Creme,Coloración cabello,Caja,1.0,ud,8.70,8.700,ud
2026-09-26T15:29:09.962639+00:00,svq1,75306,Coloración permanente 8 rubio claro Excellence Creme,Coloración cabello,Caja,1.0,ud,8.70,8.700,ud
2026-09-26T15:29:09.962639+00:00,svq1,75309,Coloración permanente 7.1 rubio ceniza Excellence Creme,Coloración cabello,Caja,1.0,ud,8.70,8.700,ud
2026-09-26T15:29:09.962639+00:00,svq1,75532,Acondicionador Protector Color Vive Elvive cabello teñido o con mechas,Acondicionador y mascarilla,Bote,0.25,l,3.40,1.360,100 ml
2026-09-26T15:29:09.962639+00:00,svq1,76178,Gel corporal aloe vera puro Atlantia,Cuidado corporal,Bote,0.2,l,5.50,2.750,100 ml
2026-09-26T15:29:09.962639+00:00,svq1,76465,Agua facial de avena Deliplus,Cuidado e higiene facial,Spray,0.3,l,2.80,0.934,100 ml
2026-09-26T15:29:09.962639+00:00,svq1,76480,Bálsamo oriental efecto calor Deliplus con vitamina E,Parafarmacia,,0.03,l,3.00,10.000,100 ml
2026-09-26T15:29:09.962639+00:00,svq1,76487,Toallitas desmaquillantes cara y ojos Deliplus piel seca y sensible,Cuidado corporal,Paquete,25.0,ud,1.15,0.046,ud
2026-09-26T15:29:09.962639+00:00,svq1,76542,Crema corporal Nivea,Cuidado corporal,Lata,0.25,l,4.50,1.800,100 ml
2026-09-26T15:29:09.962639+00:00,svq1,76596,Loción corporal reafirmante Q10 Nivea y vitamina C,Cuidado corporal,Bote,0.4,l,5.95,1.488,100 ml
2026-09-26T15:29:09.962639+00:00,svq1,76937,Eau de parfum mujer Como Tú Elección,Perfume y colonia,Frasco,0.1,l,9.00,9.000,100 ml
2026-09-26T15:29:09.962639+00:00,svq1,77007,Gel de manos hidroalcohólico 80% alcohol Deliplus antiséptico sin aclarado,Gel y jabón de manos,Bote,0.075,l,1.20,1.600,100 ml
2026-09-26T15:29:09.962639+00:00,svq1,77241,Agua oxigenada Deliplus desinfectante antiséptico,Parafarmacia,Botella,0.25,l,0.70,0.280,100 ml
2026-09-26T15:29:09.962639+00:00,svq1,77248,Alcohol 96º Deliplus antiséptico,Parafarmacia,Botella,0.25,l,0.80,0.320,100 ml
2026-09-26T15:29:09.962639+00:00,svq1,77322,Alcohol de romero Deliplus,Parafarmacia,Botella,0.25,l,2.00,0.800,100 ml
2026-09-26T15:29:09.962639+00:00,svq1,77427,Preservativos natural Durex,Parafarmacia,Caja,1.0,ud,7.10,0.592,ud
2026-09-26T15:29:09.962639+00:00,svq1,77441,Preservativos sensitivo suave Durex,Parafarmacia,Caja,1.0,ud,8.10,0.675,ud
2026-09-26T15:29:09.962639+00:00,svq1,77466,Gel hidroalcohólico 80% alcohol Deliplus antiséptico sin aclarado,Gel y jabón de manos,Bote,0.5,l,3.90,0.780,100 ml
2026-09-26T15:29:09.962639+00:00,svq1,77467,Sacapuntas doble Deliplus lápiz fino y grueso,Pinceles y brochas,,1.0,ud,2.50,2.500,ud
2026-09-26T15:29:09.962639+00:00,svq1,77749,Vaselina hidratante Deliplus,Parafarmacia,Tarro,0.1,kg,2.00,2.000,100 g
2026-09-26T15:29:09.962639+00:00,svq1,77783,Coloración permanente 1.0 ultra negro Color Sensation,Coloración cabello,Caja,1.0,ud,3.80,3.800,ud
2026-09-26T15:29:09.962639+00:00,svq1,77791,Coloración permanente 5.0 castaño luminoso Color Sensation,Coloración cabello,Caja,1.0,ud,3.80,3.800,ud
2026-09-26T15:29:09.962639+00:00,svq1,77794,Coloración permanente 6.0  rubio oscuro Color Sensation,Coloración cabello,Caja,1.0,ud,3.80,3.800,ud
2026-09-26T15:29:09.962639+00:00,svq1,77795,Coloración permanente 6.35 rubio caramelo Color Sensation,Coloración cabello,Caja,1.0,ud,3.80,3.800,ud
2026-09-26T15:29:09.962639+00:00,svq1,77796,Coloración permanente 6.60 rojo intenso Color Sensation,Coloración cabello,Caja,1.0,ud,3.80,3.800,ud
2026-09-26T15:29:09.962639+00:00,svq1,78031,Lima fibra de vidrio Deliplus,Manicura y pedicura,Paquete,1.0,ud,1.00,1.000,ud
2026-09-26T15:29:09.962639+00:00,svq1,78070,Taco pulidor de uñas manos Deliplus,Manicura y pedicura,,1.0,ud,1.90,1.900,ud
2026-09-26T15:29:09.962639+00:00,svq1,78071,Pinza de cejas Deliplus oblicua,Depilación,Paquete,1.0,ud,2.00,2.000,ud
2026-09-26T15:29:09.962639+00:00,svq1,78073,Pinza de cejas Deliplus recta,Depilación,Paquete,1.0,ud,2.00,2.000,ud
2026-09-26T15:29:09.962639+00:00,svq1,78132,Gasas para bebé no tejidas Deliplus,Higiene y cuidado,Paquete,100.0,ud,1.97,0.020,ud
2026-09-26T15:29:09.962639+00:00,svq1,7867,Caldo de pollo Hacendado en pastillas,Sopa y caldo,Caja,0.24,kg,1.40,5.834,kg
2026-09-26T15:29:09.962639+00:00,svq1,78694,Body spray citronela Deliplus,Perfume y colonia,Bote,0.15,l,1.25,0.834,100 ml
2026-09-26T15:29:09.962639+00:00,svq1,7878,Yogur líquido natural Hacendado con azúcar de caña,Yogures líquidos,Pack-12,1.2,kg,2.00,1.667,kg
2026-09-26T15:29:09.962639+00:00,svq1,7879,Patatas fritas horno y air fryer Hacendado ultracongeladas,Fruta y verdura,Paquete,0.75,kg,1.90,2.534,kg
2026-09-26T15:29:09.962639+00:00,svq1,7883,Mini eau de parfum hombre Flor de Mayo Mistery intense,Perfume y colonia,Frasco,0.045,l,2.50,5.556,100 ml
2026-09-26T15:29:09.962639+00:00,svq1,78861,Crema adhesiva para prótesis dentales Benfix sin sabor,Higiene bucal,Tubo,0.05,kg,3.50,7.000,100 g
2026-09-26T15:29:09.962639+00:00,svq1,7892,Pintalabios Fluido Mate Deliplus 13 nude beige,Labios,,0.0055,l,4.50,4.500,ud
2026-09-26T15:29:09.962639+00:00,svq1,7895,"Lágrimas hidratantes para los ojos Deliplus con hialuronato sódico 0,2%",Parafarmacia,Caja,1.0,ud,5.70,0.190,ud
2026-09-26T15:29:09.962639+00:00,svq1,78975,Toallitas íntimas Deliplus,Higiene íntima,Paquete,1.0,ud,1.00,0.084,ud
2026-09-26T15:29:09.962639+00:00,svq1,79006,Solución fisiológica Deliplus,Higiene y cuidado,Caja,30.0,ud,3.23,0.108,ud
2026-09-26T15:29:09.962639+00:00,svq1,79063,Cápsulas Quemagrasas Deliplus,Fitoterapia,Caja,0.01785,kg,3.95,22.068,100 g
2026-09-26T15:29:09.962639+00:00,svq1,79069,Toallitas desmaquillantes cara y ojos Deliplus piel normal-mixta,Cuidado corporal,Paquete,1.0,ud,1.15,0.046,ud
2026-09-26T15:29:09.962639+00:00,svq1,79083,Toallitas lavadora Bosque Verde anti-transferencia de color,Detergente y suavizante ropa,Paquete,20.0,ud,1.85,0.093,ud
2026-09-26T15:29:09.962639+00:00,svq1,79113,Tabletas limpiadoras prótesis dentales Benfix y ortodoncias,Higiene bucal,Caja,1.0,ud,2.45,0.077,ud
2026-09-26T15:29:09.962639+00:00,svq1,7912,Enjuague bucal Sensitive & Encías Deliplus zero alcohol,Higiene bucal,Botella,0.5,l,1.80,0.360,100 ml
2026-09-26T15:29:09.962639+00:00,svq1,7914,Cápsulas para ojos Regen Skin Deliplus,Cuidado e higiene facial,Tarro,0.0039,l,5.00,0.167,ud
2026-09-26T15:29:09.962639+00:00,svq1,79199,Recambios maquinilla depilación Wilkinson Hydro Silk 5 hojas,Depilación,Caja,1.0,ud,7.95,2.650,ud
2026-09-26T15:29:09.962639+00:00,svq1,79217,Aceite corporal aloe vera Deliplus,Cuidado corporal,Bote,0.4,l,1.60,0.400,100 ml
2026-09-26T15:29:09.962639+00:00,svq1,7927,Hojaldre relleno de crema Hacendado sin azúcar añadido,Bollería envasada,,0.08,kg,0.46,5.750,kg
2026-09-26T15:29:09.962639+00:00,svq1,79344,Pomada del pañal sin perfume Deliplus,Higiene y cuidado,Tubo,0.1,l,2.75,2.750,100 ml
2026-09-26T15:29:09.962639+00:00,svq1,79407,Discos desmaquillantes Deliplus redondos algodón 100%,Cuidado e higiene facial,Paquete,1.0,ud,1.00,0.007,ud
2026-09-26T15:29:09.962639+00:00,svq1,79408,Discos desmaquillantes Deliplus ovalados algodón 100%,Cuidado e higiene facial,Paquete,1.0,ud,1.40,0.014,ud
2026-09-26T15:29:09.962639+00:00,svq1,7942,Champú Liso Keratina TRESemmé cabello encrespado o dañado,Champú,Bote,0.35,l,3.25,0.929,100 ml
2026-09-26T15:29:09.962639+00:00,svq1,79425,Ambientador coche Bali Bosque Verde,Insecticida y ambientador,Caja,1.0,ud,1.85,30.834,100 ml
2026-09-26T15:29:09.962639+00:00,svq1,79427,Toallitas bebé frescas & perfumadas Deliplus,Toallitas y pañales,Paquete,80.0,ud,0.95,0.012,ud
2026-09-26T15:29:09.962639+00:00,svq1,79428,Toallitas bebé frescas & perfumadas Deliplus,Toallitas y pañales,Paquete,24.0,ud,0.75,0.032,ud
2026-09-26T15:29:09.962639+00:00,svq1,7943,Acondicionador Liso Keratina TRESemmé cabello encrespado o dañado,Acondicionador y mascarilla,Bote,0.35,l,3.25,0.929,100 ml
2026-09-26T15:29:09.962639+00:00,svq1,79433,Toallitas bebé pieles con tendencia atópica Deliplus,Toallitas y pañales,Paquete,60.0,ud,1.80,0.030,ud
2026-09-26T15:29:09.962639+00:00,svq1,79438,Spray desinfectante antiséptico transparente Deliplus contiene clorhexidina y digluconato 2%,Parafarmacia,Spray,0.05,l,1.85,3.700,100 ml
2026-09-26T15:29:09.962639+00:00,svq1,7944,Mascarilla intensiva Liso Keratina 1 Minute Wow! TRESemmé cabello encrespado o dañado,Acondicionador y mascarilla,Bote,0.17,l,2.65,1.559,100 ml
2026-09-26T15:29:09.962639+00:00,svq1,79446,Ambientador coche Frutos Silvestres Bosque Verde,Insecticida y ambientador,Caja,1.0,ud,1.85,30.834,100 ml
2026-09-26T15:29:09.962639+00:00,svq1,79447,Ambientador coche Exótico Bosque Verde,Insecticida y ambientador,Paquete,1.0,ud,1.85,23.125,100 ml
2026-09-26T15:29:09.962639+00:00,svq1,79448,Ambientador coche Marine Bosque Verde,Insecticida y ambientador,Paquete,1.0,ud,1.85,23.125,100 ml
2026-09-26T15:29:09.962639+00:00,svq1,79470,Biberón 360 ml tetina silicona tres posiciones Deliplus +1 mes,Biberón y chupete,,1.0,ud,3.80,3.800,ud
2026-09-26T15:29:09.962639+00:00,svq1,79493,Chupete silicona reversible Deliplus +6 a 18 meses luminiscente,Biberón y chupete,Paquete,1.0,ud,2.50,2.500,ud
2026-09-26T15:29:09.962639+00:00,svq1,79497,Chupete silicona reversible Deliplus +18 meses,Biberón y chupete,Paquete,1.0,ud,2.50,2.500,ud
2026-09-26T15:29:09.962639+00:00,svq1,79501,Limpiador bebé para biberones y tetinas Deliplus,Biberón y chupete,Bote,0.5,l,2.90,5.800,L
2026-09-26T15:29:09.962639+00:00,svq1,79506,Gasas esterilizadas de algodón 100% hidrófilo Deliplus,Parafarmacia,Caja,10.0,ud,1.20,0.120,ud
2026-09-26T15:29:09.962639+00:00,svq1,79525,Toallitas desmaquillantes Micelar & Oil Deliplus para todo tipo de pieles,Cuidado corporal,Paquete,1.0,ud,1.35,0.054,ud
2026-09-26T15:29:09.962639+00:00,svq1,79576,Cepillo limpiabiberón y tetina Deliplus,Biberón y chupete,Paquete,1.0,ud,2.50,2.500,ud
2026-09-26T15:29:09.962639+00:00,svq1,79593,Dentífrico Total original Colgate,Higiene bucal,Tubo,0.075,l,2.90,3.867,100 ml
2026-09-26T15:29:09.962639+00:00,svq1,79594,Comprimidos efervescentes magnesio Deliplus 300 mg sabor naranja,Fitoterapia,Tubo,0.078,kg,1.95,2.500,100 g
2026-09-26T15:29:09.962639+00:00,svq1,79603,Toallitas bebé frescas & perfumadas Deliplus,Toallitas y pañales,Pack-3,240.0,ud,2.75,0.012,ud
2026-09-26T15:29:09.962639+00:00,svq1,79621,Comprimidos Vitaminas y Minerales Deliplus,Fitoterapia,Caja,0.0279,kg,3.00,10.153,100 g
2026-09-26T15:29:09.962639+00:00,svq1,7963,Friegasuelos Floral Bosque Verde líquido,Limpiahogar y friegasuelos,Botella,1.5,l,0.95,0.634,L
2026-09-26T15:29:09.962639+00:00,svq1,79631,Quitaesmalte con acetona Deliplus,Manicura y pedicura,Bote,0.2,l,1.15,0.575,100 ml
2026-09-26T15:29:09.962639+00:00,svq1,79633,Quitaesmalte acetona pura Deliplus,Manicura y pedicura,Bote,0.2,l,1.70,0.850,100 ml
2026-09-26T15:29:09.962639+00:00,svq1,79655,Sticks Jalea Real y Própolis Deliplus,Fitoterapia,Caja,0.12,l,4.95,4.125,100 ml
2026-09-26T15:29:09.962639+00:00,svq1,7966,Queso viejo tostado mezcla Hacendado cortado en cuñitas,"Queso curado, semicurado y tierno",Pieza,0.32,kg,5.42,16.950,kg
2026-09-26T15:29:09.962639+00:00,svq1,79663,Chupete silicona reversible Deliplus +0 a 6 meses,Biberón y chupete,Paquete,1.0,ud,2.50,2.500,ud
2026-09-26T15:29:09.962639+00:00,svq1,79666,Esparadrapo textil adhesivo resistente color beige Deliplus,Parafarmacia,Caja,1.0,ud,1.40,1.400,ud
2026-09-26T15:29:09.962639+00:00,svq1,79667,Esparadrapo de papel adhesivo microporoso color blanco Deliplus,Parafarmacia,Caja,1.0,ud,1.30,1.300,ud
2026-09-26T15:29:09.962639+00:00,svq1,7967,Queso viejo de oveja Hacendado cortado en cuñitas,"Queso curado, semicurado y tierno",Pieza,0.32,kg,5.57,17.400,kg
2026-09-26T15:29:09.962639+00:00,svq1,79673,Bandas adhesivas fijación fuerte color beige Deliplus para cortar,Parafarmacia,Caja,1.0,ud,1.50,0.150,ud
2026-09-26T15:29:09.962639+00:00,svq1,79678,Venda elástica cohesiva Deliplus fijación fuerte,Parafarmacia,Caja,1.0,ud,2.10,2.100,ud
2026-09-26T15:29:09.962639+00:00,svq1,79712,Toallitas de manos hidroalcohólicas Deliplus 75% Alcohol,Cuidado corporal,Paquete,15.0,ud,1.00,0.067,ud
2026-09-26T15:29:09.962639+00:00,svq1,79715,Biberón 150 ml tetina silicona flujo lento Deliplus +0 meses,Biberón y chupete,,1.0,ud,3.30,3.300,ud
2026-09-26T15:29:09.962639+00:00,svq1,79717,"Tiras adhesivas protectoras Classic color beige Deliplus surtidas, elásticas y transpirables",Parafarmacia,Caja,1.0,ud,0.95,0.032,ud
2026-09-26T15:29:09.962639+00:00,svq1,7972,Salsa fresca Setas Hacendado,Otras salsas,Tarrina,0.2,kg,1.45,7.250,kg
2026-09-26T15:29:09.962639+00:00,svq1,7973,Alioli con perejil Hacendado,"Mayonesa, ketchup y mostaza",Bote,0.31,l,1.45,4.678,L
2026-09-26T15:29:09.962639+00:00,svq1,80057,Sopa de miso,Sopa y caldo,Paquete,1.0,ud,2.25,28.626,kg
2026-09-26T15:29:09.962639+00:00,svq1,80292,Preparado para repostería y panificación Hacendado,Harina y preparado repostería,Paquete,1.0,kg,2.70,2.700,kg
2026-09-26T15:29:09.962639+00:00,svq1,80293,Impulsor gasificante repostería Hacendado para uso alimentario,Harina y preparado repostería,Caja,0.09,kg,0.70,7.778,kg
2026-09-26T15:29:09.962639+00:00,svq1,80295,Perfilador de labios Deliplus 02 marsala,Labios,,1.0,ud,2.50,2.500,ud
2026-09-26T15:29:09.962639+00:00,svq1,80313,Incrementador de pH para piscina,Lejía y líquidos fuertes,Bote,1.5,kg,7.00,4.667,kg
2026-09-26T15:29:09.962639+00:00,svq1,80320,Cloro rápido granulado para piscina,Lejía y líquidos fuertes,Bote,5.0,kg,32.50,6.500,kg
2026-09-26T15:29:09.962639+00:00,svq1,80395,Colorete compacto Blush Mate Deliplus 02 coral,Colorete y polvos,,0.005,kg,5.00,5.000,ud
2026-09-26T15:29:09.962639+00:00,svq1,80396,Colorete compacto Blush Mate Deliplus 03 rojo,Colorete y polvos,,0.005,kg,5.00,5.000,ud
2026-09-26T15:29:09.962639+00:00,svq1,80398,Colorete compacto Blush Satin Deliplus 02 natural,Colorete y polvos,,1.0,ud,5.00,5.000,ud
2026-09-26T15:29:09.962639+00:00,svq1,80399,Colorete compacto Blush Luminoso Deliplus 01 rosa,Colorete y polvos,,1.0,ud,5.00,5.000,ud
2026-09-26T15:29:09.962639+00:00,svq1,80405,Boquerones en vinagre Hacendado en aceite de girasol,Salazones y ahumados,Bandeja,0.08,kg,1.60,26.667,kg
2026-09-26T15:29:09.962639+00:00,svq1,80418,Filetes de anchoa en aceite de oliva Hacendado,Salazones y ahumados,Lata,0.074,kg,3.65,73.000,kg
2026-09-26T15:29:09.962639+00:00,svq1,80421,Colorete compacto Blush Luminoso Deliplus 02 coral,Colorete y polvos,,1.0,ud,5.00,5.000,ud
2026-09-26T15:29:09.962639+00:00,svq1,80422,Colorete compacto Blush Luminoso Deliplus 03 dorado,Colorete y polvos,,1.0,ud,5.00,5.000,ud
2026-09-26T15:29:09.962639+00:00,svq1,8044,Sopa de pollo Gallina Blanca con fideos finos,Sopa y caldo,Sobre,0.071,kg,0.85,11.972,kg
2026-09-26T15:29:09.962639+00:00,svq1,80450,Cocktail frutos secos Rumba Hacendado,Frutos secos y fruta desecada,Paquete,0.3,kg,1.60,5.334,kg
2026-09-26T15:29:09.962639+00:00,svq1,80478,Refresco té sabor melocotón Hacendado,Refresco de té y sin gas,Botella,1.5,l,1.00,0.667,L
2026-09-26T15:29:09.962639+00:00,svq1,80515,Cereales estrellas de maíz Stars Hacendado con miel,Cereales,Caja,0.4,kg,2.10,5.250,kg
2026-09-26T15:29:09.962639+00:00,svq1,80531,Tortillas de avena 51% Hacendado,Pan de molde y otras especialidades,Paquete,0.36,kg,1.85,5.139,kg
2026-09-26T15:29:09.962639+00:00,svq1,80771,Tortilla de patata Hacendado,Platos preparados calientes,Bandeja,0.6,kg,2.60,4.334,kg
2026-09-26T15:29:09.962639+00:00,svq1,80773,Tortilla de patata con chorizo Hacendado,Platos preparados calientes,Bandeja,0.6,kg,3.40,5.667,kg
2026-09-26T15:29:09.962639+00:00,svq1,80781,Ensaladilla americana Hacendado,Platos preparados fríos,Tarrina,0.25,kg,1.70,6.800,kg
2026-09-26T15:29:09.962639+00:00,svq1,80782,Ensaladilla Delicias del mar Hacendado,Platos preparados fríos,Tarrina,0.25,kg,1.60,6.400,kg
2026-09-26T15:29:09.962639+00:00,svq1,80784,Ensaladilla rusa Hacendado,Platos preparados fríos,Tarrina,0.25,kg,1.60,6.400,kg
2026-09-26T15:29:09.962639+00:00,svq1,80794,Tabulé oriental Hacendado,Platos preparados fríos,Tarrina,0.25,kg,1.70,6.800,kg
2026-09-26T15:29:09.962639+00:00,svq1,80795,Ensaladilla rusa Hacendado,Platos preparados fríos,Tarrina,0.5,kg,2.80,5.600,kg
2026-09-26T15:29:09.962639+00:00,svq1,80858,Hummus de garbanzos Hacendado receta clásica,Platos preparados fríos,Tarrina,0.24,kg,1.05,4.375,kg
2026-09-26T15:29:09.962639+00:00,svq1,80859,Tortillas de trigo Hacendado,Pan de molde y otras especialidades,Paquete,0.36,kg,1.15,3.195,kg
2026-09-26T15:29:09.962639+00:00,svq1,80862,Hummus de garbanzos Hacendado con pimiento del piquillo asado,Platos preparados fríos,Tarrina,0.24,kg,1.45,6.042,kg
2026-09-26T15:29:09.962639+00:00,svq1,80870,Maxi tortillas de trigo Hacendado,Pan de molde y otras especialidades,Paquete,0.36,kg,1.50,4.167,kg
2026-09-26T15:29:09.962639+00:00,svq1,80895,Tortilla de patata y cebolla Hacendado,Platos preparados calientes,Bandeja,0.6,kg,2.60,4.334,kg
2026-09-26T15:29:09.962639+00:00,svq1,80939,Mini tortillas de trigo Hacendado,Pan de molde y otras especialidades,Paquete,0.3,kg,1.65,5.500,kg
2026-09-26T15:29:09.962639+00:00,svq1,80942,Tortillas de trigo integrales Hacendado,Pan de molde y otras especialidades,Paquete,0.36,kg,1.55,4.306,kg
2026-09-26T15:29:09.962639+00:00,svq1,80980,Tsatsiki Hacendado,Platos preparados fríos,Tarrina,0.22,kg,1.90,8.637,kg
2026-09-26T15:29:09.962639+00:00,svq1,81055.1,Corvina limpia con cabeza,Pescado fresco,Pieza,0.94,kg,10.81,11.500,kg
2026-09-26T15:29:09.962639+00:00,svq1,81055.2,Corvina abierta a la espalda con espinas y con cabeza,Pescado fresco,Pieza,0.94,kg,10.81,11.500,kg
2026-09-26T15:29:09.962639+00:00,svq1,81055.3,Corvina a filetes,Pescado fresco,Pieza,0.94,kg,10.81,11.500,kg
2026-09-26T15:29:09.962639+00:00,svq1,81100.1,Sardina sin limpiar,Pescado fresco,Granel,0.2,kg,1.39,6.950,kg
2026-09-26T15:29:09.962639+00:00,svq1,81100.2,Sardina limpia sin cabeza,Pescado fresco,Granel,0.2,kg,1.39,6.950,kg
2026-09-26T15:29:09.962639+00:00,svq1,81200.1,Trucha abierta en libro con cabeza,Pescado fresco,Pieza,0.6,kg,4.77,7.950,kg
2026-09-26T15:29:09.962639+00:00,svq1,81200.2,Trucha abierta en libro sin cabeza y sin espina,Pescado fresco,Pieza,0.6,kg,4.77,7.950,kg
2026-09-26T15:29:09.962639+00:00,svq1,81200.3,Trucha sin aletas,Pescado fresco,Pieza,0.6,kg,4.77,7.950,kg
2026-09-26T15:29:09.962639+00:00,svq1,81234.1,Dorada limpia con cabeza,Pescado fresco,Pieza,0.55,kg,5.23,9.500,kg
2026-09-26T15:29:09.962639+00:00,svq1,81234.2,Dorada abierta a la espalda con espinas y con cabeza,Pescado fresco,Pieza,0.55,kg,5.23,9.500,kg
2026-09-26T15:29:09.962639+00:00,svq1,81234.3,Dorada sin limpiar,Pescado fresco,Pieza,0.55,kg,5.23,9.500,kg
2026-09-26T15:29:09.962639+00:00,svq1,81234.4,Dorada abierta en libro sin cabeza y sin espina,Pescado fresco,Pieza,0.55,kg,5.23,9.500,kg
2026-09-26T15:29:09.962639+00:00,svq1,81234.5,Dorada a filetes sin cabeza y sin espina,Pescado fresco,Pieza,0.55,kg,5.23,9.500,kg
2026-09-26T15:29:09.962639+00:00,svq1,81241.1,Lubina limpia con cabeza,Pescado fresco,Pieza,0.37,kg,3.68,9.950,kg
2026-09-26T15:29:09.962639+00:00,svq1,81241.2,Lubina abierta a la espalda con espinas y con cabeza,Pescado fresco,Pieza,0.37,kg,3.68,9.950,kg
2026-09-26T15:29:09.962639+00:00,svq1,81241.3,Lubina sin limpiar,Pescado fresco,Pieza,0.37,kg,3.68,9.950,kg
2026-09-26T15:29:09.962639+00:00,svq1,81241.4,Lubina abierta en libro sin cabeza y sin espina,Pescado fresco,Pieza,0.37,kg,3.68,9.950,kg
2026-09-26T15:29:09.962639+00:00,svq1,81241.5,Lubina a filetes sin cabeza y sin espina,Pescado fresco,Pieza,0.37,kg,3.68,9.950,kg
2026-09-26T15:29:09.962639+00:00,svq1,8138,Pasta penne rigate Hacendado,Pasta y fideos,Paquete,0.5,kg,0.80,1.600,kg
2026-09-26T15:29:09.962639+00:00,svq1,81416,Berberechos,Marisco,Malla,0.5,kg,6.20,12.400,kg
2026-09-26T15:29:09.962639+00:00,svq1,81422,Navajas,Marisco,Malla,0.5,kg,4.50,9.000,kg
2026-09-26T15:29:09.962639+00:00,svq1,81443,Chirla,Marisco,Malla,0.5,kg,4.35,8.700,kg
2026-09-26T15:29:09.962639+00:00,svq1,81638.1,Acedía sin cabeza y sin piel oscura,Pescado fresco,Granel,0.2,kg,3.39,16.950,kg
2026-09-26T15:29:09.962639+00:00,svq1,81638.2,Acedía sin escamas,Pescado fresco,Granel,0.2,kg,3.39,16.950,kg
2026-09-26T15:29:09.962639+00:00,svq1,81649.1,Salmón a rodajas,Pescado fresco,Pieza,3.01,kg,29.95,9.950,kg
2026-09-26T15:29:09.962639+00:00,svq1,81649.2,Salmón abierto en libro sin cabeza y sin espina,Pescado fresco,Pieza,3.01,kg,29.95,9.950,kg
2026-09-26T15:29:09.962639+00:00,svq1,81649.3,Salmón sin aletas y sin escamas,Pescado fresco,Pieza,3.01,kg,29.95,9.950,kg
2026-09-26T15:29:09.962639+00:00,svq1,81649.4,Salmón media pieza a rodajas,Pescado fresco,1/2 Pieza,1.5,kg,14.93,9.950,kg
2026-09-26T15:29:09.962639+00:00,svq1,81649.5,Salmón media pieza abierto en libro sin cabeza y sin espina,Pescado fresco,1/2 Pieza,1.5,kg,14.93,9.950,kg
2026-09-26T15:29:09.962639+00:00,svq1,81649.6,Salmón media pieza sin aletas y sin escamas,Pescado fresco,1/2 Pieza,1.5,kg,14.93,9.950,kg
2026-09-26T15:29:09.962639+00:00,svq1,81661.2,Boquerón limpio sin cabeza,Pescado fresco,Granel,0.2,kg,0.79,3.950,kg
2026-09-26T15:29:09.962639+00:00,svq1,81704,Sepia limpia,Pescado fresco,Pieza,0.66,kg,9.87,14.950,kg
2026-09-26T15:29:09.962639+00:00,svq1,8175,Manzana roja acidulce,Fruta,Pieza,0.3,kg,0.87,2.900,kg
2026-09-26T15:29:09.962639+00:00,svq1,8177,Manzana roja dulce,Fruta,Pieza,0.19,kg,0.38,2.000,kg
2026-09-26T15:29:09.962639+00:00,svq1,8179,Postre de soja sabor arándanos Alpro,Postres de soja,Bote,0.4,kg,2.30,5.750,kg
2026-09-26T15:29:09.962639+00:00,svq1,8180,Queso lonchas cheddar de vaca Hacendado,"Queso lonchas, rallado y en porciones",Paquete,0.2,kg,1.85,9.250,kg
2026-09-26T15:29:09.962639+00:00,svq1,82032,Valencianas Hacendado,Bollería envasada,Paquete,0.7,kg,2.50,3.572,kg
2026-09-26T15:29:09.962639+00:00,svq1,82070,Mini tostadas de trigo Hacendado extra finas,Pan tostado y rallado,Caja,0.1,kg,1.35,13.500,kg
2026-09-26T15:29:09.962639+00:00,svq1,82090,Ensaimadas Hacendado,Bollería envasada,Paquete,0.35,kg,1.70,4.858,kg
2026-09-26T15:29:09.962639+00:00,svq1,82098,Bocaditos bañados al cacao Hacendado,Bollería envasada,Paquete,0.5,kg,2.25,4.500,kg
2026-09-26T15:29:09.962639+00:00,svq1,82099,Bizcochos Hacendado,Bollería envasada,Paquete,0.3,kg,2.00,6.667,kg
2026-09-26T15:29:09.962639+00:00,svq1,82117,Mini biscotes de trigo Hacendado,Pan tostado y rallado,Caja,0.12,kg,0.76,6.334,kg
2026-09-26T15:29:09.962639+00:00,svq1,82150,Pan tostado con copos de avena Vitalité Kaura Wasa,Pan tostado y rallado,Paquete,0.28,kg,2.45,8.750,kg
2026-09-26T15:29:09.962639+00:00,svq1,82190,Pan tostado con tomate Hacendado,Pan tostado y rallado,Paquete,0.17,kg,1.30,7.648,kg
2026-09-26T15:29:09.962639+00:00,svq1,82199,Pan tostado con ajo y perejil Hacendado,Pan tostado y rallado,Paquete,0.17,kg,1.30,7.648,kg
2026-09-26T15:29:09.962639+00:00,svq1,82219,Pan rallado Hacendado,Pan tostado y rallado,Paquete,0.75,kg,0.85,1.134,kg
2026-09-26T15:29:09.962639+00:00,svq1,82220,Piquitos San Roque,"Picos, rosquilletas y picatostes",Paquete,0.142,kg,0.90,6.339,kg
2026-09-26T15:29:09.962639+00:00,svq1,82222,Piquitos con salvado San Roque,"Picos, rosquilletas y picatostes",Paquete,0.142,kg,0.90,6.339,kg
2026-09-26T15:29:09.962639+00:00,svq1,82227,Pan rallado con ajo y perejil Hacendado,Pan tostado y rallado,Paquete,0.5,kg,1.00,2.000,kg
2026-09-26T15:29:09.962639+00:00,svq1,82268,Rosquillas Hacendado,"Picos, rosquilletas y picatostes",Paquete,0.25,kg,1.00,4.000,kg
2026-09-26T15:29:09.962639+00:00,svq1,82270,Picos reventaos Hacendado,"Picos, rosquilletas y picatostes",Paquete,0.25,kg,1.00,4.000,kg
2026-09-26T15:29:09.962639+00:00,svq1,82277,Panecillo tostado classic Hacendado,Pan tostado y rallado,Paquete,0.3,kg,1.15,3.834,kg
2026-09-26T15:29:09.962639+00:00,svq1,82279,Picos Hacendado,"Picos, rosquilletas y picatostes",Paquete,0.25,kg,0.80,3.200,kg
2026-09-26T15:29:09.962639+00:00,svq1,82287,Pan tostado classic Hacendado,Pan tostado y rallado,Paquete,0.55,kg,1.70,3.091,kg
2026-09-26T15:29:09.962639+00:00,svq1,82290,Pan tostado cereales y semillas Hacendado,Pan tostado y rallado,Paquete,0.55,kg,2.20,4.000,kg
2026-09-26T15:29:09.962639+00:00,svq1,82302,Pan de molde con 55% centeno Hacendado,Pan de molde y otras especialidades,Paquete,0.72,kg,1.35,1.875,kg
2026-09-26T15:29:09.962639+00:00,svq1,82322,Pan de molde blanco sin corteza Hacendado,Pan de molde y otras especialidades,Paquete,0.45,kg,1.05,2.334,kg
2026-09-26T15:29:09.962639+00:00,svq1,82328,Pan de molde 100% integral Hacendado,Pan de molde y otras especialidades,Paquete,0.46,kg,0.90,1.957,kg
2026-09-26T15:29:09.962639+00:00,svq1,82332,Pan hot dog Hacendado,Pan de molde y otras especialidades,Paquete,0.33,kg,0.90,2.728,kg
2026-09-26T15:29:09.962639+00:00,svq1,82352,Pan rallado casero Hacendado,Pan tostado y rallado,Paquete,0.5,kg,1.00,2.000,kg
2026-09-26T15:29:09.962639+00:00,svq1,82365,Regañá Hacendado,"Picos, rosquilletas y picatostes",Paquete,0.25,kg,1.05,4.200,kg
2026-09-26T15:29:09.962639+00:00,svq1,82380.1,Pan campeón del mundo,Pan de horno,,0.75,kg,2.00,2.667,kg
2026-09-26T15:29:09.962639+00:00,svq1,82380.2,Pan campeón del mundo rebanado,Pan de horno,,0.75,kg,2.00,2.667,kg
2026-09-26T15:29:09.962639+00:00,svq1,82412,Crackers 30% integral,Pan tostado y rallado,Paquete,0.5,kg,1.85,3.700,kg
2026-09-26T15:29:09.962639+00:00,svq1,82417,Panecillos tostados cereales y semillas Hacendado,Pan tostado y rallado,Paquete,0.25,kg,1.30,5.200,kg
2026-09-26T15:29:09.962639+00:00,svq1,8243,Patatas fritas sabor chili y lima Hacendado,Patatas fritas y snacks,Paquete,0.15,kg,1.20,8.000,kg
2026-09-26T15:29:09.962639+00:00,svq1,82439,Crackers con sal Hacendado,Pan tostado y rallado,Paquete,0.5,kg,1.85,3.700,kg
2026-09-26T15:29:09.962639+00:00,svq1,82464,Grissini palitos de pan con sésamo Hacendado,"Picos, rosquilletas y picatostes",Paquete,0.2,kg,1.45,7.250,kg
2026-09-26T15:29:09.962639+00:00,svq1,8247,Bebida de melocotón Hacendado sin azúcares añadidos,Melocotón y piña,Brik,1.0,l,1.00,1.000,L
2026-09-26T15:29:09.962639+00:00,svq1,8248,Bebida de melocotón Hacendado sin azúcares añadidos,Melocotón y piña,,1.2,l,1.50,1.250,L
2026-09-26T15:29:09.962639+00:00,svq1,8251,Untapán de cangrejo Hacendado,Platos preparados fríos,Tarrina,0.15,kg,1.50,10.000,kg
2026-09-26T15:29:09.962639+00:00,svq1,8252,Pincho Mexicano de pollo con varilla,Aves y pollo,Bandeja,0.47,kg,4.84,10.300,kg
2026-09-26T15:29:09.962639+00:00,svq1,82551,Crepes rellenos de chocolate Hacendado,Bollería envasada,Paquete,0.192,kg,1.45,7.553,kg
2026-09-26T15:29:09.962639+00:00,svq1,82585,Galletas saladas salpicks Galbusera,Pan tostado y rallado,Paquete,0.4,kg,1.90,4.750,kg
2026-09-26T15:29:09.962639+00:00,svq1,82599,Grissini palitos de pan Hacendado,"Picos, rosquilletas y picatostes",Caja,0.25,kg,1.65,6.600,kg
2026-09-26T15:29:09.962639+00:00,svq1,8260,Eau de toilette infantil Marvel Spiderman,Perfume y colonia,Bote,0.2,l,4.00,2.000,100 ml
2026-09-26T15:29:09.962639+00:00,svq1,82609,Bollo con pepitas de chocolate Hacendado Choco Buns,Bollería envasada,Paquete,0.25,kg,1.50,6.000,kg
2026-09-26T15:29:09.962639+00:00,svq1,82610.1,Merluza a rodajas,Pescado fresco,Pieza,1.12,kg,12.88,11.500,kg
2026-09-26T15:29:09.962639+00:00,svq1,82610.2,Merluza abierta en libro sin cabeza y sin espina,Pescado fresco,Pieza,1.12,kg,12.88,11.500,kg
2026-09-26T15:29:09.962639+00:00,svq1,82610.3,Merluza sin aletas y sin escamas,Pescado fresco,Pieza,1.12,kg,12.88,11.500,kg
2026-09-26T15:29:09.962639+00:00,svq1,82610.4,Merluza media pieza a rodajas,Pescado fresco,1/2 Pieza,0.59,kg,6.79,11.500,kg
2026-09-26T15:29:09.962639+00:00,svq1,82610.5,Merluza media pieza abierta en libro sin cabeza y sin espina,Pescado fresco,1/2 Pieza,0.59,kg,6.79,11.500,kg
2026-09-26T15:29:09.962639+00:00,svq1,82610.6,Merluza media pieza sin aletas y sin escamas,Pescado fresco,1/2 Pieza,0.59,kg,6.79,11.500,kg
2026-09-26T15:29:09.962639+00:00,svq1,82626,Crackers integrales de espelta Bachman,Pan tostado y rallado,Caja,0.24,kg,1.65,6.875,kg
2026-09-26T15:29:09.962639+00:00,svq1,8264,Colgador WC Spa Bosque Verde oxi active,Limpieza baño y WC,Paquete,0.08,kg,1.30,16.250,kg
2026-09-26T15:29:09.962639+00:00,svq1,82651,Crackers sin gluten Hacendado con romero,Pan tostado y rallado,Paquete,0.2,kg,1.70,8.500,kg
2026-09-26T15:29:09.962639+00:00,svq1,82655,Pan de fibra y sésamo Hacendado,Pan tostado y rallado,Paquete,0.25,kg,1.15,4.600,kg
2026-09-26T15:29:09.962639+00:00,svq1,82656,Pan rallado de arroz Hacendado,Pan tostado y rallado,Paquete,0.35,kg,2.00,5.715,kg
2026-09-26T15:29:09.962639+00:00,svq1,82665,Pan tostado pasas Hacendado,Pan tostado y rallado,Paquete,0.12,kg,1.15,9.584,kg
2026-09-26T15:29:09.962639+00:00,svq1,8268,Manzanas rojas acidulces,Fruta,,1.61,kg,4.19,2.600,kg
2026-09-26T15:29:09.962639+00:00,svq1,82699,Sobaos Hacendado,Bollería envasada,Paquete,0.48,kg,2.00,4.167,kg
2026-09-26T15:29:09.962639+00:00,svq1,82731,Magdalenas al cacao Hacendado,Bollería envasada,Paquete,0.35,kg,2.10,6.000,kg
2026-09-26T15:29:09.962639+00:00,svq1,82732,Magdalenas integrales 0% azúcares añadidos Hacendado,Bollería envasada,Paquete,0.28,kg,2.10,7.500,kg
2026-09-26T15:29:09.962639+00:00,svq1,82735,Hogaza sin gluten,Pan de molde y otras especialidades,Paquete,0.3,kg,2.96,9.867,kg
2026-09-26T15:29:09.962639+00:00,svq1,82753,Baguette sin gluten,Pan de horno,Paquete,0.175,kg,1.95,11.143,kg
2026-09-26T15:29:09.962639+00:00,svq1,82757,Magdalenas sin gluten Hacendado,Bollería envasada,Paquete,0.21,kg,2.55,12.143,kg
2026-09-26T15:29:09.962639+00:00,svq1,82765,Palitos de pan con pipas Anitin,"Picos, rosquilletas y picatostes",Paquete,0.166,kg,1.32,7.952,kg
2026-09-26T15:29:09.962639+00:00,svq1,82786,Picatostes fritos Hacendado,"Picos, rosquilletas y picatostes",Paquete,0.1,kg,0.80,8.000,kg
2026-09-26T15:29:09.962639+00:00,svq1,82787,Picatostes fritos con ajo Hacendado,"Picos, rosquilletas y picatostes",Paquete,0.1,kg,0.80,8.000,kg
2026-09-26T15:29:09.962639+00:00,svq1,82788,Picatostes tostados Hacendado,"Picos, rosquilletas y picatostes",Paquete,0.1,kg,0.70,7.000,kg
2026-09-26T15:29:09.962639+00:00,svq1,8280,Manzanas rojas dulces,Fruta,,1.5,kg,2.70,1.800,kg
2026-09-26T15:29:09.962639+00:00,svq1,82830.1,Barra de pan campesina masa madre,Pan de horno,,0.25,kg,0.65,2.600,kg
2026-09-26T15:29:09.962639+00:00,svq1,82830.2,Barra de pan campesina masa madre rebanada,Pan de horno,,0.25,kg,0.65,2.600,kg
2026-09-26T15:29:09.962639+00:00,svq1,82839,Tostadas de arroz y maíz Hacendado,Pan tostado y rallado,Caja,0.1,kg,1.45,14.500,kg
2026-09-26T15:29:09.962639+00:00,svq1,82842,Pan tostado 100% espelta integral Hacendado,Pan tostado y rallado,Paquete,0.25,kg,1.50,6.000,kg
2026-09-26T15:29:09.962639+00:00,svq1,82892,Palitos de pan con queso Anitin,"Picos, rosquilletas y picatostes",Paquete,0.142,kg,1.32,9.296,kg
2026-09-26T15:29:09.962639+00:00,svq1,82900,Rosegones pasta de almendras Hacendado,Bollería envasada,Paquete,0.25,kg,1.90,7.600,kg
2026-09-26T15:29:09.962639+00:00,svq1,82905,Palmeritas Hacendado,Bollería envasada,Paquete,0.27,kg,1.65,6.112,kg
2026-09-26T15:29:09.962639+00:00,svq1,82906,Tortitas con canela Ines Rosales,Bollería envasada,Paquete,0.18,kg,1.70,9.445,kg
2026-09-26T15:29:09.962639+00:00,svq1,82908,Tortas de aceite Inés Rosales,Bollería envasada,Paquete,0.18,kg,2.15,11.945,kg
2026-09-26T15:29:09.962639+00:00,svq1,82910,Cortadillo con cabello de Ángel Ines Rosales,Bollería envasada,Paquete,0.216,kg,1.85,8.565,kg
2026-09-26T15:29:09.962639+00:00,svq1,82920,Tortas de aceite Inés Rosales sin azúcar,Bollería envasada,Paquete,0.15,kg,2.70,18.000,kg
2026-09-26T15:29:09.962639+00:00,svq1,82931,Croissant Hacendado,Bollería envasada,Paquete,0.43,kg,1.85,4.303,kg
2026-09-26T15:29:09.962639+00:00,svq1,82932,Croissant relleno de crema al cacao Hacendado,Bollería envasada,Paquete,0.375,kg,1.95,5.200,kg
2026-09-26T15:29:09.962639+00:00,svq1,82933,Pan de leche Hacendado,Bollería envasada,Paquete,0.48,kg,1.85,3.855,kg
2026-09-26T15:29:09.962639+00:00,svq1,82938,Coulant de chocolate Hacendado,Gelatina y otros postres,Caja,0.18,kg,2.20,12.223,kg
2026-09-26T15:29:09.962639+00:00,svq1,8299,Pintalabios Creamy Deliplus 218 granate suave,Labios,,1.0,ud,4.65,4.650,ud
2026-09-26T15:29:09.962639+00:00,svq1,8300,Pintalabios Creamy Deliplus 219 marrón chocolate,Labios,,1.0,ud,4.65,4.650,ud
2026-09-26T15:29:09.962639+00:00,svq1,8301,Pintalabios Mate Deliplus 116 rojo intenso,Labios,,0.004,kg,4.50,4.500,ud
2026-09-26T15:29:09.962639+00:00,svq1,83056,6 Panes de centeno 51%,Pan de horno,Bolsa,0.465,kg,1.47,3.162,kg
2026-09-26T15:29:09.962639+00:00,svq1,8308,Steak Tartar de vacuno marinado,Vacuno,Bandeja,0.2,kg,5.40,27.000,kg
2026-09-26T15:29:09.962639+00:00,svq1,8309,Aceitunas negras en rodajas Hacendado,Aceitunas y encurtidos,,0.148,kg,1.90,12.838,kg
2026-09-26T15:29:09.962639+00:00,svq1,83116,Pan mini semillas,Pan de horno,,0.09,kg,0.35,3.889,kg
2026-09-26T15:29:09.962639+00:00,svq1,8315,Polvo Compacto 24H Long Lasting Deliplus 05 bronceado,Colorete y polvos,,0.01,kg,6.00,6.000,ud
2026-09-26T15:29:09.962639+00:00,svq1,8317,Colorete fluido Blush luminoso Deliplus 01,Colorete y polvos,,0.012,l,4.75,4.750,ud
2026-09-26T15:29:09.962639+00:00,svq1,8318,Colorete fluido Blush luminoso Deliplus 02,Colorete y polvos,,0.012,l,4.75,4.750,ud
2026-09-26T15:29:09.962639+00:00,svq1,8319,Iluminador facial fluido Highlighter Deliplus 01 champagne,Bases de maquillaje y corrector,,0.012,l,4.75,4.750,ud
2026-09-26T15:29:09.962639+00:00,svq1,8320,Bronceador facial fluido Bronzer luminoso Deliplus 01 terracota,Bases de maquillaje y corrector,,0.012,l,4.75,4.750,ud
2026-09-26T15:29:09.962639+00:00,svq1,83202.1,Barra de pan,Pan de horno,,0.25,kg,0.50,2.000,kg
2026-09-26T15:29:09.962639+00:00,svq1,83202.2,Barra de pan rebanada,Pan de horno,,0.25,kg,0.50,2.000,kg
2026-09-26T15:29:09.962639+00:00,svq1,83203.1,3 Barras de pan,Pan de horno,,0.75,kg,1.19,1.587,kg
2026-09-26T15:29:09.962639+00:00,svq1,83203.2,3 Barras de pan rebanadas,Pan de horno,,0.75,kg,1.19,1.587,kg
2026-09-26T15:29:09.962639+00:00,svq1,83230,Baguette masa madre,Pan de horno,,0.25,kg,0.57,2.280,kg
2026-09-26T15:29:09.962639+00:00,svq1,83284,Panecillo harina integral 50% de trigo sin sal añadida,Pan de horno,,0.08,kg,0.33,4.125,kg
2026-09-26T15:29:09.962639+00:00,svq1,83292,6 Panes pulguitas sin aditivos,Pan de horno,Bolsa,0.24,kg,1.05,4.375,kg
2026-09-26T15:29:09.962639+00:00,svq1,83452,5 Barras de pan 51% integral,Pan de horno,Bolsa,0.625,kg,1.35,2.160,kg
2026-09-26T15:29:09.962639+00:00,svq1,83490,Langostino cocido,Marisco,Granel,,kg,1084.05,10.950,kg
2026-09-26T15:29:09.962639+00:00,svq1,83547,Pan de molde 12 cereales y semillas Hacendado,Pan de molde y otras especialidades,Paquete,0.68,kg,1.50,2.206,kg
2026-09-26T15:29:09.962639+00:00,svq1,83558,Pan 5 semillas,Pan de molde y otras especialidades,Paquete,0.5,kg,1.50,3.000,kg
2026-09-26T15:29:09.962639+00:00,svq1,83560,Barra de pan tradicional,Pan de molde y otras especialidades,Paquete,0.7,kg,1.28,1.829,kg
2026-09-26T15:29:09.962639+00:00,svq1,8357,Gel de baño Dove 0% sulfato,Gel y jabón de manos,Botella,0.72,l,3.95,0.549,100 ml
2026-09-26T15:29:09.962639+00:00,svq1,83594,Pan Viena,Pan de horno,,0.08,kg,0.40,5.000,kg
2026-09-26T15:29:09.962639+00:00,svq1,83664,Pastel de crema 65%,Bollería de horno,Pieza,0.055,kg,0.55,10.000,kg
2026-09-26T15:29:09.962639+00:00,svq1,8370,Azafrán hebra Hacendado,Especias,Paquete,0.0004,kg,1.95,487.500,100 g
2026-09-26T15:29:09.962639+00:00,svq1,83789,Pan tostado 100% integral bajo en sal y en azúcares Hacendado,Pan tostado y rallado,Paquete,0.54,kg,2.20,4.075,kg
2026-09-26T15:29:09.962639+00:00,svq1,83867,Pan de molde blanco familiar Hacendado,Pan de molde y otras especialidades,Paquete,0.82,kg,1.15,1.403,kg
2026-09-26T15:29:09.962639+00:00,svq1,83869,Pan de molde semillas y pipas de calabaza Hacendado,Pan de molde y otras especialidades,Paquete,0.58,kg,1.55,2.673,kg
2026-09-26T15:29:09.962639+00:00,svq1,83886,Pan de molde 100% integral familiar Hacendado,Pan de molde y otras especialidades,Paquete,0.82,kg,1.15,1.403,kg
2026-09-26T15:29:09.962639+00:00,svq1,83903,Molletes San Roque de Antequera,Pan de molde y otras especialidades,Paquete,0.2,kg,1.00,5.000,kg
2026-09-26T15:29:09.962639+00:00,svq1,83907,Molletes con salvado San Roque de Antequera,Bollería envasada,Paquete,0.2,kg,1.00,5.000,kg
2026-09-26T15:29:09.962639+00:00,svq1,83908,3 Panes molletes,Pan de horno,Bolsa,0.315,kg,1.20,3.810,kg
2026-09-26T15:29:09.962639+00:00,svq1,83995,Bizcocho de yogur Hacendado,Bollería de horno,Paquete,0.8,kg,3.50,4.375,kg
2026-09-26T15:29:09.962639+00:00,svq1,84284,Empanada de atún,Bollería de horno,Pieza,0.5,kg,3.50,7.000,kg
2026-09-26T15:29:09.962639+00:00,svq1,84287,Empanada de atún grande,Bollería de horno,Pieza,1.12,kg,7.20,6.429,kg
2026-09-26T15:29:09.962639+00:00,svq1,84289,Empanada rellena de pollo y setas con crema de queso,Bollería de horno,Pieza,0.5,kg,3.65,7.300,kg
2026-09-26T15:29:09.962639+00:00,svq1,84358,Ensaimada,Bollería de horno,Pieza,0.083,kg,1.00,12.049,kg
2026-09-26T15:29:09.962639+00:00,svq1,84429,Mini pan de burger Hacendado,Pan de molde y otras especialidades,Paquete,0.165,kg,1.25,7.576,kg
2026-09-26T15:29:09.962639+00:00,svq1,84458,Trenza con nueces pecán,Bollería de horno,Pieza,0.08,kg,1.00,12.500,kg
2026-09-26T15:29:09.962639+00:00,svq1,84597,24 Mini saladas surtidas,Bollería de horno,Bandeja,0.39,kg,2.80,7.180,kg
2026-09-26T15:29:09.962639+00:00,svq1,84629,12 Mini croissants de mantequilla,Bollería de horno,Bolsa,0.24,kg,2.15,8.959,kg
2026-09-26T15:29:09.962639+00:00,svq1,84638,12 Mini saladas surtidas,Bollería de horno,Bolsa,0.195,kg,1.40,7.180,kg
2026-09-26T15:29:09.962639+00:00,svq1,84654,Rosquillas al cacao,Bollería de horno,Paquete,0.182,kg,1.55,8.517,kg
2026-09-26T15:29:09.962639+00:00,svq1,84663,Caracola con pasas,Bollería de horno,Pieza,0.103,kg,1.00,9.709,kg
2026-09-26T15:29:09.962639+00:00,svq1,84688,6 Croissant rellenos de cacao,Bollería de horno,Bolsa,0.28,kg,1.75,6.364,kg
2026-09-26T15:29:09.962639+00:00,svq1,84692,Croissant de mantequilla,Bollería de horno,Pieza,0.05,kg,0.55,11.000,kg
2026-09-26T15:29:09.962639+00:00,svq1,84710,Berlina glacé,Bollería de horno,Paquete,0.2,kg,1.25,6.250,kg
2026-09-26T15:29:09.962639+00:00,svq1,84736,Bizcocho de chocolate sin gluten y sin lactosa,Bollería de horno,Paquete,0.3,kg,3.15,10.500,kg
2026-09-26T15:29:09.962639+00:00,svq1,84785,Berlina al cacao,Bollería de horno,Paquete,0.24,kg,1.45,6.042,kg
2026-09-26T15:29:09.962639+00:00,svq1,84937,Croissants surtidos rellenos de crema de cacao y crema con leche sabor a chocolate blanco,Bollería de horno,Bandeja,0.3,kg,2.55,8.500,kg
2026-09-26T15:29:09.962639+00:00,svq1,84940,Napolitana mixta,Bollería de horno,Pieza,0.13,kg,0.90,6.924,kg
2026-09-26T15:29:09.962639+00:00,svq1,85144,Mejillón vivo,Marisco,Bandeja,1.0,kg,2.95,2.950,kg
2026-09-26T15:29:09.962639+00:00,svq1,85145,Mejillón vivo selección,Marisco,Bandeja,1.0,kg,3.95,3.950,kg
2026-09-26T15:29:09.962639+00:00,svq1,85786,Bizcocho con baño de cacao Hacendado,Bollería envasada,,0.068,kg,0.39,5.750,kg
2026-09-26T15:29:09.962639+00:00,svq1,85787,Espiral al cacao Hacendado,Bollería envasada,,0.064,kg,0.37,5.750,kg
2026-09-26T15:29:09.962639+00:00,svq1,85788,Rosquilla al cacao Hacendado,Bollería envasada,,0.037,kg,0.21,5.750,kg
2026-09-26T15:29:09.962639+00:00,svq1,85795,Hojaldre cabello de Ángel Hacendado,Bollería envasada,,0.1,kg,0.58,5.750,kg
2026-09-26T15:29:09.962639+00:00,svq1,86008,Pan tostado 100% integral,Pan tostado y rallado,Paquete,0.55,kg,1.80,3.273,kg
2026-09-26T15:29:09.962639+00:00,svq1,86033,Mermelada de frambuesa Hacendado,Mermelada y miel,Tarro,0.34,kg,2.40,7.059,kg
2026-09-26T15:29:09.962639+00:00,svq1,86087,Postre lácteo con fruta Hacendado 0% MG 0% azúcares añadidos,Yogures desnatados,,1.0,kg,2.00,2.000,kg
2026-09-26T15:29:09.962639+00:00,svq1,86088,Crema depilatoria hombre Deliplus piel normal,Depilación,Bote,0.2,l,2.55,1.275,100 ml
2026-09-26T15:29:09.962639+00:00,svq1,86089,Crema depilatoria mujer para el cuerpo Deliplus piel sensible,Depilación,Bote,0.2,l,2.55,1.275,100 ml
2026-09-26T15:29:09.962639+00:00,svq1,86117,Tónica original Schweppes,Tónica y bitter,Pack-6,1.2,l,6.30,5.250,L
2026-09-26T15:29:09.962639+00:00,svq1,86118,Tónica original Schweppes,Tónica y bitter,Botellín,0.2,l,1.10,5.500,L
2026-09-26T15:29:09.962639+00:00,svq1,86127,Queso viejo de cabra Hacendado,"Queso curado, semicurado y tierno",Pieza,0.3,kg,6.36,21.200,kg
2026-09-26T15:29:09.962639+00:00,svq1,86145,Patatas fritas onduladas sabor jamón serrano Hacendado,Patatas fritas y snacks,Paquete,0.15,kg,1.20,8.000,kg
2026-09-26T15:29:09.962639+00:00,svq1,86146,Patatas fritas extra crujientes Hacendado,Patatas fritas y snacks,Paquete,0.15,kg,1.35,9.000,kg
2026-09-26T15:29:09.962639+00:00,svq1,86167,Bebida de avena con calcio barista Hacendado sin azúcares añadidos,Leche y bebidas vegetales,Brik,1.0,l,1.20,1.200,L
2026-09-26T15:29:09.962639+00:00,svq1,86168,Bebida de avena con calcio sin azúcares añadidos Hacendado,Leche y bebidas vegetales,,6.0,l,7.20,1.200,L
2026-09-26T15:29:09.962639+00:00,svq1,8618,Fideos orientales Yatekomo sabor pollo Gallina Blanca,Pasta y fideos,Vaso,0.06,kg,1.40,23.334,kg
2026-09-26T15:29:09.962639+00:00,svq1,86190,Pistacho tostado Hacendado 0% sal añadida,Frutos secos y fruta desecada,Paquete,0.25,kg,3.40,13.600,kg
2026-09-26T15:29:09.962639+00:00,svq1,86202,Pistacho tostado Hacendado con sal,Frutos secos y fruta desecada,Paquete,0.25,kg,3.40,13.600,kg
2026-09-26T15:29:09.962639+00:00,svq1,86215,Picos 100% integral de trigo Hacendado,"Picos, rosquilletas y picatostes",Paquete,0.25,kg,0.80,3.200,kg
2026-09-26T15:29:09.962639+00:00,svq1,86232,Ron añejo La Recompensa,Licores,Botella,0.7,l,6.15,8.786,L
2026-09-26T15:29:09.962639+00:00,svq1,86236,Helado cucurucho sabor vainilla Hacendado,Helados,Caja,0.72,l,2.45,3.403,L
2026-09-26T15:29:09.962639+00:00,svq1,86238,Jamón cocido extra cortado a mano Noel,Aves y jamón cocido,Paquete,0.25,kg,3.35,13.400,kg
2026-09-26T15:29:09.962639+00:00,svq1,86276,Queso roquefort  de oveja Hacendado,"Queso untable, fresco y especialidades",Pieza,0.1,kg,1.95,19.500,kg
2026-09-26T15:29:09.962639+00:00,svq1,86288,Golosinas Mix Hacendado,Golosinas,Paquete,0.3,kg,1.60,5.334,kg
2026-09-26T15:29:09.962639+00:00,svq1,86306,"Champú Silver Blond Deliplus cabello rubio, decolorado y grises,",Champú,Bote,0.4,l,2.75,0.688,100 ml
2026-09-26T15:29:09.962639+00:00,svq1,86328,Tortillas de maíz Hacendado,Pan de molde y otras especialidades,Paquete,0.208,kg,1.85,8.895,kg
2026-09-26T15:29:09.962639+00:00,svq1,86331,Yogur líquido de fresa Hacendado,Yogures líquidos,Pack-12,1.2,kg,2.00,1.667,kg
2026-09-26T15:29:09.962639+00:00,svq1,86333,"Gelatina 0% azúcar sabor cereza, cola y sandía Hacendado",Gelatina y otros postres,,0.6,kg,1.00,1.667,kg
2026-09-26T15:29:09.962639+00:00,svq1,86340,Vino tinto cosecha Fidencio DO La Mancha,Vino tinto,Botella,0.75,l,1.35,1.800,L
2026-09-26T15:29:09.962639+00:00,svq1,86341,Copos de avena Brüggen,Cereales,Caja,0.8,kg,1.30,1.625,kg
2026-09-26T15:29:09.962639+00:00,svq1,86345,"Loción corporal Calm Deliplus omega 3, 6, 9 y niacinamida",Cuidado corporal,Bote,0.4,l,2.30,0.575,100 ml
2026-09-26T15:29:09.962639+00:00,svq1,86348,Café con leche en cápsula Hacendado,Café cápsula y monodosis,Caja,0.1536,kg,3.25,0.204,ud
2026-09-26T15:29:09.962639+00:00,svq1,86352,Compresa normal Evax Cottonlike con alas,Higiene íntima,Paquete,1.0,ud,4.50,0.141,ud
2026-09-26T15:29:09.962639+00:00,svq1,86353,Compresa super Evax Cottonlike con alas,Higiene íntima,Paquete,1.0,ud,4.35,0.182,ud
2026-09-26T15:29:09.962639+00:00,svq1,86354,Pastillas cisterna Bosque Verde,Limpieza baño y WC,Paquete,0.2,kg,1.45,7.250,kg
2026-09-26T15:29:09.962639+00:00,svq1,86358,Snack crunchy gato con hierba gatera Compy cuidado de dientes,Gato,Paquete,0.07,kg,1.10,15.715,kg
2026-09-26T15:29:09.962639+00:00,svq1,86368,Copos de avena sin gluten Hacendado,Cereales,Paquete,0.5,kg,2.00,4.000,kg
2026-09-26T15:29:09.962639+00:00,svq1,86379,Lavavajillas Total Somat en gel 5 en 1,Limpieza vajilla,Botella,0.576,l,4.95,0.155,lv
2026-09-26T15:29:09.962639+00:00,svq1,86380,Lavavajillas Ultra Todo en 1 Fairy en pastillas,Limpieza vajilla,Paquete,0.298,kg,3.95,0.198,lv
2026-09-26T15:29:09.962639+00:00,svq1,86382,Eau de parfum mujer Como Tú The Rose,Perfume y colonia,Frasco,0.1,l,8.00,8.000,100 ml
2026-09-26T15:29:09.962639+00:00,svq1,86383,Fruta + leche melón y sandía Hacendado sin azúcares añadidos,Fruta variada,,1.2,l,1.20,1.000,L
2026-09-26T15:29:09.962639+00:00,svq1,86384,Eau de parfum mujer Como Tú Soplo Intense,Perfume y colonia,Frasco,0.1,l,8.00,8.000,100 ml
2026-09-26T15:29:09.962639+00:00,svq1,86385,Fruta + leche tropical Hacendado sin azúcares añadidos,Fruta variada,Brik,1.0,l,0.95,0.950,L
2026-09-26T15:29:09.962639+00:00,svq1,86386,Fruta + leche tropical Hacendado sin azúcares añadidos,Fruta variada,,0.99,l,1.00,1.011,L
2026-09-26T15:29:09.962639+00:00,svq1,86387,Fruta + leche tropical Hacendado sin azúcares añadidos,Fruta variada,,1.2,l,1.20,1.000,L
2026-09-26T15:29:09.962639+00:00,svq1,86388,Fruta + leche mediterráneo Hacendado sin azúcares añadidos,Fruta variada,Brik,1.0,l,0.95,0.950,L
2026-09-26T15:29:09.962639+00:00,svq1,86390,Fruta + leche mediterráneo Hacendado sin azúcares añadidos,Fruta variada,,0.99,l,1.00,1.011,L
2026-09-26T15:29:09.962639+00:00,svq1,86392,Fruta + leche mediterráneo Hacendado sin azúcares añadidos,Fruta variada,,1.2,l,1.20,1.000,L
2026-09-26T15:29:09.962639+00:00,svq1,86395,Filetes lomo de cerdo corte fino,Cerdo,Bandeja,0.55,kg,3.91,7.100,kg
2026-09-26T15:29:09.962639+00:00,svq1,86397,Detergente ropa jabón natural de Marsella Bosque Verde líquido,Detergente y suavizante ropa,Botella,3.0,l,3.50,0.070,lv
2026-09-26T15:29:09.962639+00:00,svq1,86399,Detergente ropa Colonia Hipoalergénico Bosque Verde líquido,Detergente y suavizante ropa,Botella,3.0,l,3.50,0.070,lv
2026-09-26T15:29:09.962639+00:00,svq1,86400,Detergente ropa Blanca y de Color Bosque Verde líquido,Detergente y suavizante ropa,Botella,3.0,l,5.85,0.117,lv
2026-09-26T15:29:09.962639+00:00,svq1,86403,Mix frutas tropical Hacendado ultracongeladas,Fruta y verdura,Paquete,0.45,kg,2.75,6.112,kg
2026-09-26T15:29:09.962639+00:00,svq1,86404,Paleta curada Paletas Marpa lonchas,Jamón serrano,Paquete,0.12,kg,2.50,20.834,kg
2026-09-26T15:29:09.962639+00:00,svq1,86408,Vermouth rojo Maronti reserva,Licores,Botella,1.0,l,2.90,2.900,L
2026-09-26T15:29:09.962639+00:00,svq1,86414,Coloración permanente 0% amoníaco 6.34 caramelo miel Colorcor,Coloración cabello,Caja,1.0,ud,3.90,3.900,ud
2026-09-26T15:29:09.962639+00:00,svq1,86416,Vino tinto crianza Abadía Mantrús DO Ribera del Duero,Vino tinto,Botella,0.75,l,4.25,5.667,L
2026-09-26T15:29:09.962639+00:00,svq1,86418,Batido lácteo sabor chocolate +Proteínas 30 g,Yogures líquidos,Brik,0.33,l,1.30,3.940,L
2026-09-26T15:29:09.962639+00:00,svq1,86419,Batido lácteo sabor vainilla +Proteínas 30 g,Yogures líquidos,Brik,0.33,l,1.30,3.940,L
2026-09-26T15:29:09.962639+00:00,svq1,86427,Pimientos secos Hacendado,Especias,Paquete,0.05,kg,1.90,38.000,kg
2026-09-26T15:29:09.962639+00:00,svq1,86432,Jamón de cebo ibérico Flor Sierra de Aracena,Jamón serrano,Pieza,8.5,kg,153.00,18.000,kg
2026-09-26T15:29:09.962639+00:00,svq1,86442,Cabecero de lomo Hacendado lonchas,Embutido curado,,0.15,kg,2.70,18.000,kg
2026-09-26T15:29:09.962639+00:00,svq1,86444,Lomo embuchado Hacendado lonchas,Embutido curado,,0.15,kg,2.55,17.000,kg
2026-09-26T15:29:09.962639+00:00,svq1,86445,Salchichón extra Hacendado,Embutido curado,Pieza,0.4,kg,4.25,4.250,ud
2026-09-26T15:29:09.962639+00:00,svq1,86449,Compresa cotton normal Deliplus con alas,Higiene íntima,Paquete,1.0,ud,3.50,0.110,ud
2026-09-26T15:29:09.962639+00:00,svq1,8645,Fideos orientales Yatekomo sabor pollo Gallina Blanca,Pasta y fideos,,0.18,kg,3.45,19.167,kg
2026-09-26T15:29:09.962639+00:00,svq1,86450,Compresa cotton super Deliplus con alas,Higiene íntima,Paquete,1.0,ud,3.50,0.125,ud
2026-09-26T15:29:09.962639+00:00,svq1,86464,"Barreño ovalado 8,7L Bosque Verde",Utensilios de limpieza y calzado,,1.0,ud,2.30,2.300,ud
2026-09-26T15:29:09.962639+00:00,svq1,86480,Insecticida moscas y mosquitos Bosque Verde perfumado,Insecticida y ambientador,Spray,0.75,l,2.35,3.134,L
2026-09-26T15:29:09.962639+00:00,svq1,86483,Tortitas de legumbres y arroz Hacendado,Tortitas,Paquete,0.109,kg,1.75,16.056,kg
2026-09-26T15:29:09.962639+00:00,svq1,86503,Margarina Flora Original,Mantequilla y margarina,Tarrina,0.4,kg,3.19,7.975,kg
2026-09-26T15:29:09.962639+00:00,svq1,86504,Margarina con sal Tulipán,Mantequilla y margarina,Tarrina,0.4,kg,2.90,7.250,kg
2026-09-26T15:29:09.962639+00:00,svq1,86505,Margarina Tulipán Original,Mantequilla y margarina,Tarrina,0.4,kg,2.90,7.250,kg
2026-09-26T15:29:09.962639+00:00,svq1,86511,Mini burgers vegetales Hacendado con espinacas y zanahoria,Platos preparados calientes,Paquete,0.2,kg,2.00,10.000,kg
2026-09-26T15:29:09.962639+00:00,svq1,86559,Palitos de pan 100% trigo espelta integral Anitin,"Picos, rosquilletas y picatostes",Paquete,0.15,kg,1.32,8.800,kg
2026-09-26T15:29:09.962639+00:00,svq1,86587,Crema de espárragos Hacendado,Gazpacho y cremas,Bol,0.35,kg,1.70,4.858,kg
2026-09-26T15:29:09.962639+00:00,svq1,86588,Sándwich pollo y queso Hacendado,Platos preparados fríos,Paquete,0.185,kg,1.85,10.000,kg
2026-09-26T15:29:09.962639+00:00,svq1,86597,Lasaña a la boloñesa Hacendado ultracongelada,Arroz y pasta,Caja,0.6,kg,2.90,4.834,kg
2026-09-26T15:29:09.962639+00:00,svq1,86598,Lasaña de atún Hacendado ultracongelada,Arroz y pasta,Caja,0.6,kg,3.66,6.100,kg
2026-09-26T15:29:09.962639+00:00,svq1,86600,Canelones de carne Hacendado ultracongelados,Arroz y pasta,Caja,0.6,kg,3.24,5.400,kg
2026-09-26T15:29:09.962639+00:00,svq1,86610.1,Barra de pan espiga,Pan de horno,,0.4,kg,1.05,2.625,kg
2026-09-26T15:29:09.962639+00:00,svq1,86610.2,Barra de pan espiga rebanado,Pan de horno,,0.4,kg,1.05,2.625,kg
2026-09-26T15:29:09.962639+00:00,svq1,86611,Palo antideslizante Bosque Verde 140 cm,Utensilios de limpieza y calzado,,1.0,ud,1.85,1.850,ud
2026-09-26T15:29:09.962639+00:00,svq1,86612,Palo extensible antideslizante Bosque Verde 86 - 150 cm,Utensilios de limpieza y calzado,,1.0,ud,2.80,2.800,ud
2026-09-26T15:29:09.962639+00:00,svq1,86632,Infusión Yerba Mate Amanda,Té e infusiones,Paquete,0.5,kg,2.85,5.700,kg
2026-09-26T15:29:09.962639+00:00,svq1,86643,Cepillo para lavar con asa Bosque Verde,Utensilios de limpieza y calzado,,1.0,ud,1.95,1.950,ud
2026-09-26T15:29:09.962639+00:00,svq1,86652,Abrillantador lavavajillas líquido Finish,Limpieza vajilla,Botella,0.4,l,3.95,9.875,L
2026-09-26T15:29:09.962639+00:00,svq1,86653,Lavavajillas Power Essential limón Finish en pastillas,Limpieza vajilla,Caja,0.338,kg,3.75,0.145,lv
2026-09-26T15:29:09.962639+00:00,svq1,86656,Ajo granulado Hacendado,Especias,Bote,0.115,kg,1.25,10.870,kg
2026-09-26T15:29:09.962639+00:00,svq1,86659,Sazonador barbacoa Hacendado para pollo y costillas,Especias,Sobre,0.057,kg,1.30,22.808,kg
2026-09-26T15:29:09.962639+00:00,svq1,8667,Pechuga de pollo 92% Hacendado lonchas,Aves y jamón cocido,Paquete,0.2,kg,2.85,14.250,kg
2026-09-26T15:29:09.962639+00:00,svq1,86684,Mermelada de melocotón Hacendado,Mermelada y miel,Tarro,0.44,kg,1.35,3.069,kg
2026-09-26T15:29:09.962639+00:00,svq1,86707,Ron viejo La Recompensa,Licores,Botella,0.7,l,8.50,12.143,L
2026-09-26T15:29:09.962639+00:00,svq1,86750,Pan de molde cereales sin gluten Hacendado,Pan de molde y otras especialidades,Paquete,0.47,kg,2.74,5.830,kg
2026-09-26T15:29:09.962639+00:00,svq1,86755,Mermelada de fresa Hacendado,Mermelada y miel,Tarro,0.4,kg,1.45,3.625,kg
2026-09-26T15:29:09.962639+00:00,svq1,86766,Dulce de membrillo taco Hacendado,Conservas de verdura y frutas,Paquete,0.25,kg,2.10,8.400,kg
2026-09-26T15:29:09.962639+00:00,svq1,86786,Pechuga de pavo reducido en sal Hacendado finas lonchas,Aves y jamón cocido,,0.4,kg,3.95,9.875,kg
2026-09-26T15:29:09.962639+00:00,svq1,86798,Chocolate con leche Fussion Hacendado relleno crema de fresa,Chocolate,Tableta,0.11,kg,1.35,12.273,kg
2026-09-26T15:29:09.962639+00:00,svq1,86808,Sazonador pollo y carne Hacendado,Especias,Bote,0.076,kg,1.40,18.422,kg
2026-09-26T15:29:09.962639+00:00,svq1,86809,Cocktail frutos secos natural Hacendado,Frutos secos y fruta desecada,Paquete,0.2,kg,2.60,13.000,kg
2026-09-26T15:29:09.962639+00:00,svq1,86820,"Relleno fajitas pollo, pimientos y cebolla Hacendado ultracongelado",Fruta y verdura,Paquete,0.3,kg,1.90,6.334,kg
2026-09-26T15:29:09.962639+00:00,svq1,86832,Regañá artesana Hacendado,"Picos, rosquilletas y picatostes",Paquete,0.2,kg,1.50,7.500,kg
2026-09-26T15:29:09.962639+00:00,svq1,86836,Mopa atrapa polvo Bosque Verde multiusos,Utensilios de limpieza y calzado,Paquete,1.0,ud,4.50,4.500,ud
2026-09-26T15:29:09.962639+00:00,svq1,86840,Pasta fresca gnocchi rellena de quesos Hacendado,Pasta y fideos,Paquete,0.4,kg,2.00,5.000,kg
2026-09-26T15:29:09.962639+00:00,svq1,8687,Tarta San Marcos Hacendado congelada,Tartas y churros,,0.76,kg,9.25,12.172,kg
2026-09-26T15:29:09.962639+00:00,svq1,86905,Arroz tres delicias Hacendado ultracongelado,Arroz y pasta,Paquete,1.0,kg,2.85,2.850,kg
2026-09-26T15:29:09.962639+00:00,svq1,86911,Burger de pollo gruesa,Hamburguesas y picadas,Bandeja,0.36,kg,3.20,8.889,kg
2026-09-26T15:29:09.962639+00:00,svq1,86913,Galletas tostadas Animadas Hacendado,Galletas,Paquete,0.8,kg,1.80,2.250,kg
2026-09-26T15:29:09.962639+00:00,svq1,86920,Bebida preparada de ron sabor daiquiri fresa La Recompensa Ice,Licores,Botellín,0.275,l,1.30,4.728,L
2026-09-26T15:29:09.962639+00:00,svq1,86935,Pañales bebé talla 1 Deliplus de 2-4 kg,Toallitas y pañales,Paquete,30.0,ud,6.60,0.220,ud
2026-09-26T15:29:09.962639+00:00,svq1,86998,Levadura de panadería Hacendado,Harina y preparado repostería,Paquete,0.07,kg,1.60,22.858,kg
2026-09-26T15:29:09.962639+00:00,svq1,87162,Emperador marinado aromatizado,Pescado fresco,Bandeja,0.23,kg,5.28,22.950,kg
2026-09-26T15:29:09.962639+00:00,svq1,87163,Filete de rodaballo,Pescado fresco,Bandeja,0.25,kg,8.25,33.000,kg
2026-09-26T15:29:09.962639+00:00,svq1,87177,Calamar pequeño limpio patagónico,Pescado fresco,Bandeja,0.3,kg,5.85,19.500,kg
2026-09-26T15:29:09.962639+00:00,svq1,87197,Rodajas de atún de aleta amarilla descongelada,Pescado fresco,Bandeja,0.235,kg,5.23,22.250,kg
2026-09-26T15:29:09.962639+00:00,svq1,87200,Porciones de merluza,Pescado fresco,Bandeja,0.313,kg,8.44,26.950,kg
2026-09-26T15:29:09.962639+00:00,svq1,87203,Escalopín de salmón,Pescado fresco,Bandeja,0.35,kg,8.40,24.000,kg
2026-09-26T15:29:09.962639+00:00,svq1,87204,Porción de  salmón,Pescado fresco,Bandeja,0.35,kg,8.05,23.000,kg
2026-09-26T15:29:09.962639+00:00,svq1,87205,Rodaja de salmón,Pescado fresco,Bandeja,0.35,kg,6.82,19.500,kg
2026-09-26T15:29:09.962639+00:00,svq1,87208,Filete de salmón,Pescado fresco,Bandeja,0.85,kg,16.15,19.000,kg
2026-09-26T15:29:09.962639+00:00,svq1,87211,Bacalao al punto de sal descongelado,Pescado fresco,Bandeja,0.45,kg,9.50,21.100,kg
2026-09-26T15:29:09.962639+00:00,svq1,8722,Crema de verduras Hacendado,Gazpacho y cremas,Bol,0.35,kg,1.70,4.858,kg
2026-09-26T15:29:09.962639+00:00,svq1,8727,Fideos orientales Yakisoba sabor soja Hacendado,Pasta y fideos,Vaso,0.072,kg,1.00,13.889,kg
2026-09-26T15:29:09.962639+00:00,svq1,87277,Gamba blanca cocida Hacendado,Marisco,Bandeja,0.3,kg,8.30,27.667,kg
2026-09-26T15:29:09.962639+00:00,svq1,87292,Langostino cocido,Marisco,Bandeja,0.6,kg,6.45,10.750,kg
2026-09-26T15:29:09.962639+00:00,svq1,8730,Fideos orientales Yakisoba sabor soja Hacendado,Pasta y fideos,Paquete,0.09,kg,0.90,10.000,kg
2026-09-26T15:29:09.962639+00:00,svq1,87302,Filetes de dorada,Pescado fresco,Bandeja,0.3,kg,6.75,22.500,kg
2026-09-26T15:29:09.962639+00:00,svq1,87312,6 Panes serranos,Pan de horno,Bolsa,0.36,kg,1.40,3.889,kg
2026-09-26T15:29:09.962639+00:00,svq1,87313,Filete de lubina,Pescado fresco,Bandeja,0.28,kg,6.30,22.500,kg
2026-09-26T15:29:09.962639+00:00,svq1,87342,Filetes de trucha Arco iris,Pescado fresco,Bandeja,0.226,kg,3.28,14.500,kg
2026-09-26T15:29:09.962639+00:00,svq1,87598,Tarta San Marcos Hacendado congelada,Tartas y churros,,1.65,kg,12.90,7.819,kg
2026-09-26T15:29:09.962639+00:00,svq1,87599,Tarta tres chocolates Hacendado congelada,Tartas y churros,,0.88,kg,9.50,10.796,kg
2026-09-26T15:29:09.962639+00:00,svq1,87601,Mousse de queso Hacendado congelado,Tartas y churros,,0.52,kg,8.00,15.385,kg
2026-09-26T15:29:09.962639+00:00,svq1,87602,Tarta selva negra Hacendado congelada,Tartas y churros,,1.9,kg,14.90,7.843,kg
2026-09-26T15:29:09.962639+00:00,svq1,87607,Tarta red velvet Hacendado congelada,Tartas y churros,,0.7,kg,10.00,14.286,kg
2026-09-26T15:29:09.962639+00:00,svq1,87609,Tarta Ferrer bombón crujiente Hacendado congelada,Tartas y churros,,0.71,kg,9.50,13.381,kg
2026-09-26T15:29:09.962639+00:00,svq1,87616,Trenza hojaldre de mantequilla Hacendado congelada,Tartas y churros,Bandeja,0.43,kg,6.50,15.117,kg
2026-09-26T15:29:09.962639+00:00,svq1,87734,Merluza rebozada,Pescado fresco,Bandeja,0.23,kg,3.80,16.522,kg
2026-09-26T15:29:09.962639+00:00,svq1,87775,Patas de pulpo cocido,Pescado fresco,Bandeja,0.25,kg,10.50,42.000,kg
2026-09-26T15:29:09.962639+00:00,svq1,8778,Refresco Fanta naranja zero azúcares añadidos,Refresco de naranja y de limón,,2.64,l,6.16,2.334,L
2026-09-26T15:29:09.962639+00:00,svq1,87786,Arreglo de marisco pelado,Marisco,Bandeja,0.45,kg,9.45,21.000,kg
2026-09-26T15:29:09.962639+00:00,svq1,87789,Salpicón de marisco Hacendado,Marisco,Bandeja,0.4,kg,5.18,12.950,kg
2026-09-26T15:29:09.962639+00:00,svq1,8779,Refresco Fanta limón zero azúcares añadidos,Refresco de naranja y de limón,,2.64,l,6.16,2.334,L
2026-09-26T15:29:09.962639+00:00,svq1,87811,Levadura fresca Levital,Harina y preparado repostería,Paquete,0.05,kg,0.50,10.000,kg
2026-09-26T15:29:09.962639+00:00,svq1,8790,Bebida de naranja Hacendado sin azúcares añadidos,Naranja,Brik,1.0,l,1.05,1.050,L
2026-09-26T15:29:09.962639+00:00,svq1,8791,Bebida de naranja Hacendado sin azúcares añadidos,Naranja,Pack-6,1.2,l,1.85,1.542,L
2026-09-26T15:29:09.962639+00:00,svq1,87923,Patas medianas de cangrejo africano cocidas Hacendado,Marisco,Bandeja,0.42,kg,9.93,23.650,kg
2026-09-26T15:29:09.962639+00:00,svq1,8795,Retoca raíces instantáneo negro Magic Retouch,Coloración cabello,Spray,0.075,l,6.00,8.000,100 ml
2026-09-26T15:29:09.962639+00:00,svq1,8796,Retoca raíces instantáneo castaño Magic Retouch,Coloración cabello,Spray,0.075,l,6.00,8.000,100 ml
2026-09-26T15:29:09.962639+00:00,svq1,8798,Retoca raíces instantáneo rubio Magic Retouch,Coloración cabello,Spray,0.075,l,6.00,8.000,100 ml
2026-09-26T15:29:09.962639+00:00,svq1,8799,Retoca raíces instantáneo castaño caoba Magic retouch,Coloración cabello,Spray,0.075,l,6.00,8.000,100 ml
2026-09-26T15:29:09.962639+00:00,svq1,8802,Bebida preparada de ron sabor mojito La Recompensa Ice,Licores,Botellín,0.275,l,1.30,4.728,L
2026-09-26T15:29:09.962639+00:00,svq1,8804,Té negro Hacendado,Té e infusiones,Caja,0.035,kg,0.85,2.429,100 g
2026-09-26T15:29:09.962639+00:00,svq1,8805,Infusión frutos rojos Hacendado,Té e infusiones,Caja,0.04,kg,1.40,3.500,100 g
2026-09-26T15:29:09.962639+00:00,svq1,8819,Golosinas Halloween BOO! Mix Hacendado,Golosinas,Paquete,0.3,kg,1.60,5.334,kg
2026-09-26T15:29:09.962639+00:00,svq1,8820,Surtido de caramelos Mix El Conde Drácula y Zombie Lokopop Cerdán,Chicles y caramelos,Paquete,0.15,kg,1.35,9.000,kg
2026-09-26T15:29:09.962639+00:00,svq1,8822,Aceite facial doble limpieza Facial Clean desmaquillante y limpiador,Cuidado e higiene facial,Bote,0.15,l,3.50,2.334,100 ml
2026-09-26T15:29:09.962639+00:00,svq1,8834,Gel de baño Classic original Magno,Gel y jabón de manos,Botella,0.6,l,3.70,0.617,100 ml
2026-09-26T15:29:09.962639+00:00,svq1,8835,Gel de baño con sales minerales La Toja,Gel y jabón de manos,Botella,0.6,l,2.95,0.492,100 ml
2026-09-26T15:29:09.962639+00:00,svq1,8839,Hamburguesa de cordero al romero,Conejo y cordero,Paquete,0.24,kg,3.50,14.584,kg
2026-09-26T15:29:09.962639+00:00,svq1,8840,Hamburguesa de vaca madurada,Hamburguesas y picadas,Paquete,0.18,kg,2.90,16.112,kg
2026-09-26T15:29:09.962639+00:00,svq1,88407,Lentejas Listo para Comer,Listo para Comer,Bol,0.485,kg,4.00,4.000,ud
2026-09-26T15:29:09.962639+00:00,svq1,8841,Escoba para interiores Bosque Verde,Utensilios de limpieza y calzado,,1.0,ud,1.80,1.800,ud
2026-09-26T15:29:09.962639+00:00,svq1,8863,Piruleta de chocolate Halloween Hacendado,Chocolate,,1.0,ud,1.70,4.858,100 g
2026-09-26T15:29:09.962639+00:00,svq1,8876,Ambientador Spa armarios y cajones Bosque Verde,Insecticida y ambientador,Paquete,1.0,ud,1.75,0.584,ud
2026-09-26T15:29:09.962639+00:00,svq1,8883,Tiras faciales limpia poros Deliplus,Cuidado e higiene facial,Caja,1.0,ud,2.50,0.417,ud
2026-09-26T15:29:09.962639+00:00,svq1,8886,Limpiador abrillantador Bosque Verde,Limpieza muebles y multiusos,Spray,0.4,l,2.90,7.250,L
2026-09-26T15:29:09.962639+00:00,svq1,8889,Whisky escocés Grand Old Parr 12 años,Licores,Botella,1.0,l,19.75,19.750,L
2026-09-26T15:29:09.962639+00:00,svq1,8896,Sérum Liss Frizz Control Deliplus iluminador,Acondicionador y mascarilla,Bote,0.1,l,4.10,4.100,100 ml
2026-09-26T15:29:09.962639+00:00,svq1,8900,Maquinilla de afeitar recargable Deliplus Flection System 6 hojas,Afeitado y cuidado para hombre,Caja,1.0,ud,6.00,6.000,ud
2026-09-26T15:29:09.962639+00:00,svq1,8901,Recambios maquinilla de afeitar Deliplus Flection System 6 hojas,Afeitado y cuidado para hombre,Caja,1.0,ud,7.00,1.750,ud
2026-09-26T15:29:09.962639+00:00,svq1,8905,Higos,Fruta,,0.4,kg,2.36,5.900,kg
2026-09-26T15:29:09.962639+00:00,svq1,8914,Cacao soluble instantáneo Hacendado,Cacao soluble y chocolate a la taza,Bote,0.5,kg,2.80,5.600,kg
2026-09-26T15:29:09.962639+00:00,svq1,8915,Súper Cuquis,Patatas fritas y snacks,Paquete,0.036,kg,1.20,3.334,100 g
2026-09-26T15:29:09.962639+00:00,svq1,8916,Recambios cepillo dental eléctrico Sensitive Deliplus tamaño medio,Higiene bucal,Paquete,2.0,ud,3.75,1.875,ud
2026-09-26T15:29:09.962639+00:00,svq1,8920,Surtido bombones Caja Roja Nestlé,Chocolate,Caja,0.198,kg,6.95,35.102,kg
2026-09-26T15:29:09.962639+00:00,svq1,8925,Champú perros y gatos con aloe vera Nuske efecto repelente,Gato,Botella,0.31,l,3.50,11.291,L
2026-09-26T15:29:09.962639+00:00,svq1,8930,Sal rosa del Himalaya Hacendado,"Aceite, vinagre y sal",Paquete,1.0,kg,2.65,2.650,kg
2026-09-26T15:29:09.962639+00:00,svq1,8945,Mascarillas quirúrgicas Deliplus no reutilizables,Parafarmacia,Paquete,1.0,ud,1.50,0.150,ud
2026-09-26T15:29:09.962639+00:00,svq1,8946,Golosinas Mini Mix con pica Hacendado,Golosinas,Paquete,0.3,kg,1.60,5.334,kg
2026-09-26T15:29:09.962639+00:00,svq1,8949,Agua de colonia fresca infantil Deliplus con notas cítricas,Higiene y cuidado,Bote,0.6,l,1.90,0.317,100 ml
2026-09-26T15:29:09.962639+00:00,svq1,8953,Aperitivo de patata con sabor a nata agria y cebolla,Patatas fritas y snacks,Bote,0.175,kg,1.75,10.000,kg
2026-09-26T15:29:09.962639+00:00,svq1,8955,Paté de ternera y cordero perro adulto Delikuit,Perro,Paquete,0.4,kg,2.25,5.625,kg
2026-09-26T15:29:09.962639+00:00,svq1,8956,Paté de carne perro junior Delikuit,Perro,Paquete,0.4,kg,2.25,5.625,kg
2026-09-26T15:29:09.962639+00:00,svq1,8966,Helado de vainilla Hacendado,Helados,Tarrina,1.0,l,2.40,2.400,L
2026-09-26T15:29:09.962639+00:00,svq1,8970,Alas de pollo adobadas picantes,Aves y pollo,Bandeja,0.51,kg,3.26,6.400,kg
2026-09-26T15:29:09.962639+00:00,svq1,8978,Barritas de barquillo Hacendado con relleno de avellana cubiertas de chocolate con leche,Chocolate,Paquete,0.123,kg,1.70,13.822,kg
2026-09-26T15:29:09.962639+00:00,svq1,8980,Recambios cepillo dental eléctrico Oral-B Pro Precision Clean,Higiene bucal,Paquete,1.0,ud,14.50,3.625,ud
2026-09-26T15:29:09.962639+00:00,svq1,89804,Escobilla para WC Bosque Verde,Utensilios de limpieza y calzado,,1.0,ud,3.00,3.000,ud
2026-09-26T15:29:09.962639+00:00,svq1,8994,Panceta fina sin corteza corte fino,Cerdo,Bandeja,0.5,kg,3.15,6.300,kg
2026-09-26T15:29:09.962639+00:00,svq1,8996,Dentífrico Herbal Deliplus,Higiene bucal,Tubo,0.1,l,1.05,1.050,100 ml
2026-09-26T15:29:09.962639+00:00,svq1,8999,Plumero atrapa polvo Bosque Verde,Utensilios de limpieza y calzado,Paquete,1.0,ud,2.00,2.000,ud
2026-09-26T15:29:09.962639+00:00,svq1,90080,Arena para gato antibacterias Nuske,Gato,Paquete,5.0,kg,1.60,0.320,kg
2026-09-26T15:29:09.962639+00:00,svq1,90303,Eliminador de turbidez líquido Bosque Verde para piscina,Lejía y líquidos fuertes,Garrafa,5.0,l,14.00,2.800,L
2026-09-26T15:29:09.962639+00:00,svq1,90309,Alguicida sin espuma líquido Bosque Verde para piscina,Lejía y líquidos fuertes,Garrafa,5.0,l,12.50,2.500,L
2026-09-26T15:29:09.962639+00:00,svq1,90326,Reductor de pH Bosque Verde para piscina,Lejía y líquidos fuertes,Garrafa,5.0,l,10.00,2.000,L
2026-09-26T15:29:09.962639+00:00,svq1,9034,Preparado lácteo con cereales crecimiento Peques 3 Puleva,Alimentación infantil,Brik,1.0,l,2.00,2.000,L
2026-09-26T15:29:09.962639+00:00,svq1,9040,Preparado lácteo crecimiento Peques 3 Puleva,Alimentación infantil,Brik,1.0,l,2.00,2.000,L
2026-09-26T15:29:09.962639+00:00,svq1,9049,Preparado lácteo crecimiento Peques 3 Puleva,Alimentación infantil,,6.0,l,12.00,2.000,L
2026-09-26T15:29:09.962639+00:00,svq1,90505,Agua destilada Bosque Verde,Detergente y suavizante ropa,Garrafa,2.0,l,0.95,0.475,L
2026-09-26T15:29:09.962639+00:00,svq1,9057,Preparado lácteo con cereales crecimiento Peques 3 Puleva,Alimentación infantil,,6.0,l,12.00,2.000,L
2026-09-26T15:29:09.962639+00:00,svq1,9058,Papilla verduritas con pollo y ternera Hero Solo +6 meses,Alimentación infantil,Tarrito,0.235,kg,1.80,7.660,kg
2026-09-26T15:29:09.962639+00:00,svq1,90933,Mantequilla light Hacendado,Mantequilla y margarina,Tarrina,0.25,kg,2.10,8.400,kg
2026-09-26T15:29:09.962639+00:00,svq1,90947,Arena para gato de perlas sílice Single,Gato,Paquete,4.0,l,3.35,0.838,L
2026-09-26T15:29:09.962639+00:00,svq1,9187,Preparado lácteo Hacendado +1 año,Alimentación infantil,,6.0,l,8.40,1.400,L
2026-09-26T15:29:09.962639+00:00,svq1,9188,Preparado lácteo Hacendado +1 año,Alimentación infantil,Brik,1.0,l,1.40,1.400,L
2026-09-26T15:29:09.962639+00:00,svq1,9209,3 Panes bollo,Pan de horno,Bolsa,0.375,kg,1.25,3.334,kg
2026-09-26T15:29:09.962639+00:00,svq1,92091,Pastillas enciende fuegos Bosque Verde,Menaje y conservación de alimentos,Caja,32.0,ud,1.05,0.033,ud
2026-09-26T15:29:09.962639+00:00,svq1,9210,Cereales copos de maíz Corn Flakes Kellogg's,Cereales,Caja,0.5,kg,2.50,5.000,kg
2026-09-26T15:29:09.962639+00:00,svq1,9242,Papilla zanahorias baby con ternera Hero Solo +6 meses,Alimentación infantil,Tarrito,0.235,kg,1.80,7.660,kg
2026-09-26T15:29:09.962639+00:00,svq1,9246,Papilla verduritas con delicias de pavo Hero Solo natur +6 meses,Alimentación infantil,Tarrito,0.235,kg,1.80,7.660,kg
2026-09-26T15:29:09.962639+00:00,svq1,9247,Papilla arroz con pollo Hero Solo +6 meses,Alimentación infantil,Tarrito,0.235,kg,1.80,7.660,kg
2026-09-26T15:29:09.962639+00:00,svq1,9259,Papilla zanahorias con arroz en caldito de pollo Hero Solo +6 meses,Alimentación infantil,Tarrito,0.235,kg,1.80,7.660,kg
2026-09-26T15:29:09.962639+00:00,svq1,9264,Cereales rellenos de leche Hacendado,Cereales,Caja,0.5,kg,2.40,4.800,kg
2026-09-26T15:29:09.962639+00:00,svq1,9280,Papilla verduritas con merluza Hero Solo +6 meses,Alimentación infantil,Tarrito,0.235,kg,1.80,7.660,kg
2026-09-26T15:29:09.962639+00:00,svq1,9288,Papilla verduritas con pollo Hero Solo buenas noches +6 meses,Alimentación infantil,,0.38,kg,2.85,7.500,kg
2026-09-26T15:29:09.962639+00:00,svq1,9298,Papilla lentejas con verduritas Hero Solo recetas caseras +8 meses,Alimentación infantil,,0.38,kg,2.95,7.764,kg
2026-09-26T15:29:09.962639+00:00,svq1,92998,Panecillo sin sal añadida,Pan de horno,,0.085,kg,0.42,4.942,kg
2026-09-26T15:29:09.962639+00:00,svq1,9333,Mini cereales rellenos de leche Hacendado,Cereales,Caja,0.175,kg,1.95,11.143,kg
2026-09-26T15:29:09.962639+00:00,svq1,9349,Barritas de cereales muesli y chocolate Hacendado,Cereales,Caja,0.138,kg,1.55,11.232,kg
2026-09-26T15:29:09.962639+00:00,svq1,9350,Barritas de cereales y chocolate con leche Hacendado,Cereales,Caja,0.12,kg,1.55,12.917,kg
2026-09-26T15:29:09.962639+00:00,svq1,9355,Muesli Crunchy Hacendado con chocolate,Cereales,Paquete,0.5,kg,2.35,4.700,kg
2026-09-26T15:29:09.962639+00:00,svq1,9356,Muesli Crunchy Hacendado con fruta,Cereales,Paquete,0.5,kg,2.10,4.200,kg
2026-09-26T15:29:09.962639+00:00,svq1,9357,Muesli Crunchy Hacendado con frutos secos,Cereales,Paquete,0.5,kg,2.10,4.200,kg
2026-09-26T15:29:09.962639+00:00,svq1,9369,"Media Hogaza integral de avena, semillas de girasol y sésamo Hacendado rebanado",Pan de molde y otras especialidades,Paquete,0.35,kg,0.95,2.715,kg
2026-09-26T15:29:09.962639+00:00,svq1,9377,Cereales rellenos de cacao y avellana Hacendado,Cereales,Paquete,0.5,kg,2.00,4.000,kg
2026-09-26T15:29:09.962639+00:00,svq1,9395,Cous cous mediano Hacendado,Arroz,Caja,1.0,kg,1.95,1.950,kg
2026-09-26T15:29:09.962639+00:00,svq1,9397,Preparado lácteo con cereales Hacendado +1 año,Alimentación infantil,Brik,1.0,l,1.60,1.600,L
2026-09-26T15:29:09.962639+00:00,svq1,9398,Preparado lácteo con cereales Hacendado +1 año,Alimentación infantil,,6.0,l,9.60,1.600,L
2026-09-26T15:29:09.962639+00:00,svq1,9407,Leche de continuación en polvo 2 Nativa Nestlé,Alimentación infantil,Bote,0.8,kg,12.95,16.188,kg
2026-09-26T15:29:09.962639+00:00,svq1,9408,Leche de continuación en polvo 2 Nidina Nestlé,Alimentación infantil,Bote,0.8,kg,17.95,22.438,kg
2026-09-26T15:29:09.962639+00:00,svq1,9420,Leche para lactantes en polvo 1 Nidina Nestlé,Alimentación infantil,Bote,0.8,kg,14.95,18.688,kg
2026-09-26T15:29:09.962639+00:00,svq1,9421,Leche para lactantes en polvo 1 Nativa Nestlé,Alimentación infantil,Bote,0.8,kg,12.95,16.188,kg
2026-09-26T15:29:09.962639+00:00,svq1,9430,Quinoa Hacendado,Arroz,Paquete,0.5,kg,2.65,5.300,kg
2026-09-26T15:29:09.962639+00:00,svq1,9445,Barritas con proteínas sabor coco y chocolate Enervit Sport,Cereales,Caja,0.12,kg,2.95,24.584,kg
2026-09-26T15:29:09.962639+00:00,svq1,9474,Cereales crujientes avena tostada Hacendado con semillas y frutos secos,Cereales,Paquete,0.4,kg,2.40,6.000,kg
2026-09-26T15:29:09.962639+00:00,svq1,9487,Cereales copos de trigo integral y arroz Hacendado bañados en chocolate con leche,Cereales,Caja,0.375,kg,2.65,7.067,kg
2026-09-26T15:29:09.962639+00:00,svq1,9488,Cereales copos de trigo integral y arroz Hacendado 0% azúcares añadidos,Cereales,Caja,0.5,kg,1.90,3.800,kg
2026-09-26T15:29:09.962639+00:00,svq1,9491,Muesli Hacendado con frutas,Cereales,Paquete,1.0,kg,2.60,2.600,kg
2026-09-26T15:29:09.962639+00:00,svq1,9492,Muesli Hacendado 50% frutas y frutos secos,Cereales,Paquete,0.5,kg,2.10,4.200,kg
2026-09-26T15:29:09.962639+00:00,svq1,9508,Cereales copos de trigo Chocodays Hacendado con chocolate,Cereales,Caja,0.5,kg,1.90,3.800,kg
2026-09-26T15:29:09.962639+00:00,svq1,9532,Cereales Cereal Mix Hacendado 0% azúcares añadidos,Cereales,Paquete,0.375,kg,2.40,6.400,kg
2026-09-26T15:29:09.962639+00:00,svq1,9536,"Muesli Hacendado con quinoa, chía y chocolate negro",Cereales,Paquete,0.4,kg,2.40,6.000,kg
2026-09-26T15:29:09.962639+00:00,svq1,9547,Cereales rellenos de crema de cacao y avellana Hacendado sin gluten,Cereales,Paquete,0.4,kg,2.25,5.625,kg
2026-09-26T15:29:09.962639+00:00,svq1,9571,Cereales copos de trigo espelta integral Hacendado 0% azúcares añadidos,Cereales,Paquete,0.4,kg,1.70,4.250,kg
2026-09-26T15:29:09.962639+00:00,svq1,9579,Papilla sin gluten crema de arroz Hero Solo +4 meses,Alimentación infantil,Caja,0.22,kg,2.95,13.410,kg
2026-09-26T15:29:09.962639+00:00,svq1,9580,Papilla 8 cereales Hero Solo +6 meses,Alimentación infantil,Caja,0.41,kg,3.90,9.513,kg
2026-09-26T15:29:09.962639+00:00,svq1,9588,Harina fina de maíz Hacendado,Harina y preparado repostería,Paquete,0.4,kg,1.20,3.000,kg
2026-09-26T15:29:09.962639+00:00,svq1,9638.1,Barra de pan rústica,Pan de horno,,0.25,kg,0.70,2.800,kg
2026-09-26T15:29:09.962639+00:00,svq1,9638.2,Barra de pan rústica rebanada,Pan de horno,,0.25,kg,0.70,2.800,kg
2026-09-26T15:29:09.962639+00:00,svq1,9641,Tarta de queso Hacendado congelada,Tartas y churros,,0.88,kg,10.00,11.364,kg
2026-09-26T15:29:09.962639+00:00,svq1,9776,"Cerveza 0,0% sin alcohol El Águila sin filtrar",Cerveza sin alcohol,Pack-6,1.98,l,5.10,2.576,L
2026-09-26T15:29:09.962639+00:00,svq1,9777,"Cerveza 0,0% sin alcohol El Águila sin filtrar",Cerveza sin alcohol,Botellín,0.33,l,0.89,2.697,L
2026-09-26T15:29:09.962639+00:00,svq1,9778,Estropajo almohadilla Bosque Verde limpieza delicada,"Estropajo, bayeta y guantes",Paquete,2.0,ud,0.95,0.475,ud
2026-09-26T15:29:09.962639+00:00,svq1,9784,Contorno de ojos Antiarrugas e Iluminador con silicio Sisbela Reafirm Deliplus,Cuidado e higiene facial,Tarro,0.015,l,4.50,30.000,100 ml
2026-09-26T15:29:09.962639+00:00,svq1,9792,Cono de golosinas celebración Hacendado,Golosinas,Paquete,1.0,ud,1.25,1.250,ud
2026-09-26T15:29:09.962639+00:00,svq1,9795,Rasqueta Vitrocerámicas Bosque Verde,Limpieza cocina,Paquete,1.0,ud,3.25,3.250,ud
2026-09-26T15:29:09.962639+00:00,svq1,9820,Chocolate negro 72% de cacao Hacendado con almendras enteras,Chocolate,Tableta,0.15,kg,3.00,20.000,kg
2026-09-26T15:29:09.962639+00:00,svq1,9826,Cerveza especial Mahou,Cerveza,,3.3,l,6.70,2.031,L
2026-09-26T15:29:09.962639+00:00,svq1,9832,"Bocaditos de ternera, hígado y verduras en salsa perro adulto Special Dog Excellence",Perro,Bote,1.23,kg,1.50,1.220,kg
2026-09-26T15:29:09.962639+00:00,svq1,9833,Bocaditos de salmón y verduras en salsa perro adulto Special Dog Excellence,Perro,Bote,1.23,kg,1.50,1.220,kg
2026-09-26T15:29:09.962639+00:00,svq1,9847,Café en cápsula Colombia Hacendado,Café cápsula y monodosis,Caja,0.108,kg,3.80,0.190,ud
2026-09-26T15:29:09.962639+00:00,svq1,9860,Masa gruesa para empanadas Buitoni estilo Argentino,Harina y preparado repostería,Paquete,0.35,kg,2.40,6.858,kg
2026-09-26T15:29:09.962639+00:00,svq1,9861,Noodles Ramen,Pasta y fideos,Paquete,0.2,kg,0.85,4.250,kg
2026-09-26T15:29:09.962639+00:00,svq1,9869,Chicharricos Hacendado cortezas de cerdo fritas,Patatas fritas y snacks,Paquete,0.1,kg,1.40,14.000,kg
2026-09-26T15:29:09.962639+00:00,svq1,9879,Crema depilatoria facial Deliplus piel sensible,Depilación,Caja,0.02,l,2.20,11.000,100 ml
2026-09-26T15:29:09.962639+00:00,svq1,9886,Refresco Coca-Cola,Refresco de cola,,2.5,l,3.00,1.200,L
2026-09-26T15:29:09.962639+00:00,svq1,9887,Refresco Coca-Cola zero azúcar,Refresco de cola,,2.5,l,3.00,1.200,L
2026-09-26T15:29:09.962639+00:00,svq1,9888,Paté de carne gato júnior Delikuit,Gato,Paquete,0.4,kg,2.00,5.000,kg
2026-09-26T15:29:09.962639+00:00,svq1,9889,Paté de carne gato adulto Delikuit,Gato,Paquete,0.4,kg,2.00,5.000,kg
2026-09-26T15:29:09.962639+00:00,svq1,9890,Paté de pescado gato adulto Delikuit,Gato,Paquete,0.4,kg,2.00,5.000,kg
2026-09-26T15:29:09.962639+00:00,svq1,9891,Chocolate blanco Fussion Hacendado relleno de crema de galleta y cacao,Chocolate,Tableta,0.11,kg,1.35,12.273,kg
2026-09-26T15:29:09.962639+00:00,svq1,9900,Pinzas de ropa Bosque Verde,Utensilios de limpieza y calzado,Paquete,24.0,ud,1.50,0.063,ud
2026-09-26T15:29:09.962639+00:00,svq1,9903,Snack de maíz Stars sabor mantequilla Hacendado,Patatas fritas y snacks,Paquete,0.08,kg,0.80,10.000,kg
2026-09-26T15:29:09.962639+00:00,svq1,9905,Mousse sabor chocolate +Proteínas 10 g,Gelatina y otros postres,,0.4,kg,2.55,6.375,kg
2026-09-26T15:29:09.962639+00:00,svq1,9921,Eau de parfum mujer Shine Special,Perfume y colonia,Frasco,0.1,l,12.00,12.000,100 ml
2026-09-26T15:29:09.962639+00:00,svq1,9938,Eau de parfum mujer My Soul Rouge,Perfume y colonia,Frasco,0.1,l,9.50,9.500,100 ml
2026-09-26T15:29:09.962639+00:00,svq1,9939,Eau de parfum hombre My Soul Vert,Perfume y colonia,Frasco,0.1,l,9.50,9.500,100 ml
2026-09-26T15:29:09.962639+00:00,svq1,9940,Eau de parfum mujer Como tú Cerise,Perfume y colonia,Frasco,0.1,l,8.00,8.000,100 ml
2026-09-26T15:29:09.962639+00:00,svq1,9965,Bizcocho con azúcar moreno y nueces,Bollería de horno,Paquete,0.4,kg,3.35,8.375,kg
2026-09-26T15:29:09.962639+00:00,svq1,9970,Acondicionador instantáneo Kids Deliplus,Acondicionador y mascarilla,Bote,0.25,l,2.00,0.800,100 ml
2026-09-26T15:29:09.962639+00:00,svq1,9973,Espuma cabello Xtra Forte Deliplus fijación 4,Fijación cabello,Bote,0.3,l,1.85,0.617,100 ml
2026-09-26T15:29:09.962639+00:00,svq1,9981,Bebida láctea natural azucarada Hacendado,Yogures líquidos,Botella,1.0,kg,1.50,1.500,kg
2026-09-26T15:29:09.962639+00:00,svq1,9982,Bebida láctea de frutas del bosque Hacendado,Yogures líquidos,Botella,1.0,kg,1.50,1.500,kg
2026-09-26T15:29:09.962639+00:00,svq1,9995,Solomillo de pavo,Aves y pollo,Paquete,0.6,kg,4.80,8.000,kg
2026-09-26T15:51:08.123560+00:00,svq1,3026,Papaya,Fruta,Pieza,0.6,kg,3.15,5.250,kg
2026-09-26T15:51:08.123560+00:00,svq1,3028,Manzana Golden,Fruta,Pieza,0.21,kg,0.50,2.400,kg
2026-09-26T15:51:08.123560+00:00,svq1,3076,Piña,Fruta,Pieza,2.1,kg,4.20,2.000,kg
2026-09-26T15:51:08.123560+00:00,svq1,3235,Naranja de mesa,Fruta,Pieza,0.36,kg,0.90,2.500,kg
2026-09-26T15:51:08.123560+00:00,svq1,3433,Melocotón amarillo,Fruta,Pieza,0.2,kg,0.66,3.300,kg
2026-09-26T15:51:08.123560+00:00,svq1,3506,Melón piel de sapo,Fruta,Pieza,4.4,kg,3.96,0.900,kg
2026-09-26T15:51:08.123560+00:00,svq1,3515,Medio melón piel de sapo,Fruta,1/2 Pieza,2.28,kg,3.08,1.350,kg
2026-09-26T15:51:08.123560+00:00,svq1,3824,Banana,Fruta,Pieza,0.17,kg,0.26,1.550,kg
2026-09-26T15:51:08.123560+00:00,svq1,3830,Aguacate,Fruta,Pieza,0.24,kg,1.20,5.000,kg
2026-09-26T15:51:08.123560+00:00,svq1,3897,Lima,Fruta,Pieza,0.08,kg,0.35,4.400,kg
2026-09-26T15:51:08.123560+00:00,svq1,69173,Yuca,Verdura,Pieza,0.65,kg,2.15,3.300,kg
2026-09-26T15:51:08.123560+00:00,svq1,69220,Coliflor,Verdura,Pieza,0.93,kg,2.33,2.500,kg
2026-09-26T15:51:08.123560+00:00,svq1,69239,Batata,Verdura,Pieza,0.43,kg,1.10,2.550,kg
2026-09-26T15:51:08.123560+00:00,svq1,69443,Pimiento verde freír,Verdura,Pieza,0.07,kg,0.18,2.500,kg
2026-09-26T15:51:08.123560+00:00,svq1,69487,Rama de Tomates,Verdura,Granel,0.75,kg,1.80,2.400,kg
2026-09-26T15:51:08.123560+00:00,svq1,81055.1,Corvina limpia con cabeza,Pescado fresco,Pieza,0.98,kg,11.27,11.500,kg
2026-09-26T15:51:08.123560+00:00,svq1,81055.2,Corvina abierta a la espalda con espinas y con cabeza,Pescado fresco,Pieza,0.98,kg,11.27,11.500,kg
2026-09-26T15:51:08.123560+00:00,svq1,81055.3,Corvina a filetes,Pescado fresco,Pieza,0.98,kg,11.27,11.500,kg
2026-09-26T15:51:08.123560+00:00,svq1,81200.1,Trucha abierta en libro con cabeza,Pescado fresco,Pieza,0.55,kg,4.37,7.950,kg
2026-09-26T15:51:08.123560+00:00,svq1,81200.2,Trucha abierta en libro sin cabeza y sin espina,Pescado fresco,Pieza,0.55,kg,4.37,7.950,kg
2026-09-26T15:51:08.123560+00:00,svq1,81200.3,Trucha sin aletas,Pescado fresco,Pieza,0.55,kg,4.37,7.950,kg
2026-09-26T15:51:08.123560+00:00,svq1,81234.1,Dorada limpia con cabeza,Pescado fresco,Pieza,0.54,kg,5.13,9.500,kg
2026-09-26T15:51:08.123560+00:00,svq1,81234.2,Dorada abierta a la espalda con espinas y con cabeza,Pescado fresco,Pieza,0.54,kg,5.13,9.500,kg
2026-09-26T15:51:08.123560+00:00,svq1,81234.3,Dorada sin limpiar,Pescado fresco,Pieza,0.54,kg,5.13,9.500,kg
2026-09-26T15:51:08.123560+00:00,svq1,81234.4,Dorada abierta en libro sin cabeza y sin espina,Pescado fresco,Pieza,0.54,kg,5.13,9.500,kg
2026-09-26T15:51:08.123560+00:00,svq1,81234.5,Dorada a filetes sin cabeza y sin espina,Pescado fresco,Pieza,0.54,kg,5.13,9.500,kg
2026-09-26T15:51:08.123560+00:00,svq1,81649.1,Salmón a rodajas,Pescado fresco,Pieza,3.0,kg,29.85,9.950,kg
2026-09-26T15:51:08.123560+00:00,svq1,81649.2,Salmón abierto en libro sin cabeza y sin espina,Pescado fresco,Pieza,3.0,kg,29.85,9.950,kg
2026-09-26T15:51:08.123560+00:00,svq1,81649.3,Salmón sin aletas y sin escamas,Pescado fresco,Pieza,3.0,kg,29.85,9.950,kg
2026-09-26T15:51:08.123560+00:00,svq1,81649.4,Salmón media pieza a rodajas,Pescado fresco,1/2 Pieza,1.47,kg,14.63,9.950,kg
2026-09-26T15:51:08.123560+00:00,svq1,81649.5,Salmón media pieza abierto en libro sin cabeza y sin espina,Pescado fresco,1/2 Pieza,1.47,kg,14.63,9.950,kg
2026-09-26T15:51:08.123560+00:00,svq1,81649.6,Salmón media pieza sin aletas y sin escamas,Pescado fresco,1/2 Pieza,1.47,kg,14.63,9.950,kg
2026-09-26T15:51:08.123560+00:00,svq1,81704,Sepia limpia,Pescado fresco,Pieza,0.67,kg,10.02,14.950,kg
2026-09-26T15:51:08.123560+00:00,svq1,8175,Manzana roja acidulce,Fruta,Pieza,0.27,kg,0.78,2.900,kg
2026-09-26T16:24:24.148705+00:00,svq1,17800,Delineador dúo para ojos y pecas Caramel Kiss Deliplus marrón,Ojos,,1.0,ud,4.00,4.000,ud
2026-09-28T11:01:18.315402+00:00,svq1,10066,Batido de chocolate ColaCao Energy,Leche y bebidas vegetales,Pack-4,0.752,l,2.50,3.325,L
2026-09-28T11:01:18.315402+00:00,svq1,11104,Café soluble descafeinado Nescafé classic,Café soluble y otras bebidas,Tarro,0.1,kg,4.75,47.500,kg
2026-09-28T11:01:18.315402+00:00,svq1,11111,Café soluble natural Nescafé classic,Café soluble y otras bebidas,Tarro,0.1,kg,4.75,47.500,kg
2026-09-28T11:01:18.315402+00:00,svq1,12016,Chocolate con leche Milka galleta,Chocolate,Tableta,0.3,kg,2.95,9.834,kg
2026-09-28T11:01:18.315402+00:00,svq1,12107,Chocolate con leche Valor almendras enteras,Chocolate,Tableta,0.25,kg,4.95,19.800,kg
2026-09-28T11:01:18.315402+00:00,svq1,12130,Chocolate puro Valor con almendras enteras,Chocolate,Tableta,0.25,kg,4.95,19.800,kg
2026-09-28T11:01:18.315402+00:00,svq1,12151,Chocolate con leche Milka,Chocolate,Tableta,0.15,kg,1.95,13.000,kg
2026-09-28T11:01:18.315402+00:00,svq1,12493,Porciones de Chocolate negro 85% cacao extrafino Hacendado,Chocolate,Paquete,0.2,kg,3.40,17.000,kg
2026-09-28T11:01:18.315402+00:00,svq1,12526,Barritas de barquillo Huesitos bañadas de chocolate con leche,Chocolate,Paquete,0.2,kg,2.50,12.500,kg
2026-09-28T11:01:18.315402+00:00,svq1,12544,Gotas de chocolate negro para fundir Hacendado,Chocolate,Paquete,0.25,kg,2.55,10.200,kg
2026-09-28T11:01:18.315402+00:00,svq1,13656,Rosquillas de chocolate con leche y coco Hacendado,Galletas,Caja,0.3,kg,1.70,5.667,kg
2026-09-28T11:01:18.315402+00:00,svq1,14038,Galletas con chocolate y crema de leche Hacendado,Galletas,Caja,0.268,kg,2.55,9.515,kg
2026-09-28T11:01:18.315402+00:00,svq1,16461,Tónica original Schweppes,Tónica y bitter,Botella,1.0,l,1.99,1.990,L
2026-09-28T11:01:18.315402+00:00,svq1,17787,Pañales bebé talla 2 Deliplus de 3-6 kg,Toallitas y pañales,Paquete,48.0,ud,7.90,0.165,ud
2026-09-28T11:01:18.315402+00:00,svq1,18235,Cacao soluble instantáneo,Cacao soluble y chocolate a la taza,Paquete,0.9,kg,5.95,6.612,kg
2026-09-28T11:01:18.315402+00:00,svq1,21986,Galletas Classic Choc Hacendado,Galletas,Caja,0.273,kg,1.45,5.312,kg
2026-09-28T11:01:18.315402+00:00,svq1,22580,Cacao puro en polvo La Chocolatera,Cacao soluble y chocolate a la taza,Bote,0.265,kg,4.40,16.604,kg
2026-09-28T11:01:18.315402+00:00,svq1,22631,Mascarilla sin aclarado Curl Perfect Deliplus cabello rizado,Acondicionador y mascarilla,Bote,0.2,l,3.75,1.875,100 ml
2026-09-28T11:01:18.315402+00:00,svq1,22726,Fabada asturiana Litoral,Platos preparados calientes,Bote,0.42,kg,2.25,5.358,kg
2026-09-28T11:01:18.315402+00:00,svq1,24586,Fruta + leche Proteína 20 gr Don Simón con colágeno y vitamina C,Fruta variada,Brik,0.33,l,1.25,3.788,L
2026-09-28T11:01:18.315402+00:00,svq1,25181,Medio pollo,Aves y pollo,Bandeja,0.9,kg,3.42,3.800,kg
2026-09-28T11:01:18.315402+00:00,svq1,26138,Alubias con tomate Heinz,Platos preparados calientes,Bote,0.415,kg,1.50,3.615,kg
2026-09-28T11:01:18.315402+00:00,svq1,27216,Agua mineral grande Lanjarón,Agua,Botella,1.5,l,0.63,0.420,L
2026-09-28T11:01:18.315402+00:00,svq1,27291,Agua mineral grande Lanjarón,Agua,,9.0,l,3.60,0.400,L
2026-09-28T11:01:18.315402+00:00,svq1,27449,Refresco Coca-Cola zero azúcar,Refresco de cola,,4.0,l,3.80,0.950,L
2026-09-28T11:01:18.315402+00:00,svq1,27479,Agua mineral grande Lanjarón,Agua,Garrafa,6.25,l,1.89,0.303,L
2026-09-28T11:01:18.315402+00:00,svq1,27545,Refresco Fanta naranja zero azúcares añadidos,Refresco de naranja y de limón,Botella,2.0,l,1.85,0.925,L
2026-09-28T11:01:18.315402+00:00,svq1,27761,Refresco limón Schweppes original,Refresco de naranja y de limón,Pack-8,2.64,l,7.76,2.940,L
2026-09-28T11:01:18.315402+00:00,svq1,28059,Tinto de verano limón La Casera,Tinto de verano y sangría,,3.0,l,4.78,1.594,L
2026-09-28T11:01:18.315402+00:00,svq1,28180,Refresco Coca-Cola zero azúcar zero cafeína,Refresco de cola,,4.0,l,3.80,0.950,L
2026-09-28T11:01:18.315402+00:00,svq1,29062,Chocolate negro 72% de cacao Hacendado con almendras enteras,Chocolate,Tableta,0.2,kg,2.65,13.250,kg
2026-09-28T11:01:18.315402+00:00,svq1,29608,Bebida isotónica limón Aquarius,Isotónico y energético,Botella,1.5,l,1.91,1.274,L
2026-09-28T11:01:18.315402+00:00,svq1,29609,Bebida isotónica naranja Aquarius,Isotónico y energético,Botella,1.5,l,1.91,1.274,L
2026-09-28T11:01:18.315402+00:00,svq1,3028,Manzana Golden,Fruta,Pieza,0.21,kg,0.42,2.000,kg
2026-09-28T11:01:18.315402+00:00,svq1,3269,Manzanas Golden,Fruta,,1.5,kg,2.70,1.800,kg
2026-09-28T11:01:18.315402+00:00,svq1,33555,Aperitivo de patata sabor original Pringles,Patatas fritas y snacks,Bote,0.165,kg,2.65,16.061,kg
2026-09-28T11:01:18.315402+00:00,svq1,33556,Aperitivo de patata sabor crema agria y cebolla Pringles,Patatas fritas y snacks,Bote,0.165,kg,2.65,16.061,kg
2026-09-28T11:01:18.315402+00:00,svq1,3506,Melón piel de sapo,Fruta,Pieza,4.4,kg,5.94,1.350,kg
2026-09-28T11:01:18.315402+00:00,svq1,3515,Medio melón piel de sapo,Fruta,1/2 Pieza,2.28,kg,4.10,1.800,kg
2026-09-28T11:01:18.315402+00:00,svq1,3817,Chirimoya,Fruta,Pieza,0.55,kg,1.49,2.700,kg
2026-09-28T11:01:18.315402+00:00,svq1,3819,Plátano de Canarias IGP,Fruta,Pieza,0.17,kg,0.43,2.500,kg
2026-09-28T11:01:18.315402+00:00,svq1,50935,Queso tierno de vaca Hacendado,"Queso curado, semicurado y tierno",Pieza,1.05,kg,6.00,5.715,kg
2026-09-28T11:01:18.315402+00:00,svq1,51068,Queso fundido con palitos La vaca que ríe,"Queso lonchas, rallado y en porciones",Caja,0.14,kg,2.60,18.572,kg
2026-09-28T11:01:18.315402+00:00,svq1,5940,Castañas,Frutos secos y fruta desecada,Malla,0.5,kg,3.75,7.500,kg
2026-09-28T11:01:18.315402+00:00,svq1,62162,Filetes de merluza Argentina sin piel Hacendado ultracongelados,Pescado,Paquete,,kg,4.90,8.167,kg
2026-09-28T11:01:18.315402+00:00,svq1,63159,Figuritas de merluza empanadas Hacendado ultracongeladas,Rebozados,Paquete,0.5,kg,3.75,7.500,kg
2026-09-28T11:01:18.315402+00:00,svq1,69079,Cebollas,Verdura,Malla,2.0,kg,3.00,1.500,kg
2026-09-28T11:01:18.315402+00:00,svq1,69089,Cebollas,Verdura,Malla,1.0,kg,1.50,1.500,kg
2026-09-28T11:01:18.315402+00:00,svq1,69499,Preparado de verdura para potaje,Verdura,Bandeja,0.92,kg,2.48,2.700,kg
2026-09-28T11:01:18.315402+00:00,svq1,69580,Brócoli,Verdura,Pieza,0.44,kg,1.19,2.700,kg
2026-09-28T11:01:18.315402+00:00,svq1,69687,Preparado de verdura para puchero,Verdura,Bandeja,0.9,kg,2.21,2.450,kg
2026-09-28T11:01:18.315402+00:00,svq1,81200.1,Trucha abierta en libro con cabeza,Pescado fresco,Pieza,0.55,kg,4.92,8.950,kg
2026-09-28T11:01:18.315402+00:00,svq1,81200.2,Trucha abierta en libro sin cabeza y sin espina,Pescado fresco,Pieza,0.55,kg,4.92,8.950,kg
2026-09-28T11:01:18.315402+00:00,svq1,81200.3,Trucha sin aletas,Pescado fresco,Pieza,0.55,kg,4.92,8.950,kg
2026-09-28T11:01:18.315402+00:00,svq1,86503,Margarina Flora Original,Mantequilla y margarina,Tarrina,0.4,kg,2.69,6.725,kg
2026-09-28T11:01:18.315402+00:00,svq1,87196,Lenguado rubio,Pescado fresco,Bandeja,0.25,kg,8.75,35.000,kg
2026-09-28T11:01:18.315402+00:00,svq1,87342,Filetes de trucha Arco iris,Pescado fresco,Bandeja,0.226,kg,3.50,15.500,kg
2026-09-29T10:46:43.346222+00:00,svq1,10642,Café con leche light sin lactosa Hacendado,Café soluble y otras bebidas,Vaso,0.25,l,0.85,3.400,L
2026-09-29T10:46:43.346222+00:00,svq1,10644,Café con leche espresso Hacendado,Café soluble y otras bebidas,Vaso,0.25,l,0.85,3.400,L
2026-09-29T10:46:43.346222+00:00,svq1,10666,Café con leche cappuccino Hacendado,Café soluble y otras bebidas,Vaso,0.25,l,0.85,3.400,L
2026-09-29T10:46:43.346222+00:00,svq1,10672,Café con leche descafeinado Hacendado,Café soluble y otras bebidas,Vaso,0.25,l,0.85,3.400,L
2026-09-29T10:46:43.346222+00:00,svq1,17472,Postre de soja Hacendado con arándanos,Postres de soja,,0.4,kg,1.55,3.875,kg
2026-09-29T10:46:43.346222+00:00,svq1,17696,Lavavajillas Todo en 1 Bosque Verde en pastillas,Limpieza vajilla,Paquete,0.3458,kg,3.75,0.145,ud
2026-09-29T10:46:43.346222+00:00,svq1,21554,Carrilladas de cerdo al vino,Cerdo,Paquete,0.7,kg,8.90,12.715,kg
2026-09-29T10:46:43.346222+00:00,svq1,28969,Cava brut Anna Codorníu,Sidra y cava,Botella,0.75,l,8.00,10.667,L
2026-09-29T10:46:43.346222+00:00,svq1,3026,Papaya,Fruta,Pieza,0.61,kg,3.20,5.250,kg
2026-09-29T10:46:43.346222+00:00,svq1,3076,Piña,Fruta,Pieza,2.13,kg,4.26,2.000,kg
2026-09-29T10:46:43.346222+00:00,svq1,3119,Pera Conferencia,Fruta,Pieza,0.21,kg,0.58,2.750,kg
2026-09-29T10:46:43.346222+00:00,svq1,3170,Pera Ercolina,Fruta,Pieza,0.11,kg,0.32,2.900,kg
2026-09-29T10:46:43.346222+00:00,svq1,3238,Mandarina,Fruta,Pieza,0.12,kg,0.32,2.650,kg
2026-09-29T10:46:43.346222+00:00,svq1,34817,Palomitas de maíz dulces Hacendado para microondas,Frutos secos y fruta desecada,Paquete,0.315,kg,1.60,5.080,kg
2026-09-29T10:46:43.346222+00:00,svq1,3506,Melón piel de sapo,Fruta,Pieza,4.06,kg,5.48,1.350,kg
2026-09-29T10:46:43.346222+00:00,svq1,3515,Medio melón piel de sapo,Fruta,1/2 Pieza,2.1,kg,3.78,1.800,kg
2026-09-29T10:46:43.346222+00:00,svq1,3820,Kiwi verde,Fruta,Pieza,0.11,kg,0.51,4.650,kg
2026-09-29T10:46:43.346222+00:00,svq1,43218,Limpiacristales y multiusos Bosque Verde,Limpiacristales,Botella,1.0,l,1.10,1.100,L
2026-09-29T10:46:43.346222+00:00,svq1,46703,Pañuelos de papel Aloe Vera Bosque Verde,Papel higiénico y celulosa,Paquete,10.0,ud,1.65,0.017,ud
2026-09-29T10:46:43.346222+00:00,svq1,47609,Pañuelos de papel Extra Suaves Bosque Verde,Papel higiénico y celulosa,Caja,200.0,ud,1.35,0.007,ud
2026-09-29T10:46:43.346222+00:00,svq1,47618,Pañuelos de papel Mentol Bosque Verde,Papel higiénico y celulosa,Paquete,10.0,ud,1.85,0.019,ud
2026-09-29T10:46:43.346222+00:00,svq1,47819,Papel higiénico Doble Rollo Bosque Verde,Papel higiénico y celulosa,Paquete,1.0,ud,2.40,0.400,ud
2026-09-29T10:46:43.346222+00:00,svq1,47835,Papel higiénico doble hoja Bosque Verde,Papel higiénico y celulosa,Paquete,1.0,ud,2.40,0.200,ud
2026-09-29T10:46:43.346222+00:00,svq1,49173,Papel Multiusos Resistente Bosque Verde,Papel higiénico y celulosa,Paquete,1.0,ud,3.75,3.750,ud
2026-09-29T10:46:43.346222+00:00,svq1,49544,Servilleta papel Bosque Verde,Papel higiénico y celulosa,Paquete,200.0,ud,1.20,0.006,ud
2026-09-29T10:46:43.346222+00:00,svq1,49619,Papel hogar Compacto Absorbente Bosque Verde,Papel higiénico y celulosa,Paquete,3.0,ud,2.30,0.767,ud
2026-09-29T10:46:43.346222+00:00,svq1,49701,Servilleta papel Cocktail Bosque Verde,Papel higiénico y celulosa,Paquete,200.0,ud,2.20,0.011,ud
2026-09-29T10:46:43.346222+00:00,svq1,49710,Servilleta papel decorada Resistente Bosque Verde,Papel higiénico y celulosa,Paquete,100.0,ud,2.15,0.022,ud
2026-09-29T10:46:43.346222+00:00,svq1,67721,Perfilador de cejas micro Deliplus 01 claro,Ojos,,1.0,ud,3.50,3.500,ud
2026-09-29T10:46:43.346222+00:00,svq1,69066,Patata,Verdura,Pieza,0.2,kg,0.38,1.900,kg
2026-09-29T10:46:43.346222+00:00,svq1,69173,Yuca,Verdura,Pieza,0.61,kg,2.01,3.300,kg
2026-09-29T10:46:43.346222+00:00,svq1,69239,Batata,Verdura,Pieza,0.45,kg,1.15,2.550,kg
2026-09-29T10:46:43.346222+00:00,svq1,69312,Pimiento verde,Verdura,Pieza,0.24,kg,0.67,2.800,kg
2026-09-29T10:46:43.346222+00:00,svq1,69339,Calabacín blanco,Verdura,Pieza,0.4,kg,0.88,2.200,kg
2026-09-29T10:46:43.346222+00:00,svq1,69487,Rama de Tomates,Verdura,Granel,0.76,kg,1.82,2.400,kg
2026-09-29T10:46:43.346222+00:00,svq1,69580,Brócoli,Verdura,Pieza,0.46,kg,1.24,2.700,kg
2026-09-29T10:46:43.346222+00:00,svq1,69912,Tomate pera,Verdura,Pieza,0.12,kg,0.24,2.000,kg
2026-09-29T10:46:43.346222+00:00,svq1,69937,Tomate ensalada,Verdura,Pieza,0.21,kg,0.46,2.200,kg
2026-09-29T10:46:43.346222+00:00,svq1,81100.1,Sardina sin limpiar,Pescado fresco,Granel,0.2,kg,1.19,5.950,kg
2026-09-29T10:46:43.346222+00:00,svq1,81100.2,Sardina limpia sin cabeza,Pescado fresco,Granel,0.2,kg,1.19,5.950,kg
2026-09-29T10:46:43.346222+00:00,svq1,81234.1,Dorada limpia con cabeza,Pescado fresco,Pieza,0.52,kg,4.94,9.500,kg
2026-09-29T10:46:43.346222+00:00,svq1,81234.2,Dorada abierta a la espalda con espinas y con cabeza,Pescado fresco,Pieza,0.52,kg,4.94,9.500,kg
2026-09-29T10:46:43.346222+00:00,svq1,81234.3,Dorada sin limpiar,Pescado fresco,Pieza,0.52,kg,4.94,9.500,kg
2026-09-29T10:46:43.346222+00:00,svq1,81234.4,Dorada abierta en libro sin cabeza y sin espina,Pescado fresco,Pieza,0.52,kg,4.94,9.500,kg
2026-09-29T10:46:43.346222+00:00,svq1,81234.5,Dorada a filetes sin cabeza y sin espina,Pescado fresco,Pieza,0.52,kg,4.94,9.500,kg
2026-09-29T10:46:43.346222+00:00,svq1,81649.1,Salmón a rodajas,Pescado fresco,Pieza,3.04,kg,30.25,9.950,kg
2026-09-29T10:46:43.346222+00:00,svq1,81649.2,Salmón abierto en libro sin cabeza y sin espina,Pescado fresco,Pieza,3.04,kg,30.25,9.950,kg
2026-09-29T10:46:43.346222+00:00,svq1,81649.3,Salmón sin aletas y sin escamas,Pescado fresco,Pieza,3.04,kg,30.25,9.950,kg
2026-09-29T10:46:43.346222+00:00,svq1,81649.4,Salmón media pieza a rodajas,Pescado fresco,1/2 Pieza,1.46,kg,14.53,9.950,kg
2026-09-29T10:46:43.346222+00:00,svq1,81649.5,Salmón media pieza abierto en libro sin cabeza y sin espina,Pescado fresco,1/2 Pieza,1.46,kg,14.53,9.950,kg
2026-09-29T10:46:43.346222+00:00,svq1,81649.6,Salmón media pieza sin aletas y sin escamas,Pescado fresco,1/2 Pieza,1.46,kg,14.53,9.950,kg
2026-09-29T10:46:43.346222+00:00,svq1,81661.2,Boquerón limpio sin cabeza,Pescado fresco,Granel,0.2,kg,1.19,5.950,kg
2026-09-29T10:46:43.346222+00:00,svq1,81704,Sepia limpia,Pescado fresco,Pieza,0.68,kg,10.17,14.950,kg
2026-09-30T10:34:15.997070+00:00,svq1,10143,Leche entera calcio Puleva,Leche y bebidas vegetales,Pack-6,6.0,l,9.54,1.590,L
2026-09-30T10:34:15.997070+00:00,svq1,10635,Leche entera calcio Puleva,Leche y bebidas vegetales,Brik,1.0,l,1.59,1.590,L
2026-09-30T10:34:15.997070+00:00,svq1,17653,"Trozos de ternera, hígado y verduras en salsa perro adulto Delikuit",Perro,Bote,1.24,kg,1.50,1.210,kg
2026-09-30T10:34:15.997070+00:00,svq1,17654,Trozos de salmón y verduras en salsa perro adulto Delikuit,Perro,Bote,1.24,kg,1.50,1.210,kg
2026-09-30T10:34:15.997070+00:00,svq1,17676,Barritas de galleta y frutos rojos Hacendado,Cereales,Caja,0.125,kg,1.55,12.400,kg
2026-09-30T10:34:15.997070+00:00,svq1,17755,Patatas fritas 0% sal añadida en aceite de oliva virgen Hacendado,Patatas fritas y snacks,Paquete,0.15,kg,1.50,10.000,kg
2026-09-30T10:34:15.997070+00:00,svq1,17770,Discos ácido salicílico Deliplus Facial Clean purificantes y seborreguladores,Cuidado e higiene facial,Bote,50.0,ud,4.00,0.080,ud
2026-09-30T10:34:15.997070+00:00,svq1,18234,Refresco Fanta naranja,Refresco de naranja y de limón,Botella,1.5,l,1.55,1.240,L
2026-09-30T10:34:15.997070+00:00,svq1,18256,Eau de parfum mujer Éclant My Soul,Perfume y colonia,Frasco,0.1,l,12.00,12.000,100 ml
2026-09-30T10:34:15.997070+00:00,svq1,2137,Flautas de pollo y queso,Aves y pollo,Bandeja,0.28,kg,2.30,8.215,kg
2026-09-30T10:34:15.997070+00:00,svq1,21660,Chorizo ibérico La Hacienda del ibérico cortado,Embutido curado,,0.13,kg,2.00,15.385,kg
2026-09-30T10:34:15.997070+00:00,svq1,2169,Flautas de bacón y queso,Cerdo,Bandeja,0.28,kg,2.30,8.215,kg
2026-09-30T10:34:15.997070+00:00,svq1,25182,Cuartos traseros de pollo congelados,Carne congelada,Paquete,2.0,kg,6.00,3.000,kg
2026-09-30T10:34:15.997070+00:00,svq1,25258,Contramuslos deshuesados y sin piel de pollo certificado alimentado con un 50% de maíz,Aves y pollo,Bandeja,0.5,kg,4.90,9.800,kg
2026-09-30T10:34:15.997070+00:00,svq1,2791,Filetes pechuga de pollo certificado alimentado con un 50% de maíz,Aves y pollo,Bandeja,0.5,kg,5.00,10.000,kg
2026-09-30T10:34:15.997070+00:00,svq1,2872,Burger de vacuno y cerdo,Hamburguesas y picadas,Bandeja,0.54,kg,4.20,7.778,kg
2026-09-30T10:34:15.997070+00:00,svq1,3026,Papaya,Fruta,Pieza,0.62,kg,3.26,5.250,kg
2026-09-30T10:34:15.997070+00:00,svq1,3050,Mango,Fruta,Pieza,0.42,kg,1.13,2.700,kg
2026-09-30T10:34:15.997070+00:00,svq1,3076,Piña,Fruta,Pieza,2.19,kg,4.38,2.000,kg
2026-09-30T10:34:15.997070+00:00,svq1,3238,Mandarina,Fruta,Pieza,0.14,kg,0.37,2.650,kg
2026-09-30T10:34:15.997070+00:00,svq1,3506,Melón piel de sapo,Fruta,Pieza,3.53,kg,4.77,1.350,kg
2026-09-30T10:34:15.997070+00:00,svq1,3515,Medio melón piel de sapo,Fruta,1/2 Pieza,1.91,kg,3.44,1.800,kg
2026-09-30T10:34:15.997070+00:00,svq1,3601,Ciruela roja,Fruta,Pieza,0.15,kg,0.53,3.500,kg
2026-09-30T10:34:15.997070+00:00,svq1,3897,Lima,Fruta,Pieza,0.09,kg,0.40,4.400,kg
2026-09-30T10:34:15.997070+00:00,svq1,47554,Protegeslip Flexiform Carefree Cotton feel regular + tanga,Higiene íntima,Caja,1.0,ud,1.90,0.064,ud
2026-09-30T10:34:15.997070+00:00,svq1,69173,Yuca,Verdura,Pieza,0.6,kg,1.98,3.300,kg
2026-09-30T10:34:15.997070+00:00,svq1,69220,Coliflor,Verdura,Pieza,0.95,kg,2.38,2.500,kg
2026-09-30T10:34:15.997070+00:00,svq1,69239,Batata,Verdura,Pieza,0.46,kg,1.17,2.550,kg
2026-09-30T10:34:15.997070+00:00,svq1,69310,Pimiento rojo,Verdura,Pieza,0.3,kg,0.75,2.500,kg
2026-09-30T10:34:15.997070+00:00,svq1,69326,Berenjena,Verdura,Pieza,0.38,kg,0.84,2.200,kg
2026-09-30T10:34:15.997070+00:00,svq1,69338,Calabacín verde,Verdura,Pieza,0.33,kg,0.63,1.900,kg
2026-09-30T10:34:15.997070+00:00,svq1,69339,Calabacín blanco,Verdura,Pieza,0.41,kg,0.90,2.200,kg
2026-09-30T10:34:15.997070+00:00,svq1,69443,Pimiento verde freír,Verdura,Pieza,0.06,kg,0.15,2.500,kg
2026-09-30T10:34:15.997070+00:00,svq1,69487,Rama de Tomates,Verdura,Granel,0.77,kg,1.85,2.400,kg
2026-09-30T10:34:15.997070+00:00,svq1,69580,Brócoli,Verdura,Pieza,0.47,kg,1.27,2.700,kg
2026-09-30T10:34:15.997070+00:00,svq1,81055.1,Corvina limpia con cabeza,Pescado fresco,Pieza,1.01,kg,11.62,11.500,kg
2026-09-30T10:34:15.997070+00:00,svq1,81055.2,Corvina abierta a la espalda con espinas y con cabeza,Pescado fresco,Pieza,1.01,kg,11.62,11.500,kg
2026-09-30T10:34:15.997070+00:00,svq1,81055.3,Corvina a filetes,Pescado fresco,Pieza,1.01,kg,11.62,11.500,kg
2026-09-30T10:34:15.997070+00:00,svq1,81234.1,Dorada limpia con cabeza,Pescado fresco,Pieza,0.54,kg,5.13,9.500,kg
2026-09-30T10:34:15.997070+00:00,svq1,81234.2,Dorada abierta a la espalda con espinas y con cabeza,Pescado fresco,Pieza,0.54,kg,5.13,9.500,kg
2026-09-30T10:34:15.997070+00:00,svq1,81234.3,Dorada sin limpiar,Pescado fresco,Pieza,0.54,kg,5.13,9.500,kg
2026-09-30T10:34:15.997070+00:00,svq1,81234.4,Dorada abierta en libro sin cabeza y sin espina,Pescado fresco,Pieza,0.54,kg,5.13,9.500,kg
2026-09-30T10:34:15.997070+00:00,svq1,81234.5,Dorada a filetes sin cabeza y sin espina,Pescado fresco,Pieza,0.54,kg,5.13,9.500,kg
2026-09-30T10:34:15.997070+00:00,svq1,81649.1,Salmón a rodajas,Pescado fresco,Pieza,2.96,kg,29.45,9.950,kg
2026-09-30T10:34:15.997070+00:00,svq1,81649.2,Salmón abierto en libro sin cabeza y sin espina,Pescado fresco,Pieza,2.96,kg,29.45,9.950,kg
2026-09-30T10:34:15.997070+00:00,svq1,81649.3,Salmón sin aletas y sin escamas,Pescado fresco,Pieza,2.96,kg,29.45,9.950,kg
2026-09-30T10:34:15.997070+00:00,svq1,81649.4,Salmón media pieza a rodajas,Pescado fresco,1/2 Pieza,1.47,kg,14.63,9.950,kg
2026-09-30T10:34:15.997070+00:00,svq1,81649.5,Salmón media pieza abierto en libro sin cabeza y sin espina,Pescado fresco,1/2 Pieza,1.47,kg,14.63,9.950,kg
2026-09-30T10:34:15.997070+00:00,svq1,81649.6,Salmón media pieza sin aletas y sin escamas,Pescado fresco,1/2 Pieza,1.47,kg,14.63,9.950,kg
2026-09-30T10:34:15.997070+00:00,svq1,81661.2,Boquerón limpio sin cabeza,Pescado fresco,Granel,0.2,kg,0.79,3.950,kg
2026-09-30T10:34:15.997070+00:00,svq1,81704,Sepia limpia,Pescado fresco,Pieza,0.69,kg,10.32,14.950,kg
2026-09-30T10:34:15.997070+00:00,svq1,86352,Compresa normal Evax Cottonlike con alas,Higiene íntima,Paquete,1.0,ud,4.35,0.136,ud
2026-09-30T10:34:15.997070+00:00,svq1,8889,Whisky escocés Grand Old Parr 12 años,Licores,Botella,1.0,l,22.00,22.000,L
2026-09-30T10:34:15.997070+00:00,svq1,92091,Pastillas enciende fuegos Bosque Verde,Menaje y conservación de alimentos,Caja,32.0,ud,1.15,0.036,ud
2026-10-01T11:02:05.775262+00:00,svq1,12055,Vino blanco Croft Twist,Vino blanco,Botella,0.75,l,7.00,9.334,L
2026-10-01T11:02:05.775262+00:00,svq1,12094,Disquitos Pintarolas de chocolate con leche coloreados,Chocolate,Paquete,0.2,kg,1.90,9.500,kg
2026-10-01T11:02:05.775262+00:00,svq1,13917,Postre de soja sabor lima limón Alpro,Postres de soja,Bote,0.4,kg,2.00,5.000,kg
2026-10-01T11:02:05.775262+00:00,svq1,14140,Galletas caramelizadas Lotus Biscoff,Galletas,Paquete,0.186,kg,1.30,6.990,kg
2026-10-01T11:02:05.775262+00:00,svq1,14934,Surtido de caramelos Diver Xuxes Hacendado,Golosinas,Paquete,0.375,kg,2.80,7.467,kg
2026-10-01T11:02:05.775262+00:00,svq1,16285,Barritas de barquillo Kit-Kat bañadas de chocolate con leche,Chocolate,Paquete,0.1245,kg,2.15,17.270,kg
2026-10-01T11:02:05.775262+00:00,svq1,16293,Compresa normal Evax Cottonlike sin alas,Higiene íntima,Paquete,1.0,ud,3.90,0.163,ud
2026-10-01T11:02:05.775262+00:00,svq1,17618,Maquinilla de afeitar recargable Gillette Labs Body + Intimate 2 hojas,Afeitado y cuidado para hombre,Caja,1.0,ud,16.90,16.900,ud
2026-10-01T11:02:05.775262+00:00,svq1,17619,Recambios maquinilla de afeitar Gillette Labs Body + Intimate,Afeitado y cuidado para hombre,Caja,1.0,ud,14.90,4.967,ud
2026-10-01T11:02:05.775262+00:00,svq1,17721,Laca cabello ultra fuerte Pantene fijación 5,Fijación cabello,Spray,0.37,l,5.10,1.379,100 ml
2026-10-01T11:02:05.775262+00:00,svq1,17724,Espuma cabello rizos definidos Pantene fijación 5,Fijación cabello,Bote,0.3,l,5.00,1.667,100 ml
2026-10-01T11:02:05.775262+00:00,svq1,18344,Queso rallado mozzarella y gouda Hacendado,"Queso lonchas, rallado y en porciones",Paquete,0.4,kg,2.40,6.000,kg
2026-10-01T11:02:05.775262+00:00,svq1,20150,Longaniza de payés extra Hacendado lonchas,Embutido curado,,0.15,kg,2.30,15.334,kg
2026-10-01T11:02:05.775262+00:00,svq1,20281,Tampones regular Tampax Pearl con aplicador,Higiene íntima,Caja,1.0,ud,4.90,0.205,ud
2026-10-01T11:02:05.775262+00:00,svq1,20288,Tampones super Tampax Pearl con aplicador,Higiene íntima,Caja,1.0,ud,4.90,0.205,ud
2026-10-01T11:02:05.775262+00:00,svq1,20290,Tampones super plus Tampax Pearl con aplicador,Higiene íntima,Caja,1.0,ud,4.90,0.205,ud
2026-10-01T11:02:05.775262+00:00,svq1,20954,Champú y acondicionador anticaspa Classic 2 en 1 H&S,Champú,Bote,0.33,l,3.40,1.031,100 ml
2026-10-01T11:02:05.775262+00:00,svq1,20955,Champú anticaspa Citrus Fresh H&S cabello graso,Champú,Bote,0.33,l,3.40,1.031,100 ml
2026-10-01T11:02:05.775262+00:00,svq1,20956,Champú anticaspa Menthol Fresh H&S,Champú,Bote,0.33,l,3.40,1.031,100 ml
2026-10-01T11:02:05.775262+00:00,svq1,21369,Postre de soja sabor mango Alpro sin azúcares añadidos,Postres de soja,Bote,0.4,kg,2.30,5.750,kg
2026-10-01T11:02:05.775262+00:00,svq1,22216,Queso rallado emmental gratinar Hacendado,"Queso lonchas, rallado y en porciones",Paquete,0.2,kg,1.60,8.000,kg
2026-10-01T11:02:05.775262+00:00,svq1,22981,Postre de coco natural Alpro sin azúcares añadidos,Postres de soja,Bote,0.35,kg,2.30,6.572,kg
2026-10-01T11:02:05.775262+00:00,svq1,25972,Medio conejo troceado,Conejo y cordero,Bandeja,0.66,kg,6.40,9.700,kg
2026-10-01T11:02:05.775262+00:00,svq1,27119,Cerveza Pilsen Cruzcampo,Cerveza,Lata,0.33,l,0.58,1.758,L
2026-10-01T11:02:05.775262+00:00,svq1,27759,Bebida Florida Sunny Delight,Refresco de té y sin gas,Botella,1.25,l,1.99,1.592,L
2026-10-01T11:02:05.775262+00:00,svq1,28032,Ginebra Dry Gin Seagram's,Licores,Botella,0.7,l,16.50,23.572,L
2026-10-01T11:02:05.775262+00:00,svq1,28381,Licor de anís dulce La Castellana,Licores,Botella,0.7,l,7.50,10.715,L
2026-10-01T11:02:05.775262+00:00,svq1,28600,Whisky DYC,Licores,Botella,0.7,l,9.95,14.215,L
2026-10-01T11:02:05.775262+00:00,svq1,28604,Whisky escocés Ballantine's,Licores,Botella,0.7,l,13.95,19.929,L
2026-10-01T11:02:05.775262+00:00,svq1,28715,Ginebra London Dry Gin Larios,Licores,Botella,1.0,l,12.20,12.200,L
2026-10-01T11:02:05.775262+00:00,svq1,28731,Ron añejo Negrita,Licores,Botella,0.7,l,8.95,12.786,L
2026-10-01T11:02:05.775262+00:00,svq1,3026,Papaya,Fruta,Pieza,0.6,kg,3.15,5.250,kg
2026-10-01T11:02:05.775262+00:00,svq1,3050,Mango,Fruta,Pieza,0.41,kg,1.11,2.700,kg
2026-10-01T11:02:05.775262+00:00,svq1,3076,Piña,Fruta,Pieza,2.23,kg,4.46,2.000,kg
2026-10-01T11:02:05.775262+00:00,svq1,3119,Pera Conferencia,Fruta,Pieza,0.19,kg,0.52,2.750,kg
2026-10-01T11:02:05.775262+00:00,svq1,3132,Plátano macho,Fruta,Pieza,0.27,kg,0.78,2.900,kg
2026-10-01T11:02:05.775262+00:00,svq1,3172,Pera Limonera,Fruta,Pieza,0.16,kg,0.45,2.800,kg
2026-10-01T11:02:05.775262+00:00,svq1,3506,Melón piel de sapo,Fruta,Pieza,3.33,kg,4.50,1.350,kg
2026-10-01T11:02:05.775262+00:00,svq1,3515,Medio melón piel de sapo,Fruta,1/2 Pieza,1.82,kg,3.28,1.800,kg
2026-10-01T11:02:05.775262+00:00,svq1,35397,Champú anticaspa Citric Ultrex cabello graso,Champú,Bote,0.36,l,2.50,0.695,100 ml
2026-10-01T11:02:05.775262+00:00,svq1,35398,Champú anticaspa Menthol Ultrex todo tipo de cabello,Champú,Bote,0.36,l,2.50,0.695,100 ml
2026-10-01T11:02:05.775262+00:00,svq1,35399,Champú y acondicionador anticaspa Classic 2 en 1 Ultrex todo tipo de cabello,Champú,Bote,0.36,l,2.50,0.695,100 ml
2026-10-01T11:02:05.775262+00:00,svq1,35612,Champú Repara & Protege Pantene cabello débil y dañado,Champú,Bote,0.3,l,3.55,1.184,100 ml
2026-10-01T11:02:05.775262+00:00,svq1,35613,Mascarilla Repara & Protege Pantene cabello dañado y seco,Acondicionador y mascarilla,Tarro,0.2,l,2.85,1.425,100 ml
2026-10-01T11:02:05.775262+00:00,svq1,35614,Ampollas tratamiento intensivo Repara & Protege Pantene cabello dañado,Acondicionador y mascarilla,Caja,0.045,l,4.25,1.417,ud
2026-10-01T11:02:05.775262+00:00,svq1,35615,Acondicionador Repara & Protege Pantene,Acondicionador y mascarilla,Bote,0.25,l,4.00,1.600,100 ml
2026-10-01T11:02:05.775262+00:00,svq1,35840,Mayonesa Hellmann's,"Mayonesa, ketchup y mostaza",Tarro,0.45,l,2.95,6.556,L
2026-10-01T11:02:05.775262+00:00,svq1,3649,Ciruela amarilla,Fruta,Pieza,0.1,kg,0.38,3.800,kg
2026-10-01T11:02:05.775262+00:00,svq1,37134,Vino tinto crianza Viña Albali DO Valdepeñas,Vino tinto,Botella,0.75,l,2.80,3.734,L
2026-10-01T11:02:05.775262+00:00,svq1,3830,Aguacate,Fruta,Pieza,0.23,kg,1.15,5.000,kg
2026-10-01T11:02:05.775262+00:00,svq1,47554,Protegeslip Flexiform Carefree Cotton feel regular + tanga,Higiene íntima,Caja,1.0,ud,1.55,0.052,ud
2026-10-01T11:02:05.775262+00:00,svq1,51630,Queso curado cheddar Hacendado,"Queso curado, semicurado y tierno",Pieza,0.3,kg,2.95,9.834,kg
2026-10-01T11:02:05.775262+00:00,svq1,52513,Postre de soja sabor natural con coco Alpro,Postres de soja,Bote,0.4,kg,2.00,5.000,kg
2026-10-01T11:02:05.775262+00:00,svq1,52615,Vela perfumada Amber Bosque Verde,Insecticida y ambientador,Caja,1.0,ud,5.50,5.500,ud
2026-10-01T11:02:05.775262+00:00,svq1,52645,Maquinilla de afeitar recargable Gillette Fusion Sport 5 hojas,Afeitado y cuidado para hombre,Caja,1.0,ud,9.60,9.600,ud
2026-10-01T11:02:05.775262+00:00,svq1,52647,Maquinilla de afeitar recargable Gillette Mach Sport 3 hojas,Afeitado y cuidado para hombre,Caja,1.0,ud,9.30,9.300,ud
2026-10-01T11:02:05.775262+00:00,svq1,52805,Perfilador de ojos Deliplus 02 marrón,Ojos,,1.0,ud,2.30,2.300,ud
2026-10-01T11:02:05.775262+00:00,svq1,5673,Horchata de chufa Hacendado,Leche y bebidas vegetales,Brik,1.0,l,1.35,1.350,L
2026-10-01T11:02:05.775262+00:00,svq1,60710,Queso lonchas emmental de vaca Hacendado,"Queso lonchas, rallado y en porciones",Paquete,0.2,kg,2.00,10.000,kg
2026-10-01T11:02:05.775262+00:00,svq1,63101,Filetes de merluza al huevo Hacendado ultracongelados,Rebozados,Paquete,0.6,kg,5.05,8.417,kg
2026-10-01T11:02:05.775262+00:00,svq1,63151,Palitos de merluza a la romana Hacendado ultracongelados,Rebozados,Paquete,0.5,kg,2.80,5.600,kg
2026-10-01T11:02:05.775262+00:00,svq1,66586,Cerveza especial Estrella Galicia,Cerveza,Pack-10,3.3,l,7.60,2.304,L
2026-10-01T11:02:05.775262+00:00,svq1,66587,Cerveza especial Estrella Galicia,Cerveza,Pack-12,3.0,l,8.16,2.720,L
2026-10-01T11:02:05.775262+00:00,svq1,67089,Cerveza Pilsen Cruzcampo,Cerveza,,5.94,l,9.90,1.667,L
2026-10-01T11:02:05.775262+00:00,svq1,69173,Yuca,Verdura,Pieza,0.64,kg,2.11,3.300,kg
2026-10-01T11:02:05.775262+00:00,svq1,69220,Coliflor,Verdura,Pieza,0.96,kg,2.40,2.500,kg
2026-10-01T11:02:05.775262+00:00,svq1,69310,Pimiento rojo,Verdura,Pieza,0.3,kg,0.87,2.900,kg
2026-10-01T11:02:05.775262+00:00,svq1,69326,Berenjena,Verdura,Pieza,0.37,kg,0.81,2.200,kg
2026-10-01T11:02:05.775262+00:00,svq1,69338,Calabacín verde,Verdura,Pieza,0.34,kg,0.65,1.900,kg
2026-10-01T11:02:05.775262+00:00,svq1,69339,Calabacín blanco,Verdura,Pieza,0.42,kg,0.92,2.200,kg
2026-10-01T11:02:05.775262+00:00,svq1,69487,Rama de Tomates,Verdura,Granel,0.76,kg,1.82,2.400,kg
2026-10-01T11:02:05.775262+00:00,svq1,69586,Zanahorias,Verdura,Paquete,1.0,kg,1.00,1.000,kg
2026-10-01T11:02:05.775262+00:00,svq1,69912,Tomate pera,Verdura,Pieza,0.11,kg,0.22,2.000,kg
2026-10-01T11:02:05.775262+00:00,svq1,69937,Tomate ensalada,Verdura,Pieza,0.22,kg,0.48,2.200,kg
2026-10-01T11:02:05.775262+00:00,svq1,73002,Maquinillas de afeitar desechables Gillette Sensor Comfort 3 hojas,Afeitado y cuidado para hombre,Paquete,1.0,ud,5.75,1.150,ud
2026-10-01T11:02:05.775262+00:00,svq1,81055.1,Corvina limpia con cabeza,Pescado fresco,Pieza,1.11,kg,12.77,11.500,kg
2026-10-01T11:02:05.775262+00:00,svq1,81055.2,Corvina abierta a la espalda con espinas y con cabeza,Pescado fresco,Pieza,1.11,kg,12.77,11.500,kg
2026-10-01T11:02:05.775262+00:00,svq1,81055.3,Corvina a filetes,Pescado fresco,Pieza,1.11,kg,12.77,11.500,kg
2026-10-01T11:02:05.775262+00:00,svq1,81100.2,Sardina limpia sin cabeza,Pescado fresco,Granel,0.2,kg,0.99,4.950,kg
2026-10-01T11:02:05.775262+00:00,svq1,81234.1,Dorada limpia con cabeza,Pescado fresco,Pieza,0.53,kg,5.04,9.500,kg
2026-10-01T11:02:05.775262+00:00,svq1,81234.2,Dorada abierta a la espalda con espinas y con cabeza,Pescado fresco,Pieza,0.53,kg,5.04,9.500,kg
2026-10-01T11:02:05.775262+00:00,svq1,81234.3,Dorada sin limpiar,Pescado fresco,Pieza,0.53,kg,5.04,9.500,kg
2026-10-01T11:02:05.775262+00:00,svq1,81234.4,Dorada abierta en libro sin cabeza y sin espina,Pescado fresco,Pieza,0.53,kg,5.04,9.500,kg
2026-10-01T11:02:05.775262+00:00,svq1,81234.5,Dorada a filetes sin cabeza y sin espina,Pescado fresco,Pieza,0.53,kg,5.04,9.500,kg
2026-10-01T11:02:05.775262+00:00,svq1,81638.1,Acedía sin cabeza y sin piel oscura,Pescado fresco,Granel,0.2,kg,2.99,14.950,kg
2026-10-01T11:02:05.775262+00:00,svq1,81638.2,Acedía sin escamas,Pescado fresco,Granel,0.2,kg,2.99,14.950,kg
2026-10-01T11:02:05.775262+00:00,svq1,81649.1,Salmón a rodajas,Pescado fresco,Pieza,2.85,kg,28.36,9.950,kg
2026-10-01T11:02:05.775262+00:00,svq1,81649.2,Salmón abierto en libro sin cabeza y sin espina,Pescado fresco,Pieza,2.85,kg,28.36,9.950,kg
2026-10-01T11:02:05.775262+00:00,svq1,81649.3,Salmón sin aletas y sin escamas,Pescado fresco,Pieza,2.85,kg,28.36,9.950,kg
2026-10-01T11:02:05.775262+00:00,svq1,81649.4,Salmón media pieza a rodajas,Pescado fresco,1/2 Pieza,1.46,kg,14.53,9.950,kg
2026-10-01T11:02:05.775262+00:00,svq1,81649.5,Salmón media pieza abierto en libro sin cabeza y sin espina,Pescado fresco,1/2 Pieza,1.46,kg,14.53,9.950,kg
2026-10-01T11:02:05.775262+00:00,svq1,81649.6,Salmón media pieza sin aletas y sin escamas,Pescado fresco,1/2 Pieza,1.46,kg,14.53,9.950,kg
2026-10-01T11:02:05.775262+00:00,svq1,81661.1,Boquerón sin limpiar,Pescado fresco,Granel,0.2,kg,1.19,5.950,kg
2026-10-01T11:02:05.775262+00:00,svq1,81661.2,Boquerón limpio sin cabeza,Pescado fresco,Granel,0.2,kg,1.19,5.950,kg
2026-10-01T11:02:05.775262+00:00,svq1,81704,Sepia limpia,Pescado fresco,Pieza,0.63,kg,9.42,14.950,kg
2026-10-01T11:02:05.775262+00:00,svq1,8179,Postre de soja sabor arándanos Alpro,Postres de soja,Bote,0.4,kg,2.00,5.000,kg
2026-10-01T11:02:05.775262+00:00,svq1,8180,Queso lonchas cheddar de vaca Hacendado,"Queso lonchas, rallado y en porciones",Paquete,0.2,kg,1.95,9.750,kg
2026-10-01T11:02:05.775262+00:00,svq1,8618,Fideos orientales Yatekomo sabor pollo Gallina Blanca,Pasta y fideos,Vaso,0.06,kg,1.65,27.500,kg
2026-10-01T11:02:05.775262+00:00,svq1,86352,Compresa normal Evax Cottonlike con alas,Higiene íntima,Paquete,1.0,ud,3.85,0.121,ud
2026-10-01T11:02:05.775262+00:00,svq1,86353,Compresa super Evax Cottonlike con alas,Higiene íntima,Paquete,1.0,ud,3.85,0.161,ud
2026-10-01T11:02:05.775262+00:00,svq1,8645,Fideos orientales Yatekomo sabor pollo Gallina Blanca,Pasta y fideos,,0.18,kg,4.10,22.778,kg
2026-10-01T11:02:05.775262+00:00,svq1,8980,Recambios cepillo dental eléctrico Oral-B Pro Precision Clean,Higiene bucal,Paquete,1.0,ud,13.50,3.375,ud
2026-10-02T10:35:10.959010+00:00,svq1,10381,Leche semidesnatada Hacendado,Leche y bebidas vegetales,,6.0,l,4.98,0.830,L
2026-10-02T10:35:10.959010+00:00,svq1,10382,Leche semidesnatada Hacendado,Leche y bebidas vegetales,Brik,1.0,l,0.83,0.830,L
2026-10-02T10:35:10.959010+00:00,svq1,10383,Leche desnatada Hacendado,Leche y bebidas vegetales,Pack-6,6.0,l,4.86,0.810,L
2026-10-02T10:35:10.959010+00:00,svq1,10384,Leche desnatada Hacendado,Leche y bebidas vegetales,Brik,1.0,l,0.81,0.810,L
2026-10-02T10:35:10.959010+00:00,svq1,12794,Filetes de caballa del sur contenido reducido en sal Hacendado en aceite de oliva,Atún y otras conservas de pescado,,0.24,kg,3.45,20.295,kg
2026-10-02T10:35:10.959010+00:00,svq1,13628,Filetes de caballa del sur en aceite de oliva Hacendado,Atún y otras conservas de pescado,Pack-2,0.24,kg,2.95,17.353,kg
2026-10-02T10:35:10.959010+00:00,svq1,13632,Filetes de caballa del sur en tomate Hacendado,Atún y otras conservas de pescado,,0.24,kg,2.85,17.379,kg
2026-10-02T10:35:10.959010+00:00,svq1,14799,Café en grano natural Hacendado,Café molido y en grano,Paquete,0.5,kg,5.00,10.000,kg
2026-10-02T10:35:10.959010+00:00,svq1,15267,Perfilador de ojos Waterproof Deliplus 109 burgundy,Ojos,,1.0,ud,3.25,3.250,ud
2026-10-02T10:35:10.959010+00:00,svq1,17797,Jamón serrano Incarlopsa lonchas,Jamón serrano,Paquete,0.05,kg,1.00,20.000,kg
2026-10-02T10:35:10.959010+00:00,svq1,17979,Bálsamo labial Color Balm Deliplus 301 perlado,Labios,,1.0,ud,4.50,4.500,ud
2026-10-02T10:35:10.959010+00:00,svq1,17980,Bálsamo labial Color Balm Deliplus 302 rosa,Labios,,1.0,ud,4.50,4.500,ud
2026-10-02T10:35:10.959010+00:00,svq1,17981,Bálsamo labial Color Balm Deliplus 303 nude beige,Labios,,1.0,ud,4.50,4.500,ud
2026-10-02T10:35:10.959010+00:00,svq1,17982,Bálsamo labial Color Balm Deliplus 304 nude rosa,Labios,,1.0,ud,4.50,4.500,ud
2026-10-02T10:35:10.959010+00:00,svq1,17983,Bálsamo labial Color Balm Deliplus 305 rojo,Labios,,1.0,ud,4.50,4.500,ud
2026-10-02T10:35:10.959010+00:00,svq1,17984,Bálsamo labial Color Balm Deliplus 306 rosa perlado,Labios,,1.0,ud,4.50,4.500,ud
2026-10-02T10:35:10.959010+00:00,svq1,18004,Máscara de pestañas Burgundy Xtrem efecto longitud infinita Deliplus borgoña,Ojos,,0.0085,l,4.50,4.500,ud
2026-10-02T10:35:10.959010+00:00,svq1,18107,Filetes de melva en aceite de oliva Hacendado,Atún y otras conservas de pescado,Lata,0.12,kg,1.90,23.750,kg
2026-10-02T10:35:10.959010+00:00,svq1,18110,Filetes de melva en aceite de girasol Hacendado,Atún y otras conservas de pescado,Pack-2,0.18,kg,2.45,18.847,kg
2026-10-02T10:35:10.959010+00:00,svq1,18114,Filetes de melva canutera con pimientos del piquillo Hacendado en aceite de oliva,Atún y otras conservas de pescado,Lata,0.09,kg,1.85,28.462,kg
2026-10-02T10:35:10.959010+00:00,svq1,18225,Sardinas en aceite de oliva Hacendado,Atún y otras conservas de pescado,Pack-2,0.234,kg,2.25,13.393,kg
2026-10-02T10:35:10.959010+00:00,svq1,18318,Filetes de caballa del sur en aceite de girasol Marinara,Atún y otras conservas de pescado,Lata,0.95,kg,9.10,14.678,kg
2026-10-02T10:35:10.959010+00:00,svq1,18480,Caldo de verduras casero Gallina blanca,Sopa y caldo,Brik,1.0,l,1.80,1.800,L
2026-10-02T10:35:10.959010+00:00,svq1,18615,Mejillones de Chile en escabeche Hacendado pequeños,Berberechos y mejillones,,0.35,kg,2.75,12.972,kg
2026-10-02T10:35:10.959010+00:00,svq1,18619,Mejillones en escabeche Hacendado pequeños,Berberechos y mejillones,Lata,0.111,kg,1.80,26.087,kg
2026-10-02T10:35:10.959010+00:00,svq1,18620,Mejillones al natural Hacendado pequeños,Berberechos y mejillones,Lata,0.111,kg,1.80,26.087,kg
2026-10-02T10:35:10.959010+00:00,svq1,18621,Mejillones picantes en escabeche Hacendado pequeños,Berberechos y mejillones,Lata,0.111,kg,1.80,26.087,kg
2026-10-02T10:35:10.959010+00:00,svq1,19924,Café en grano fuerte Hacendado,Café molido y en grano,Paquete,0.5,kg,5.00,10.000,kg
2026-10-02T10:35:10.959010+00:00,svq1,20504,Yogur griego sabor fresa Hacendado,Yogures griegos,,0.75,kg,1.55,2.067,kg
2026-10-02T10:35:10.959010+00:00,svq1,22651,Yogur griego sabor limón Hacendado,Yogures griegos,Pack-6,0.75,kg,1.55,2.067,kg
2026-10-02T10:35:10.959010+00:00,svq1,24583,Croissant relleno de cacao 32%,Bollería de horno,Pieza,0.105,kg,1.35,12.858,kg
2026-10-02T10:35:10.959010+00:00,svq1,27487,Tónica Zero Schweppes,Tónica y bitter,,2.64,l,5.60,2.122,L
2026-10-02T10:35:10.959010+00:00,svq1,27666,Tónica original Schweppes,Tónica y bitter,Pack-8,2.64,l,5.60,2.122,L
2026-10-02T10:35:10.959010+00:00,svq1,28401,Vermouth rojo Martini,Licores,Botella,1.0,l,11.00,11.000,L
2026-10-02T10:35:10.959010+00:00,svq1,3021,Manzana Granny Smith,Fruta,Pieza,0.18,kg,0.45,2.500,kg
2026-10-02T10:35:10.959010+00:00,svq1,3026,Papaya,Fruta,Pieza,0.55,kg,2.89,5.250,kg
2026-10-02T10:35:10.959010+00:00,svq1,3050,Mango,Fruta,Pieza,0.4,kg,1.08,2.700,kg
2026-10-02T10:35:10.959010+00:00,svq1,3076,Piña,Fruta,Pieza,2.19,kg,4.38,2.000,kg
2026-10-02T10:35:10.959010+00:00,svq1,3119,Pera Conferencia,Fruta,Pieza,0.18,kg,0.50,2.750,kg
2026-10-02T10:35:10.959010+00:00,svq1,3210,Limón,Fruta,Pieza,0.18,kg,0.51,2.850,kg
2026-10-02T10:35:10.959010+00:00,svq1,3238,Mandarina,Fruta,Pieza,0.15,kg,0.40,2.650,kg
2026-10-02T10:35:10.959010+00:00,svq1,3817,Chirimoya,Fruta,Pieza,0.56,kg,1.51,2.700,kg
2026-10-02T10:35:10.959010+00:00,svq1,3824,Banana,Fruta,Pieza,0.18,kg,0.28,1.550,kg
2026-10-02T10:35:10.959010+00:00,svq1,46615,Crema de manos intensiva Dove,Cuidado corporal,Bote,0.075,l,1.95,2.600,100 ml
2026-10-02T10:35:10.959010+00:00,svq1,69066,Patata,Verdura,Pieza,0.21,kg,0.40,1.900,kg
2026-10-02T10:35:10.959010+00:00,svq1,69220,Coliflor,Verdura,Pieza,0.98,kg,2.45,2.500,kg
2026-10-02T10:35:10.959010+00:00,svq1,69312,Pimiento verde,Verdura,Pieza,0.23,kg,0.64,2.800,kg
2026-10-02T10:35:10.959010+00:00,svq1,69338,Calabacín verde,Verdura,Pieza,0.36,kg,0.68,1.900,kg
2026-10-02T10:35:10.959010+00:00,svq1,69339,Calabacín blanco,Verdura,Pieza,0.43,kg,0.95,2.200,kg
2026-10-02T10:35:10.959010+00:00,svq1,69487,Rama de Tomates,Verdura,Granel,0.72,kg,1.73,2.400,kg
2026-10-02T10:35:10.959010+00:00,svq1,79427,Toallitas bebé frescas & perfumadas Deliplus,Toallitas y pañales,Paquete,80.0,ud,1.00,0.013,ud
2026-10-02T10:35:10.959010+00:00,svq1,81055.1,Corvina limpia con cabeza,Pescado fresco,Pieza,1.22,kg,14.03,11.500,kg
2026-10-02T10:35:10.959010+00:00,svq1,81055.2,Corvina abierta a la espalda con espinas y con cabeza,Pescado fresco,Pieza,1.22,kg,14.03,11.500,kg
2026-10-02T10:35:10.959010+00:00,svq1,81055.3,Corvina a filetes,Pescado fresco,Pieza,1.22,kg,14.03,11.500,kg
2026-10-02T10:35:10.959010+00:00,svq1,81200.1,Trucha abierta en libro con cabeza,Pescado fresco,Pieza,0.54,kg,4.83,8.950,kg
2026-10-02T10:35:10.959010+00:00,svq1,81200.2,Trucha abierta en libro sin cabeza y sin espina,Pescado fresco,Pieza,0.54,kg,4.83,8.950,kg
2026-10-02T10:35:10.959010+00:00,svq1,81200.3,Trucha sin aletas,Pescado fresco,Pieza,0.54,kg,4.83,8.950,kg
2026-10-02T10:35:10.959010+00:00,svq1,81234.1,Dorada limpia con cabeza,Pescado fresco,Pieza,0.5,kg,4.75,9.500,kg
2026-10-02T10:35:10.959010+00:00,svq1,81234.2,Dorada abierta a la espalda con espinas y con cabeza,Pescado fresco,Pieza,0.5,kg,4.75,9.500,kg
2026-10-02T10:35:10.959010+00:00,svq1,81234.3,Dorada sin limpiar,Pescado fresco,Pieza,0.5,kg,4.75,9.500,kg
2026-10-02T10:35:10.959010+00:00,svq1,81234.4,Dorada abierta en libro sin cabeza y sin espina,Pescado fresco,Pieza,0.5,kg,4.75,9.500,kg
2026-10-02T10:35:10.959010+00:00,svq1,81234.5,Dorada a filetes sin cabeza y sin espina,Pescado fresco,Pieza,0.5,kg,4.75,9.500,kg
2026-10-02T10:35:10.959010+00:00,svq1,81649.1,Salmón a rodajas,Pescado fresco,Pieza,2.64,kg,26.27,9.950,kg
2026-10-02T10:35:10.959010+00:00,svq1,81649.2,Salmón abierto en libro sin cabeza y sin espina,Pescado fresco,Pieza,2.64,kg,26.27,9.950,kg
2026-10-02T10:35:10.959010+00:00,svq1,81649.3,Salmón sin aletas y sin escamas,Pescado fresco,Pieza,2.64,kg,26.27,9.950,kg
2026-10-02T10:35:10.959010+00:00,svq1,81649.4,Salmón media pieza a rodajas,Pescado fresco,1/2 Pieza,1.39,kg,13.83,9.950,kg
2026-10-02T10:35:10.959010+00:00,svq1,81649.5,Salmón media pieza abierto en libro sin cabeza y sin espina,Pescado fresco,1/2 Pieza,1.39,kg,13.83,9.950,kg
2026-10-02T10:35:10.959010+00:00,svq1,81649.6,Salmón media pieza sin aletas y sin escamas,Pescado fresco,1/2 Pieza,1.39,kg,13.83,9.950,kg
2026-10-02T10:35:10.959010+00:00,svq1,81661.1,Boquerón sin limpiar,Pescado fresco,Granel,0.2,kg,0.99,4.950,kg
2026-10-02T10:35:10.959010+00:00,svq1,81661.2,Boquerón limpio sin cabeza,Pescado fresco,Granel,0.2,kg,0.99,4.950,kg
2026-10-02T10:35:10.959010+00:00,svq1,81704,Sepia limpia,Pescado fresco,Pieza,0.6,kg,8.97,14.950,kg
2026-10-03T09:55:51.581340+00:00,svq1,11715,Café molido Colombia Hacendado,Café molido y en grano,Paquete,0.25,kg,3.60,14.400,kg
2026-10-03T09:55:51.581340+00:00,svq1,13006,Cacao soluble cero ColaCao,Cacao soluble y chocolate a la taza,Bote,0.325,kg,5.40,16.616,kg
2026-10-03T09:55:51.581340+00:00,svq1,14798,Café en grano Colombia Hacendado,Café molido y en grano,Paquete,0.5,kg,6.90,13.800,kg
2026-10-03T09:55:51.581340+00:00,svq1,17670,Café en grano Brasil Hacendado,Café molido y en grano,Paquete,0.5,kg,6.90,13.800,kg
2026-10-03T09:55:51.581340+00:00,svq1,18499,Caldo de pescado con bogavante Gourmet Gallina blanca,Sopa y caldo,Brik,1.0,l,1.95,1.950,L
2026-10-03T09:55:51.581340+00:00,svq1,28600,Whisky DYC,Licores,Botella,0.7,l,8.95,12.786,L
2026-10-03T09:55:51.581340+00:00,svq1,28715,Ginebra London Dry Gin Larios,Licores,Botella,1.0,l,10.95,10.950,L
2026-10-03T09:55:51.581340+00:00,svq1,3026,Papaya,Fruta,Pieza,0.56,kg,2.94,5.250,kg
2026-10-03T09:55:51.581340+00:00,svq1,3076,Piña,Fruta,Pieza,2.09,kg,4.18,2.000,kg
2026-10-03T09:55:51.581340+00:00,svq1,3119,Pera Conferencia,Fruta,Pieza,0.19,kg,0.52,2.750,kg
2026-10-03T09:55:51.581340+00:00,svq1,3132,Plátano macho,Fruta,Pieza,0.28,kg,0.81,2.900,kg
2026-10-03T09:55:51.581340+00:00,svq1,3172,Pera Limonera,Fruta,Pieza,0.24,kg,0.67,2.800,kg
2026-10-03T09:55:51.581340+00:00,svq1,3210,Limón,Fruta,Pieza,0.17,kg,0.48,2.850,kg
2026-10-03T09:55:51.581340+00:00,svq1,3235,Naranja de mesa,Fruta,Pieza,0.37,kg,0.93,2.500,kg
2026-10-03T09:55:51.581340+00:00,svq1,3601,Ciruela roja,Fruta,Pieza,0.14,kg,0.49,3.500,kg
2026-10-03T09:55:51.581340+00:00,svq1,3897,Lima,Fruta,Pieza,0.1,kg,0.44,4.400,kg
2026-10-03T09:55:51.581340+00:00,svq1,69220,Coliflor,Verdura,Pieza,1.0,kg,2.50,2.500,kg
2026-10-03T09:55:51.581340+00:00,svq1,69239,Batata,Verdura,Pieza,0.43,kg,1.10,2.550,kg
2026-10-03T09:55:51.581340+00:00,svq1,69326,Berenjena,Verdura,Pieza,0.38,kg,0.84,2.200,kg
2026-10-03T09:55:51.581340+00:00,svq1,69338,Calabacín verde,Verdura,Pieza,0.39,kg,0.74,1.900,kg
2026-10-03T09:55:51.581340+00:00,svq1,69339,Calabacín blanco,Verdura,Pieza,0.42,kg,0.92,2.200,kg
2026-10-03T09:55:51.581340+00:00,svq1,69487,Rama de Tomates,Verdura,Granel,0.74,kg,1.78,2.400,kg
2026-10-03T09:55:51.581340+00:00,svq1,81055.1,Corvina limpia con cabeza,Pescado fresco,Pieza,1.24,kg,14.26,11.500,kg
2026-10-03T09:55:51.581340+00:00,svq1,81055.2,Corvina abierta a la espalda con espinas y con cabeza,Pescado fresco,Pieza,1.24,kg,14.26,11.500,kg
2026-10-03T09:55:51.581340+00:00,svq1,81055.3,Corvina a filetes,Pescado fresco,Pieza,1.24,kg,14.26,11.500,kg
2026-10-03T09:55:51.581340+00:00,svq1,81100.2,Sardina limpia sin cabeza,Pescado fresco,Granel,0.2,kg,1.19,5.950,kg
2026-10-03T09:55:51.581340+00:00,svq1,81234.1,Dorada limpia con cabeza,Pescado fresco,Pieza,0.49,kg,4.66,9.500,kg
2026-10-03T09:55:51.581340+00:00,svq1,81234.2,Dorada abierta a la espalda con espinas y con cabeza,Pescado fresco,Pieza,0.49,kg,4.66,9.500,kg
2026-10-03T09:55:51.581340+00:00,svq1,81234.3,Dorada sin limpiar,Pescado fresco,Pieza,0.49,kg,4.66,9.500,kg
2026-10-03T09:55:51.581340+00:00,svq1,81234.4,Dorada abierta en libro sin cabeza y sin espina,Pescado fresco,Pieza,0.49,kg,4.66,9.500,kg
2026-10-03T09:55:51.581340+00:00,svq1,81234.5,Dorada a filetes sin cabeza y sin espina,Pescado fresco,Pieza,0.49,kg,4.66,9.500,kg
2026-10-03T09:55:51.581340+00:00,svq1,81638.1,Acedía sin cabeza y sin piel oscura,Pescado fresco,Granel,0.2,kg,3.39,16.950,kg
2026-10-03T09:55:51.581340+00:00,svq1,81638.2,Acedía sin escamas,Pescado fresco,Granel,0.2,kg,3.39,16.950,kg
2026-10-03T09:55:51.581340+00:00,svq1,81649.4,Salmón media pieza a rodajas,Pescado fresco,1/2 Pieza,1.38,kg,13.73,9.950,kg
2026-10-03T09:55:51.581340+00:00,svq1,81649.5,Salmón media pieza abierto en libro sin cabeza y sin espina,Pescado fresco,1/2 Pieza,1.38,kg,13.73,9.950,kg
2026-10-03T09:55:51.581340+00:00,svq1,81649.6,Salmón media pieza sin aletas y sin escamas,Pescado fresco,1/2 Pieza,1.38,kg,13.73,9.950,kg
2026-10-03T09:55:51.581340+00:00,svq1,81704,Sepia limpia,Pescado fresco,Pieza,0.62,kg,9.27,14.950,kg
2026-10-03T09:55:51.581340+00:00,svq1,8177,Manzana roja dulce,Fruta,Pieza,0.2,kg,0.40,2.000,kg
2026-10-03T09:55:51.581340+00:00,svq1,86100,Aceitunas verdes partidas Olives Garcia,Aceitunas y encurtidos,Bote,0.815,kg,3.90,8.667,kg
2026-10-04T10:39:04.383667+00:00,svq1,17786,Pañales bebé talla 1 Deliplus de 2-4 kg,Toallitas y pañales,Paquete,48.0,ud,7.90,0.165,ud
2026-10-04T10:39:04.383667+00:00,svq1,17791,Pañales bebé talla 4 Deliplus de 10-15 kg,Toallitas y pañales,,114.0,ud,19.00,0.167,ud
2026-10-04T10:39:04.383667+00:00,svq1,17999,Sombra de ojos mate Long Lasting Multi-Stick Deliplus 11 hueso,Ojos,,1.0,ud,4.00,4.000,ud
2026-10-04T10:39:04.383667+00:00,svq1,18001,Sombra de ojos mate Long Lasting Multi-Stick Deliplus 12 marrón,Ojos,,1.0,ud,4.00,4.000,ud
2026-10-04T10:39:04.383667+00:00,svq1,18336,Mousse de chocolate Hacendado,Gelatina y otros postres,,0.24,kg,1.15,4.792,kg
2026-10-04T10:39:04.383667+00:00,svq1,3026,Papaya,Fruta,Pieza,0.6,kg,3.15,5.250,kg
2026-10-04T10:39:04.383667+00:00,svq1,3076,Piña,Fruta,Pieza,2.03,kg,4.06,2.000,kg
2026-10-04T10:39:04.383667+00:00,svq1,3132,Plátano macho,Fruta,Pieza,0.29,kg,0.84,2.900,kg
2026-10-04T10:39:04.383667+00:00,svq1,3172,Pera Limonera,Fruta,Pieza,0.23,kg,0.64,2.800,kg
2026-10-04T10:39:04.383667+00:00,svq1,3601,Ciruela roja,Fruta,Pieza,0.13,kg,0.46,3.500,kg
2026-10-04T10:39:04.383667+00:00,svq1,3817,Chirimoya,Fruta,Pieza,0.54,kg,1.46,2.700,kg
2026-10-04T10:39:04.383667+00:00,svq1,69173,Yuca,Verdura,Pieza,0.63,kg,2.08,3.300,kg
2026-10-04T10:39:04.383667+00:00,svq1,69220,Coliflor,Verdura,Pieza,1.01,kg,2.53,2.500,kg
2026-10-04T10:39:04.383667+00:00,svq1,69239,Batata,Verdura,Pieza,0.42,kg,1.07,2.550,kg
2026-10-04T10:39:04.383667+00:00,svq1,69310,Pimiento rojo,Verdura,Pieza,0.29,kg,0.84,2.900,kg
2026-10-04T10:39:04.383667+00:00,svq1,69338,Calabacín verde,Verdura,Pieza,0.4,kg,0.76,1.900,kg
2026-10-04T10:39:04.383667+00:00,svq1,69487,Rama de Tomates,Verdura,Granel,0.7,kg,1.68,2.400,kg
2026-10-04T10:39:04.383667+00:00,svq1,81200.1,Trucha abierta en libro con cabeza,Pescado fresco,Pieza,0.53,kg,4.74,8.950,kg
2026-10-04T10:39:04.383667+00:00,svq1,81200.2,Trucha abierta en libro sin cabeza y sin espina,Pescado fresco,Pieza,0.53,kg,4.74,8.950,kg
2026-10-04T10:39:04.383667+00:00,svq1,81200.3,Trucha sin aletas,Pescado fresco,Pieza,0.53,kg,4.74,8.950,kg
2026-10-04T10:39:04.383667+00:00,svq1,81234.1,Dorada limpia con cabeza,Pescado fresco,Pieza,0.52,kg,4.94,9.500,kg
2026-10-04T10:39:04.383667+00:00,svq1,81234.2,Dorada abierta a la espalda con espinas y con cabeza,Pescado fresco,Pieza,0.52,kg,4.94,9.500,kg
2026-10-04T10:39:04.383667+00:00,svq1,81234.3,Dorada sin limpiar,Pescado fresco,Pieza,0.52,kg,4.94,9.500,kg
2026-10-04T10:39:04.383667+00:00,svq1,81234.4,Dorada abierta en libro sin cabeza y sin espina,Pescado fresco,Pieza,0.52,kg,4.94,9.500,kg
2026-10-04T10:39:04.383667+00:00,svq1,81234.5,Dorada a filetes sin cabeza y sin espina,Pescado fresco,Pieza,0.52,kg,4.94,9.500,kg
2026-10-04T10:39:04.383667+00:00,svq1,81649.1,Salmón a rodajas,Pescado fresco,Pieza,2.75,kg,27.36,9.950,kg
2026-10-04T10:39:04.383667+00:00,svq1,81649.2,Salmón abierto en libro sin cabeza y sin espina,Pescado fresco,Pieza,2.75,kg,27.36,9.950,kg
2026-10-04T10:39:04.383667+00:00,svq1,81649.3,Salmón sin aletas y sin escamas,Pescado fresco,Pieza,2.75,kg,27.36,9.950,kg
2026-10-04T10:39:04.383667+00:00,svq1,81649.4,Salmón media pieza a rodajas,Pescado fresco,1/2 Pieza,1.39,kg,13.83,9.950,kg
2026-10-04T10:39:04.383667+00:00,svq1,81649.5,Salmón media pieza abierto en libro sin cabeza y sin espina,Pescado fresco,1/2 Pieza,1.39,kg,13.83,9.950,kg
2026-10-04T10:39:04.383667+00:00,svq1,81649.6,Salmón media pieza sin aletas y sin escamas,Pescado fresco,1/2 Pieza,1.39,kg,13.83,9.950,kg
2026-10-04T10:39:04.383667+00:00,svq1,81704,Sepia limpia,Pescado fresco,Pieza,0.65,kg,9.72,14.950,kg
2026-10-05T11:37:17.808611+00:00,svq1,10143,Leche entera calcio Puleva,Leche y bebidas vegetales,Pack-6,6.0,l,7.74,1.290,L
2026-10-05T11:37:17.808611+00:00,svq1,10144,Leche semidesnatada calcio Puleva,Leche y bebidas vegetales,Pack-6,6.0,l,7.74,1.290,L
2026-10-05T11:37:17.808611+00:00,svq1,10145,Leche desnatada calcio Puleva,Leche y bebidas vegetales,Pack-6,6.0,l,7.74,1.290,L
2026-10-05T11:37:17.808611+00:00,svq1,10362,Fruta + leche tropical Bifrutas,Fruta variada,,0.99,l,2.00,2.021,L
2026-10-05T11:37:17.808611+00:00,svq1,10502,Leche semidesnatada Asturiana,Leche y bebidas vegetales,Botella,1.5,l,1.67,1.114,L
2026-10-05T11:37:17.808611+00:00,svq1,10504,Leche entera Asturiana,Leche y bebidas vegetales,Pack-6,9.0,l,11.34,1.260,L
2026-10-05T11:37:17.808611+00:00,svq1,10505,Leche semidesnatada Asturiana,Leche y bebidas vegetales,Pack-6,9.0,l,10.02,1.114,L
2026-10-05T11:37:17.808611+00:00,svq1,10506,Leche entera Asturiana,Leche y bebidas vegetales,Botella,1.5,l,1.89,1.260,L
2026-10-05T11:37:17.808611+00:00,svq1,10635,Leche entera calcio Puleva,Leche y bebidas vegetales,Brik,1.0,l,1.29,1.290,L
2026-10-05T11:37:17.808611+00:00,svq1,10713,Leche semidesnatada calcio Puleva,Leche y bebidas vegetales,Brik,1.0,l,1.29,1.290,L
2026-10-05T11:37:17.808611+00:00,svq1,10813,Leche desnatada calcio Puleva,Leche y bebidas vegetales,Brik,1.0,l,1.29,1.290,L
2026-10-05T11:37:17.808611+00:00,svq1,12918,Lote infantil Minecraft,Perfume y colonia,Caja,1.0,ud,6.50,6.500,ud
2026-10-05T11:37:17.808611+00:00,svq1,13232,Surtido sushi Bento grande,Listo para Comer,Bandeja,0.31,kg,10.75,10.750,ud
2026-10-05T11:37:17.808611+00:00,svq1,13233,Surtido sushi Bento pequeño,Listo para Comer,Bandeja,0.16,kg,6.75,6.750,ud
2026-10-05T11:37:17.808611+00:00,svq1,14470,Peras Conferencia,Fruta,,1.06,kg,2.44,2.300,kg
2026-10-05T11:37:17.808611+00:00,svq1,14713,Barritas de avena y chocolate negro Crunchy Nature Valley,Cereales,Caja,0.21,kg,2.60,12.381,kg
2026-10-05T11:37:17.808611+00:00,svq1,17941,Lote 12 Makeup Essentials Express Deliplus,Colorete y polvos,,1.0,ud,14.00,14.000,ud
2026-10-05T11:37:17.808611+00:00,svq1,17942,Calendario Adviento 24 Makeup  Glam Secrets Deliplus,Labios,,1.0,ud,25.00,25.000,ud
2026-10-05T11:37:17.808611+00:00,svq1,21567,Mascarilla facial stick Facial Clean detox & iluminador,Cuidado e higiene facial,Tubo,0.04,kg,3.00,7.500,100 g
2026-10-05T11:37:17.808611+00:00,svq1,23249,Empanados vegetales con proteína de soja Tivall,Platos preparados calientes,Bandeja,0.18,kg,2.40,13.334,kg
2026-10-05T11:37:17.808611+00:00,svq1,27074,Cerveza Victoria Málaga,Cerveza,Lata,0.33,l,0.76,2.304,L
2026-10-05T11:37:17.808611+00:00,svq1,27119,Cerveza Pilsen Cruzcampo,Cerveza,Lata,0.33,l,0.57,1.728,L
2026-10-05T11:37:17.808611+00:00,svq1,27733,Gaseosa grande La Casera,Agua,,3.0,l,2.50,0.834,L
2026-10-05T11:37:17.808611+00:00,svq1,27735,Gaseosa grande La Casera,Agua,Botella,1.5,l,1.29,0.860,L
2026-10-05T11:37:17.808611+00:00,svq1,2864,Chistorra,Embutido,Paquete,0.22,kg,1.35,6.137,kg
2026-10-05T11:37:17.808611+00:00,svq1,29368,Cerveza Pilsen Cruzcampo,Cerveza,Pack-12,3.0,l,6.24,2.080,L
2026-10-05T11:37:17.808611+00:00,svq1,30006,Pechugas de pollo enteras congeladas,Carne congelada,Paquete,1.2,kg,7.32,6.100,kg
2026-10-05T11:37:17.808611+00:00,svq1,3119,Pera Conferencia,Fruta,Pieza,0.19,kg,0.48,2.500,kg
2026-10-05T11:37:17.808611+00:00,svq1,3210,Limón,Fruta,Pieza,0.17,kg,0.44,2.600,kg
2026-10-05T11:37:17.808611+00:00,svq1,3236,Limones,Fruta,Malla,1.0,kg,2.30,2.300,kg
2026-10-05T11:37:17.808611+00:00,svq1,3313,Uva blanca sin semillas,Fruta,Bandeja,0.6,kg,1.95,3.250,kg
2026-10-05T11:37:17.808611+00:00,svq1,3506,Melón piel de sapo,Fruta,Pieza,2.9,kg,3.92,1.350,kg
2026-10-05T11:37:17.808611+00:00,svq1,3515,Medio melón piel de sapo,Fruta,1/2 Pieza,1.68,kg,3.02,1.800,kg
2026-10-05T11:37:17.808611+00:00,svq1,35601,Papilla 8 cereales con miel Nestlé +6 meses,Alimentación infantil,Caja,0.725,kg,5.75,7.932,kg
2026-10-05T11:37:17.808611+00:00,svq1,35602,Papilla 8 cereales con galleta María Nestlé +6 meses,Alimentación infantil,Caja,0.725,kg,5.75,7.932,kg
2026-10-05T11:37:17.808611+00:00,svq1,3817,Chirimoya,Fruta,Pieza,0.54,kg,1.73,3.200,kg
2026-10-05T11:37:17.808611+00:00,svq1,3824,Banana,Fruta,Pieza,0.18,kg,0.22,1.250,kg
2026-10-05T11:37:17.808611+00:00,svq1,6043,Longaniza fresca sin tripa,Embutido,Bandeja,0.56,kg,3.00,5.358,kg
2026-10-05T11:37:17.808611+00:00,svq1,60748,Tinto de verano zero limón Casón Histórico,Tinto de verano y sangría,Botella,1.5,l,1.15,0.767,L
2026-10-05T11:37:17.808611+00:00,svq1,62048,Preparado de paella y sopa Hacendado ultracongelado,Marisco,Paquete,,kg,4.50,6.570,kg
2026-10-05T11:37:17.808611+00:00,svq1,66358,Cerveza Victoria Málaga,Cerveza,,3.96,l,8.88,2.243,L
2026-10-05T11:37:17.808611+00:00,svq1,67041,Cerveza Pilsen Cruzcampo,Cerveza,Pack-6,6.0,l,9.54,1.590,L
2026-10-05T11:37:17.808611+00:00,svq1,67042,Cerveza Pilsen Cruzcampo,Cerveza,Botella,1.0,l,1.59,1.590,L
2026-10-05T11:37:17.808611+00:00,svq1,67089,Cerveza Pilsen Cruzcampo,Cerveza,,5.94,l,9.72,1.637,L
2026-10-05T11:37:17.808611+00:00,svq1,67818,Tinto de verano limón Casón Histórico,Tinto de verano y sangría,Botella,1.5,l,1.15,0.767,L
2026-10-05T11:37:17.808611+00:00,svq1,69744,Ensalada mezcla gourmet lavada,Lechuga y ensalada preparada,Paquete,0.175,kg,1.30,7.429,kg
2026-10-05T11:37:17.808611+00:00,svq1,69840,Ensalada mezcla tierna lavada,Lechuga y ensalada preparada,Paquete,0.15,kg,1.45,9.667,kg
2026-10-05T11:37:17.808611+00:00,svq1,69877,Palitos de zanahoria,Verdura,Tarrina,0.18,kg,2.25,12.500,kg
2026-10-05T11:37:17.808611+00:00,svq1,81638.1,Acedía sin cabeza y sin piel oscura,Pescado fresco,Granel,0.2,kg,2.79,13.950,kg
2026-10-05T11:37:17.808611+00:00,svq1,81638.2,Acedía sin escamas,Pescado fresco,Granel,0.2,kg,2.79,13.950,kg
2026-10-05T11:37:17.808611+00:00,svq1,8175,Manzana roja acidulce,Fruta,Pieza,0.27,kg,0.65,2.400,kg
2026-10-05T11:37:17.808611+00:00,svq1,8268,Manzanas rojas acidulces,Fruta,,1.61,kg,3.38,2.100,kg
2026-10-05T11:37:17.808611+00:00,svq1,9445,Barritas con proteínas sabor coco y chocolate Enervit Sport,Cereales,Caja,0.12,kg,3.60,30.000,kg
2026-10-05T11:37:17.808611+00:00,svq1,9826,Cerveza especial Mahou,Cerveza,,3.3,l,8.40,2.546,L
